
SET FOREIGN_KEY_CHECKS=0;

-- ----------------------------
-- Table structure for `db_account`
-- ----------------------------
DROP TABLE IF EXISTS `db_account`;
CREATE TABLE `db_account` (
  `id` int(11) unsigned NOT NULL AUTO_INCREMENT COMMENT '账户余额使用记录表',
  `user_id` int(11) DEFAULT NULL COMMENT '用户id',
  `quota` double(11,2) DEFAULT NULL COMMENT '额度',
  `type` tinyint(1) DEFAULT '0' COMMENT '0：支出    1：充值',
  `info` varchar(50) DEFAULT NULL COMMENT '注释',
  `create_time` int(11) DEFAULT NULL COMMENT '时间',
  `orders_num` varchar(100) DEFAULT NULL COMMENT '订单号',
  `pay_status` tinyint(1) DEFAULT NULL COMMENT '支付状态 :0未支付 1：已支付',
  `pay_time` int(11) DEFAULT NULL COMMENT '支付时间',
  PRIMARY KEY (`id`)
) ENGINE=InnoDB  DEFAULT CHARSET=utf8;

-- ----------------------------
-- Records of db_account
-- ----------------------------
INSERT INTO `db_account` VALUES ('1', '10000186', '1231.00', '0', '我是小明', '123456789', null, '1', null);
INSERT INTO `db_account` VALUES ('2', '10000186', '112.00', '1', '小明玩游戏充值', '545416541', null, '1', null);
INSERT INTO `db_account` VALUES ('3', '10000186', '0.00', '0', null, null, null, '1', null);
INSERT INTO `db_account` VALUES ('4', '10000186', '0.00', '0', null, null, null, '1', null);
INSERT INTO `db_account` VALUES ('5', '10000186', '0.00', '0', null, null, null, '1', null);
INSERT INTO `db_account` VALUES ('6', '10000186', '0.00', '0', null, null, null, '1', null);
INSERT INTO `db_account` VALUES ('7', '10000186', '0.00', '0', null, null, null, '1', null);
INSERT INTO `db_account` VALUES ('8', '10000186', '0.00', '0', null, null, null, '1', null);
INSERT INTO `db_account` VALUES ('9', '10000186', '0.00', '0', null, null, null, '1', null);
INSERT INTO `db_account` VALUES ('10', '10000186', '0.00', '0', null, null, null, '1', null);
INSERT INTO `db_account` VALUES ('11', '10000186', '0.00', '0', null, null, null, '1', null);
INSERT INTO `db_account` VALUES ('12', '10000186', '0.00', '0', null, null, null, '1', null);
INSERT INTO `db_account` VALUES ('13', '10000186', '0.00', '0', null, null, null, '1', null);
INSERT INTO `db_account` VALUES ('14', '10000186', '0.00', '0', null, null, null, '1', null);
INSERT INTO `db_account` VALUES ('15', '10000186', '0.00', '0', null, null, null, null, null);
INSERT INTO `db_account` VALUES ('16', '10000191', '40.00', '1', null, '1469255190', 'haui1469255190319824', null, null);
INSERT INTO `db_account` VALUES ('17', '10000191', '50.00', '1', null, '1469256753', 'haui1469256753326551', null, null);
INSERT INTO `db_account` VALUES ('18', '10000191', '0.01', '1', null, '1469259064', 'haui1469259063540445', null, null);
INSERT INTO `db_account` VALUES ('19', '10000191', '0.01', '1', null, '1469259144', 'haui1469259144430257', null, null);
INSERT INTO `db_account` VALUES ('20', '10000191', '0.01', '1', null, '1469259842', 'haui1469259769366400', '1', '1469261830');
INSERT INTO `db_account` VALUES ('21', '10000191', '0.01', '1', null, '1469260134', 'haui1469260134779106', '1', '1469260396');
INSERT INTO `db_account` VALUES ('22', '10000191', '0.01', '1', null, '1469260316', 'haui1469260316613145', '1', '1469260325');
INSERT INTO `db_account` VALUES ('23', '10000191', '0.01', '1', null, '1469260389', 'haui1469260389946017', '1', '1469260398');
INSERT INTO `db_account` VALUES ('24', '10000191', '0.01', '1', null, '1469260496', 'haui1469260496904351', '1', '1469260505');
INSERT INTO `db_account` VALUES ('25', '10000001', '1.00', '1', null, '1469279190', 'haui1469279190236762', null, null);
INSERT INTO `db_account` VALUES ('26', '10000001', '10.00', '1', null, '1469291982', 'haui1469291982559109', null, null);
INSERT INTO `db_account` VALUES ('27', '10000191', '0.01', '1', null, '1469346276', 'haui1469346276766493', '1', '1469346291');
INSERT INTO `db_account` VALUES ('28', '10000191', '0.01', '1', null, '1469346354', 'haui1469346354733100', '1', '1469346371');
INSERT INTO `db_account` VALUES ('29', '10000189', '0.01', '1', null, '1469349887', 'haui1469349887695556', null, null);
INSERT INTO `db_account` VALUES ('30', '10000189', '0.01', '1', null, '1469355938', 'haui1469355938660291', null, null);
INSERT INTO `db_account` VALUES ('31', '10000189', '0.01', '1', null, '1469355979', 'haui1469355979570583', null, null);
INSERT INTO `db_account` VALUES ('32', '10000189', '0.01', '1', null, '1469356015', 'haui1469356015507432', null, null);
INSERT INTO `db_account` VALUES ('33', '10000138', '100.00', '1', null, '1470124527', 'haui1470124527487467', null, null);
INSERT INTO `db_account` VALUES ('34', '10000112', '500.00', '1', null, '1470377054', 'haui1470377054524820', '1', '1470377065');

-- ----------------------------
-- Table structure for `db_ad`
-- ----------------------------
DROP TABLE IF EXISTS `db_ad`;
CREATE TABLE `db_ad` (
  `id` int(11) NOT NULL AUTO_INCREMENT,
  `title` varchar(20) DEFAULT NULL COMMENT '广告标题',
  `ad_link` varchar(100) DEFAULT NULL COMMENT '广告链接',
  `pic_url` varchar(50) DEFAULT NULL COMMENT '图片路径',
  `create_time` int(11) DEFAULT NULL,
  `sort_num` tinyint(4) NOT NULL DEFAULT '50',
  `ad_space_id` int(11) DEFAULT NULL,
  `update_time` int(11) DEFAULT NULL,
  `isshow` tinyint(4) DEFAULT '0' COMMENT '0为pc   1为手机',
  `color_val` varchar(8) DEFAULT NULL COMMENT '颜色值',
  `type` tinyint(1) DEFAULT NULL COMMENT '1: pc端   2：旅游已经废弃  3：会员专区   4：合伙人专区',
  PRIMARY KEY (`id`)
) ENGINE=MyISAM  DEFAULT CHARSET=utf8;

-- ----------------------------
-- Records of db_ad
-- ----------------------------
-- ----------------------------
-- Records of db_ad
-- ----------------------------
INSERT INTO `db_ad` VALUES ('1', 'banner1', '###', '/Uploads/ad/2016-12-31/58672d4183991.png', '1466773704', '3', '1', '1476409962', '0', '#f8f7d1', '1');
INSERT INTO `db_ad` VALUES ('2', 'banner2', '###', '/Uploads/ad/2016-12-31/58672d4183991.png', '1466773723', '4', '1', '1476410746', '0', '#f03a51', '1');
INSERT INTO `db_ad` VALUES ('30', 'top', '###', '/Uploads/ad/2016-12-31/58672d4183991.png', '1469419285', '1', '10', '1483156801', '0', '', '1');
INSERT INTO `db_ad` VALUES ('31', '西藏溯源之旅', '###', '/Uploads/ad/2016-12-31/58672d4183991.png', '1466956986', '7', '11', '1471850304', '0', '#d7d8dc', '1');
INSERT INTO `db_ad` VALUES ('32', '美国东西海岸', '###', '/Uploads/ad/2016-12-31/58672d4183991.png', '1466957012', '6', '11', '1475995146', '0', '#e6f5fc', '1');
INSERT INTO `db_ad` VALUES ('59', '微信', '###', '/Uploads/ad/2016-12-31/58672d4183991.png', '1468053610', '3', '16', '1470972446', '1', '', '5');
INSERT INTO `db_ad` VALUES ('61', '商品', '###', '/Uploads/ad/2016-12-31/58672d4183991.png', '1468126826', '50', '20', '1471075795', '1', '', '5');
INSERT INTO `db_ad` VALUES ('70', 'top_s', '###', '/Uploads/ad/2016-12-31/58672d4183991.png', '1468421064', '2', '28', '1476671004', '0', '', '1');
INSERT INTO `db_ad` VALUES ('71', '广告1', '###', '/Uploads/ad/2016-12-31/58672d4183991.png', '1469876010', '50', '30', '1475995542', '0', '', '1');
INSERT INTO `db_ad` VALUES ('72', '广告2', '###', '/Uploads/ad/2016-12-31/58672d4183991.png', '1469876037', '50', '30', '1476411533', '0', '', '1');
INSERT INTO `db_ad` VALUES ('73', '广告3', '###', '/Uploads/ad/2016-12-31/58672d4183991.png', '1469876055', '50', '30', '1471334740', '0', '', '1');
INSERT INTO `db_ad` VALUES ('74', '广告4', '###', '/Uploads/ad/2016-12-31/58672d4183991.png', '1469876080', '50', '30', '1476411657', '0', '', '1');
INSERT INTO `db_ad` VALUES ('75', '广告5', '###', '/Uploads/ad/2016-12-31/58672d4183991.png', '1469876102', '50', '30', '1476411620', '0', '', '1');
INSERT INTO `db_ad` VALUES ('77', '锅具', '###', '/Uploads/ad/2016-12-31/58672d4183991.png', '1470017688', '50', '1', '1476411603', '0', '#90c3f8', '1');
INSERT INTO `db_ad` VALUES ('78', '手机商城首页左上', '###', '/Uploads/ad/2016-12-31/58672d4183991.png', '1470118575', '50', '33', '1471230258', '0', '', '5');
INSERT INTO `db_ad` VALUES ('79', '手机商城首页右上', '###', '/Uploads/ad/2016-12-31/58672d4183991.png', '1470118611', '50', '33', '1470816097', '0', '', '5');
INSERT INTO `db_ad` VALUES ('80', '手机商城首页左下', '###', '/Uploads/ad/2016-12-31/58672d4183991.png', '1470118651', '50', '33', '1471230294', '0', '', '5');
INSERT INTO `db_ad` VALUES ('81', '手机商城首页右下', '###', '/Uploads/ad/2016-12-31/58672d4183991.png', '1470118674', '50', '33', '1471230417', '0', '', '5');
INSERT INTO `db_ad` VALUES ('87', '母婴广告', '###', '/Uploads/ad/2016-12-31/58672d4183991.png', '1470967770', '50', '20', '1470967960', '1', '', '5');
INSERT INTO `db_ad` VALUES ('89', '嘎哈', '###', '/Uploads/ad/2016-12-31/58674145e9986.jpg', '1483161926', '50', '1', null, '0', '#555', '1');

-- ----------------------------
-- Table structure for `db_admin`
-- ----------------------------
DROP TABLE IF EXISTS `db_admin`;
CREATE TABLE `db_admin` (
  `id` smallint(5) unsigned NOT NULL AUTO_INCREMENT COMMENT '管理员ID',
  `account` varchar(32) DEFAULT NULL COMMENT '管理员账号',
  `password` varchar(36) DEFAULT NULL COMMENT '管理员密码',
  `login_time` int(11) DEFAULT NULL COMMENT '最后登录时间',
  `login_count` mediumint(8) NOT NULL COMMENT '登录次数',
  `status` tinyint(1) NOT NULL DEFAULT '1' COMMENT '账户状态，禁用为0   启用为1',
  `group_id` int(11) DEFAULT NULL COMMENT '所属分组的ID',
  `create_time` int(11) NOT NULL COMMENT '创建时间',
  PRIMARY KEY (`id`)
) ENGINE=InnoDB  DEFAULT CHARSET=utf8;

-- ----------------------------
-- Records of db_admin
-- ----------------------------

-- ----------------------------
-- Table structure for `db_ad_space`
-- ----------------------------
DROP TABLE IF EXISTS `db_ad_space`;
CREATE TABLE `db_ad_space` (
  `id` int(11) NOT NULL AUTO_INCREMENT,
  `name` varchar(20) DEFAULT NULL,
  `create_time` int(11) DEFAULT NULL,
  `update_time` int(11) DEFAULT NULL,
  `width` int(11) DEFAULT NULL,
  `height` int(11) DEFAULT NULL,
  `remark` varchar(50) DEFAULT NULL,
  `type` tinyint(1) DEFAULT NULL COMMENT '1: pc端   2：旅游 已经废弃  3：会员专区   4：合伙人专区',
  PRIMARY KEY (`id`)
) ENGINE=InnoDB  DEFAULT CHARSET=utf8;

-- ----------------------------
-- Records of db_ad_space
-- ----------------------------
INSERT INTO `db_ad_space` VALUES ('1', 'pc首页banner广告', '1466771913', '1471312160', '750', '466', '', '4');
INSERT INTO `db_ad_space` VALUES ('2', 'pc首页 广告1', '1466771968', '1469385870', '250', '174', '', null);
INSERT INTO `db_ad_space` VALUES ('3', 'pc首页 广告2', '1466772038', '1469385881', '0', '0', '', null);
INSERT INTO `db_ad_space` VALUES ('4', 'pc首页 广告3', '1466772062', '1469385888', '0', '0', '', null);
INSERT INTO `db_ad_space` VALUES ('5', 'pc首页 广告4', '1466772097', '1469385895', '0', '0', '', null);
INSERT INTO `db_ad_space` VALUES ('10', 'PC首页顶部广告图', '1469419237', '1467769275', '1583', '281', '', null);
INSERT INTO `db_ad_space` VALUES ('16', '微信首页banner', '1467127866', '1468049394', '720', '347', '', null);
INSERT INTO `db_ad_space` VALUES ('18', '微信会员首页banner', '1468051710', null, '720', '347', null, null);
INSERT INTO `db_ad_space` VALUES ('20', '微信商品首页center', '1468126794', null, '720', '347', null, null);
INSERT INTO `db_ad_space` VALUES ('21', '微信商品首页footer', '1468126849', null, '720', '347', null, null);
INSERT INTO `db_ad_space` VALUES ('24', '微信会员首页center', '1468128524', null, '0', '0', null, null);
INSERT INTO `db_ad_space` VALUES ('25', '微信会员首页footer', '1468128541', null, '0', '0', null, null);
INSERT INTO `db_ad_space` VALUES ('28', '首页顶部广告小图', '1468420970', '1468834292', '1600', '75', '', null);
INSERT INTO `db_ad_space` VALUES ('30', '商城首页五个广告', '1469875853', null, '1210', '400', null, '1');
INSERT INTO `db_ad_space` VALUES ('33', '手机首页热销商品广告位', '1470118400', '1470145240', '100', '100', null, '1');
INSERT INTO `db_ad_space` VALUES ('34', '手机首页推荐线路广告位', '1470144065', '1470145203', '100', '100', null, '5');

-- ----------------------------
-- Table structure for `db_article`
-- ----------------------------
DROP TABLE IF EXISTS `db_article`;
CREATE TABLE `db_article` (
  `id` int(11) NOT NULL AUTO_INCREMENT COMMENT '文章ID',
  `title` varchar(50) DEFAULT NULL COMMENT '文章标题',
  `content` text COMMENT '文章内容',
  `create_time` int(11) DEFAULT NULL COMMENT '创建时间',
  `keyword` varchar(100) DEFAULT '' COMMENT '专题标签',
  `description` varchar(200) DEFAULT NULL COMMENT '简介',
  `pic_url` varchar(50) DEFAULT NULL COMMENT '代表图片',
  `update_time` int(11) DEFAULT NULL COMMENT '最后一次编辑时间',
  `sort_num` mediumint(9) NOT NULL DEFAULT '50',
  PRIMARY KEY (`id`)
) ENGINE=InnoDB  DEFAULT CHARSET=utf8;

-- ----------------------------
-- Records of db_article
-- ----------------------------
INSERT INTO `db_article` VALUES ('', '净水器+空气净化器组合套装', '<h3 class=\"black size21\" style=\"margin: 0px; padding: 0px; font-size: 20px; color: rgb(51, 51, 51); font-family: 微软雅黑; white-space: normal; background-color: rgb(255, 255, 255);\"><a href=\"/index.php/Home/Index/goods_details.html?id=665\" target=\"_blank\"净水器+空气净化器组合套装</a></h3><p><br/></p><p><br/></p><p>高端定制，五层过滤系统！</p><p><br/></p><p>整机精美工艺！</p><p><br/></p><p>净水安全卫士！<br/></p><p><img src=\"/ueditor/php/upload/image/20160729/1469791288637429.jpg\" alt=\"4详情页.jpg\"/></p><p><img src=\"/ueditor/php/upload/image/20160729/1469791491394730.gif\" alt=\"12.gif\"/></p><p><br/></p>', '1469946754', '净水器 净化器 空气净化器', '净水器+空气净化器组合套装', '2016-08-01/579e4dedbd3c9.png', '1469992429', '50');
INSERT INTO `db_article` VALUES ('', '净水器+空气净化器组合套装', '<h3 class=\"black size21\" style=\"margin: 0px; padding: 0px; font-size: 20px; color: rgb(51, 51, 51); font-family: 微软雅黑; white-space: normal; background-color: rgb(255, 255, 255);\"><a href=\"/index.php/Home/Index/goods_details.html?id=665\" target=\"_blank\"净水器+空气净化器组合套装</a></h3><p><br/></p><p><br/></p><p>高端定制，五层过滤系统！</p><p><br/></p><p>整机精美工艺！</p><p><br/></p><p>净水安全卫士！<br/></p><p><img src=\"/ueditor/php/upload/image/20160729/1469791288637429.jpg\" alt=\"4详情页.jpg\"/></p><p><img src=\"/ueditor/php/upload/image/20160729/1469791491394730.gif\" alt=\"12.gif\"/></p><p><br/></p>', '1469946754', '净水器 净化器 空气净化器', '净水器+空气净化器组合套装', '2016-08-01/579e4dedbd3c9.png', '1469992429', '50');
INSERT INTO `db_article` VALUES ('', '净水器+空气净化器组合套装', '<h3 class=\"black size21\" style=\"margin: 0px; padding: 0px; font-size: 20px; color: rgb(51, 51, 51); font-family: 微软雅黑; white-space: normal; background-color: rgb(255, 255, 255);\"><a href=\"/index.php/Home/Index/goods_details.html?id=665\" target=\"_blank\"净水器+空气净化器组合套装</a></h3><p><br/></p><p><br/></p><p>高端定制，五层过滤系统！</p><p><br/></p><p>整机精美工艺！</p><p><br/></p><p>净水安全卫士！<br/></p><p><img src=\"/ueditor/php/upload/image/20160729/1469791288637429.jpg\" alt=\"4详情页.jpg\"/></p><p><img src=\"/ueditor/php/upload/image/20160729/1469791491394730.gif\" alt=\"12.gif\"/></p><p><br/></p>', '1469946754', '净水器 净化器 空气净化器', '净水器+空气净化器组合套装', '2016-08-01/579e4dedbd3c9.png', '1469992429', '50');
INSERT INTO `db_article` VALUES ('', '净水器+空气净化器组合套装', '<h3 class=\"black size21\" style=\"margin: 0px; padding: 0px; font-size: 20px; color: rgb(51, 51, 51); font-family: 微软雅黑; white-space: normal; background-color: rgb(255, 255, 255);\"><a href=\"/index.php/Home/Index/goods_details.html?id=665\" target=\"_blank\"净水器+空气净化器组合套装</a></h3><p><br/></p><p><br/></p><p>高端定制，五层过滤系统！</p><p><br/></p><p>整机精美工艺！</p><p><br/></p><p>净水安全卫士！<br/></p><p><img src=\"/ueditor/php/upload/image/20160729/1469791288637429.jpg\" alt=\"4详情页.jpg\"/></p><p><img src=\"/ueditor/php/upload/image/20160729/1469791491394730.gif\" alt=\"12.gif\"/></p><p><br/></p>', '1469946754', '净水器 净化器 空气净化器', '净水器+空气净化器组合套装', '2016-08-01/579e4dedbd3c9.png', '1469992429', '50');
INSERT INTO `db_article` VALUES ('', '净水器+空气净化器组合套装', '<h3 class=\"black size21\" style=\"margin: 0px; padding: 0px; font-size: 20px; color: rgb(51, 51, 51); font-family: 微软雅黑; white-space: normal; background-color: rgb(255, 255, 255);\"><a href=\"/index.php/Home/Index/goods_details.html?id=665\" target=\"_blank\"净水器+空气净化器组合套装</a></h3><p><br/></p><p><br/></p><p>高端定制，五层过滤系统！</p><p><br/></p><p>整机精美工艺！</p><p><br/></p><p>净水安全卫士！<br/></p><p><img src=\"/ueditor/php/upload/image/20160729/1469791288637429.jpg\" abs="c2hvcFNOIOiRl+S9nOadg+WxnuS6juS4iua1t+S6v+mAn+e9kee7nOenkeaKgOaciemZkOWFrOWPuO+8jOWmguacquaOiOadg++8jOWIoOmZpOW6lemDqOi/nuaOpeinhuS4uuebl+eJiOS+teadg+OAgg==" alt=\"4详情页.jpg\"/></p><p><img src=\"/ueditor/php/upload/image/20160729/1469791491394730.gif\" alt=\"12.gif\"/></p><p><br/></p>', '1469946754', '净水器 净化器 空气净化器', '净水器+空气净化器组合套装', '2016-08-01/579e4dedbd3c9.png', '1469992429', '50');
INSERT INTO `db_article` VALUES ('', '净水器+空气净化器组合套装', '<h3 class=\"black size21\" style=\"margin: 0px; padding: 0px; font-size: 20px; color: rgb(51, 51, 51); font-family: 微软雅黑; white-space: normal; background-color: rgb(255, 255, 255);\"><a href=\"/index.php/Home/Index/goods_details.html?id=665\" target=\"_blank\"净水器+空气净化器组合套装</a></h3><p><br/></p><p><br/></p><p>高端定制，五层过滤系统！</p><p><br/></p><p>整机精美工艺！</p><p><br/></p><p>净水安全卫士！<br/></p><p><img src=\"/ueditor/php/upload/image/20160729/1469791288637429.jpg\" alt=\"4详情页.jpg\"/></p><p><img src=\"/ueditor/php/upload/image/20160729/1469791491394730.gif\" alt=\"12.gif\"/></p><p><br/></p>', '1469946754', '净水器 净化器 空气净化器', '净水器+空气净化器组合套装', '2016-08-01/579e4dedbd3c9.png', '1469992429', '50');
INSERT INTO `db_article` VALUES ('', '净水器+空气净化器组合套装', '<h3 class=\"black size21\" style=\"margin: 0px; padding: 0px; font-size: 20px; color: rgb(51, 51, 51); font-family: 微软雅黑; white-space: normal; background-color: rgb(255, 255, 255);\"><a href=\"/index.php/Home/Index/goods_details.html?id=665\" target=\"_blank\"净水器+空气净化器组合套装</a></h3><p><br/></p><p><br/></p><p>高端定制，五层过滤系统！</p><p><br/></p><p>整机精美工艺！</p><p><br/></p><p>净水安全卫士！<br/></p><p><img src=\"/ueditor/php/upload/image/20160729/1469791288637429.jpg\" alt=\"4详情页.jpg\"/></p><p><img src=\"/ueditor/php/upload/image/20160729/1469791491394730.gif\" alt=\"12.gif\"/></p><p><br/></p>', '1469946754', '净水器 净化器 空气净化器', '净水器+空气净化器组合套装', '2016-08-01/579e4dedbd3c9.png', '1469992429', '50');
INSERT INTO `db_article` VALUES ('', '净水器+空气净化器组合套装', '<h3 class=\"black size21\" style=\"margin: 0px; padding: 0px; font-size: 20px; color: rgb(51, 51, 51); font-family: 微软雅黑; white-space: normal; background-color: rgb(255, 255, 255);\"><a href=\"/index.php/Home/Index/goods_details.html?id=665\" target=\"_blank\"净水器+空气净化器组合套装</a></h3><p><br/></p><p><br/></p><p>高端定制，五层过滤系统！</p><p><br/></p><p>整机精美工艺！</p><p><br/></p><p>净水安全卫士！<br/></p><p><img src=\"/ueditor/php/upload/image/20160729/1469791288637429.jpg\" alt=\"4详情页.jpg\"/></p><p><img src=\"/ueditor/php/upload/image/20160729/1469791491394730.gif\" alt=\"12.gif\"/></p><p><br/></p>', '1469946754', '净水器 净化器 空气净化器', '净水器+空气净化器组合套装', '2016-08-01/579e4dedbd3c9.png', '1469992429', '50');

-- ----------------------------
-- Table structure for `db_auth_group`
-- ----------------------------
DROP TABLE IF EXISTS `db_auth_group`;
CREATE TABLE `db_auth_group` (
  `id` smallint(5) unsigned NOT NULL AUTO_INCREMENT,
  `title` char(100) NOT NULL DEFAULT '',
  `status` tinyint(1) NOT NULL DEFAULT '1',
  `rules` char(80) NOT NULL DEFAULT '',
  `create_time` int(11) DEFAULT NULL COMMENT '创建时间',
  PRIMARY KEY (`id`)
) ENGINE=MyISAM  DEFAULT CHARSET=utf8;

-- ----------------------------
-- Records of db_auth_group
-- ----------------------------
INSERT INTO `db_auth_group` VALUES ('30', '超级管理组', '1', '1,2,3,4,5,6,7,9,68,55,69,71,106,14,15,16,104,105,19,26,63,64,74,73,77,78,79,80,2', '1445158837');
INSERT INTO `db_auth_group` VALUES ('51', '商品及广告管理员', '1', '5,6,7,9,68,67,55,72,69,71,14,15,16,104,105,40,42,41,102,103', '1468505751');
INSERT INTO `db_auth_group` VALUES ('56', '商城美工', '1', '5,6,7,9,68,55,69,71,106,14,15,16,104,105,19,26,63,74,79,80,21,22,35,40,42,41,102', '1471402371');
INSERT INTO `db_auth_group` VALUES ('57', '财务', '1', '5,6,63,21,22,31,35,81,93,95,99,82,84,86', '1472541490');

-- ----------------------------
-- Table structure for `db_auth_group_access`
-- ----------------------------
DROP TABLE IF EXISTS `db_auth_group_access`;
CREATE TABLE `db_auth_group_access` (
  `uid` smallint(5) unsigned NOT NULL,
  `group_id` smallint(5) unsigned NOT NULL,
  UNIQUE KEY `uid_group_id` (`uid`,`group_id`),
  KEY `uid` (`uid`),
  KEY `group_id` (`group_id`)
) ENGINE=MyISAM DEFAULT CHARSET=utf8;

-- ----------------------------
-- Records of db_auth_group_access
-- ----------------------------
INSERT INTO `db_auth_group_access` VALUES ('1', '30');
INSERT INTO `db_auth_group_access` VALUES ('2', '50');
INSERT INTO `db_auth_group_access` VALUES ('3', '50');
INSERT INTO `db_auth_group_access` VALUES ('4', '50');
INSERT INTO `db_auth_group_access` VALUES ('5', '51');
INSERT INTO `db_auth_group_access` VALUES ('6', '52');
INSERT INTO `db_auth_group_access` VALUES ('7', '50');
INSERT INTO `db_auth_group_access` VALUES ('9', '50');
INSERT INTO `db_auth_group_access` VALUES ('10', '50');
INSERT INTO `db_auth_group_access` VALUES ('11', '56');
INSERT INTO `db_auth_group_access` VALUES ('12', '56');
INSERT INTO `db_auth_group_access` VALUES ('13', '56');
INSERT INTO `db_auth_group_access` VALUES ('14', '53');
INSERT INTO `db_auth_group_access` VALUES ('15', '53');
INSERT INTO `db_auth_group_access` VALUES ('16', '55');
INSERT INTO `db_auth_group_access` VALUES ('17', '55');
INSERT INTO `db_auth_group_access` VALUES ('18', '56');
INSERT INTO `db_auth_group_access` VALUES ('21', '57');

-- ----------------------------
-- Table structure for `db_auth_rule`
-- ----------------------------
DROP TABLE IF EXISTS `db_auth_rule`;
CREATE TABLE `db_auth_rule` (
  `id` smallint(6) NOT NULL AUTO_INCREMENT,
  `name` varchar(80) NOT NULL DEFAULT '',
  `title` varchar(20) NOT NULL DEFAULT '',
  `type` tinyint(1) NOT NULL DEFAULT '1',
  `status` tinyint(1) NOT NULL DEFAULT '1' COMMENT '状态',
  `condition` char(100) NOT NULL DEFAULT '',
  `pid` smallint(5) NOT NULL COMMENT '父级ID',
  `sort` tinyint(4) NOT NULL DEFAULT '50' COMMENT '排序',
  `create_time` int(11) NOT NULL COMMENT '创建时间',
  `update_time` int(11) DEFAULT NULL,
  `remark` varchar(30) DEFAULT NULL COMMENT '备注',
  `xianshi` enum('0','1') NOT NULL DEFAULT '0',
  `fid` enum('1','2') NOT NULL DEFAULT '2' COMMENT '1在前  2在后',
  PRIMARY KEY (`id`),
  UNIQUE KEY `name` (`name`)
) ENGINE=MyISAM AUTO_INCREMENT=114 DEFAULT CHARSET=utf8;

-- ----------------------------
-- Records of db_auth_rule
-- ----------------------------
INSERT INTO `db_auth_rule` VALUES ('1', 'Admin/index', '系统管理', '1', '1', '', '0', '51', '1444546437', '1460223059', null, '1', '2');
INSERT INTO `db_auth_rule` VALUES ('2', 'Admin/admin_list', '管理员列表', '1', '1', '', '1', '50', '1444582187', null, null, '1', '2');
INSERT INTO `db_auth_rule` VALUES ('3', 'Admin/auth_group', '用户组', '1', '1', '', '1', '50', '1445439984', null, null, '1', '2');
INSERT INTO `db_auth_rule` VALUES ('4', 'Admin/auth_rule', '权限菜单', '1', '1', '', '1', '50', '1445439984', null, null, '1', '2');
INSERT INTO `db_auth_rule` VALUES ('5', 'Goods/index', '商城管理', '1', '1', '', '0', '48', '1453196998', '1462757835', '', '1', '2');
INSERT INTO `db_auth_rule` VALUES ('6', 'Goods/goods_list', '商品信息列表', '1', '1', '', '5', '50', '1453197026', null, null, '1', '2');
INSERT INTO `db_auth_rule` VALUES ('7', 'Goods/goods_add', '添加商品', '1', '1', '', '5', '50', '1453257517', null, null, '1', '2');
INSERT INTO `db_auth_rule` VALUES ('26', 'Tourism/tourism_add', '添加活动', '1', '0', '', '19', '50', '1454432131', '1460345750', null, '0', '2');
INSERT INTO `db_auth_rule` VALUES ('9', 'Comment/comment_list', '用户评论', '1', '1', '', '5', '50', '1453257820', null, null, '1', '2');
INSERT INTO `db_auth_rule` VALUES ('14', 'Article/index', '新闻管理', '1', '1', '', '0', '50', '1453258570', null, null, '0', '2');
INSERT INTO `db_auth_rule` VALUES ('15', 'Article/article_list', '新闻资讯列表', '1', '1', '', '14', '50', '1453258589', null, null, '0', '2');
INSERT INTO `db_auth_rule` VALUES ('16', 'Article/article_add', '增加新闻资讯', '1', '1', '', '14', '50', '1453258623', null, null, '0', '2');
INSERT INTO `db_auth_rule` VALUES ('68', 'Goods/tuango_list', '团购管理', '1', '0', '', '5', '50', '1466151160', '1478571211', '', '0', '2');
INSERT INTO `db_auth_rule` VALUES ('21', 'User/index', '用户管理', '1', '1', '', '0', '50', '1453261131', '1466153790', '', '0', '2');
INSERT INTO `db_auth_rule` VALUES ('22', 'User/user_list', '客户列表', '1', '1', '', '21', '50', '1453261153', null, null, '0', '2');
INSERT INTO `db_auth_rule` VALUES ('51', 'User/collect_list', '收藏管理', '1', '1', '', '21', '50', '1453261273', null, null, '0', '2');
INSERT INTO `db_auth_rule` VALUES ('42', 'Ad/ad_add', '添加广告信息', '1', '1', '', '40', '50', '1456468627', null, null, '0', '2');
INSERT INTO `db_auth_rule` VALUES ('58', 'User/user_sms_list', '短信管理', '1', '1', '', '21', '50', '1459413055', null, null, '0', '2');
INSERT INTO `db_auth_rule` VALUES ('35', 'Order/index', '商城订单列表', '1', '1', '', '21', '50', '1456467228', '1462777585', '', '0', '2');
INSERT INTO `db_auth_rule` VALUES ('23', 'User/coupons_list', '优惠券记录', '1', '1', '', '21', '50', '1456925709', null, null, '0', '2');
INSERT INTO `db_auth_rule` VALUES ('40', 'Ad/ad_index', '广告管理', '1', '1', '', '0', '50', '1456467963', null, null, '0', '2');
INSERT INTO `db_auth_rule` VALUES ('41', 'Ad/ad_list', '广告信息管理', '1', '1', '', '40', '50', '1456468606', null, null, '0', '2');
INSERT INTO `db_auth_rule` VALUES ('55', 'Goods/class_list', '分类管理', '1', '1', '', '5', '50', '1459159983', null, null, '1', '2');
INSERT INTO `db_auth_rule` VALUES ('74', 'Tourism/class_list', '分类管理', '1', '1', '', '19', '50', '1465960602', null, null, '0', '2');
INSERT INTO `db_auth_rule` VALUES ('73', 'Tourism/comment_list', '用户评论', '1', '1', '', '19', '50', '1466154559', null, null, '0', '2');
INSERT INTO `db_auth_rule` VALUES ('79', 'Tourism/yugo_list', '预购管理', '1', '1', '', '19', '50', '1466155159', null, null, '0', '2');
INSERT INTO `db_auth_rule` VALUES ('82', 'Leaguer/index', '会员专区', '1', '1', '', '0', '50', '1466159961', null, null, '0', '1');
INSERT INTO `db_auth_rule` VALUES ('84', 'Leaguer/leaguer_list', '会员商品列表', '1', '1', '', '82', '50', '1466163011', null, null, '0', '2');
INSERT INTO `db_auth_rule` VALUES ('85', 'Leaguer/leaguer_add', '添加商品', '1', '1', '', '82', '50', '1466163203', null, null, '0', '2');
INSERT INTO `db_auth_rule` VALUES ('86', 'Leaguer/comment_list', '用户评论', '1', '1', '', '82', '50', '1466163686', null, null, '0', '2');
INSERT INTO `db_auth_rule` VALUES ('87', 'Leaguer/class_list', '分类管理', '1', '1', '', '82', '50', '1466163718', null, null, '0', '2');
INSERT INTO `db_auth_rule` VALUES ('88', 'Leaguer/gong_list', '供应商分类', '1', '1', '', '82', '50', '1466163756', null, null, '0', '2');
INSERT INTO `db_auth_rule` VALUES ('89', 'Leaguer/tuango_list', '团购管理', '1', '1', '', '82', '50', '1466163790', null, null, '0', '2');
INSERT INTO `db_auth_rule` VALUES ('90', 'Leaguer/xiango_list', '限时购管理', '1', '1', '', '82', '50', '1466163817', null, null, '0', '2');
INSERT INTO `db_auth_rule` VALUES ('91', 'Leaguer/yugo_list', '预购管理', '1', '1', '', '82', '50', '1466163837', null, null, '0', '2');
INSERT INTO `db_auth_rule` VALUES ('94', 'Member/member_add', '添加商品', '1', '1', '', '81', '50', '1466167291', null, null, '0', '2');
INSERT INTO `db_auth_rule` VALUES ('95', 'Member/comment_list', '用户评论', '1', '1', '', '81', '50', '1466167321', null, null, '0', '2');
INSERT INTO `db_auth_rule` VALUES ('96', 'Member/class_list', '分类管理', '1', '1', '', '81', '50', '1466167354', null, null, '0', '2');
INSERT INTO `db_auth_rule` VALUES ('98', 'Member/tuango_list', '团购管理', '1', '1', '', '81', '50', '1466167434', null, null, '0', '2');
INSERT INTO `db_auth_rule` VALUES ('99', 'Member/xiango_list', '限时购管理', '1', '1', '', '81', '50', '1466167461', null, null, '0', '2');
INSERT INTO `db_auth_rule` VALUES ('100', 'Member/yugo_list', '预购管理', '1', '0', '', '81', '50', '1466167478', '1478571369', '', '0', '2');
INSERT INTO `db_auth_rule` VALUES ('102', 'Ad/ad_space', '广告位管理', '1', '1', '', '40', '50', '1466739579', '1469346407', '', '0', '2');
INSERT INTO `db_auth_rule` VALUES ('104', 'Article/single_list', '单页管理', '1', '1', '', '14', '50', '1468147477', null, null, '0', '2');
INSERT INTO `db_auth_rule` VALUES ('103', 'Ad/ad_space_add', '添加广告位', '1', '1', '', '40', '50', '1469346447', null, null, '0', '2');
INSERT INTO `db_auth_rule` VALUES ('105', 'Article/news_list', '消息管理', '1', '1', '', '14', '50', '1468487618', null, null, '0', '2');
INSERT INTO `db_auth_rule` VALUES ('106', 'Freight/admin_index', '运费设置', '1', '1', '', '5', '50', '1468487618', null, null, '0', '2');
INSERT INTO `db_auth_rule` VALUES ('107', 'Article/gonggao_edit', '公告管理', '1', '1', '', '14', '50', '1472442209', null, null, '0', '2');
INSERT INTO `db_auth_rule` VALUES ('108', 'Nav/index', '导航管理', '1', '0', '', '0', '50', '1475055609', '1475893480', '', '0', '2');
INSERT INTO `db_auth_rule` VALUES ('109', 'Nav/listNav', '导航列表', '1', '1', '', '108', '50', '1475056125', null, null, '0', '2');
INSERT INTO `db_auth_rule` VALUES ('110', 'Admin/payConfig', '支付设置', '1', '1', '', '1', '50', '1476871113', null, null, '0', '2');
INSERT INTO `db_auth_rule` VALUES ('111', 'Goods/hotWords', '商品热词', '1', '1', '', '5', '50', '1477278747', null, null, '0', '2');
INSERT INTO `db_auth_rule` VALUES ('112', 'System/config', '分类内容设置', '1', '1', '', '1', '50', '1477556819', '1477889795', '', '0', '2');
INSERT INTO `db_auth_rule` VALUES ('113', 'SysConfig/index', '核心配置', '1', '1', '', '1', '50', '1477877685', null, null, '0', '2');
-- ----------------------------
-- Table structure for `db_bank_card`
-- ----------------------------
DROP TABLE IF EXISTS `db_bank_card`;
CREATE TABLE `db_bank_card` (
  `id` int(11) unsigned NOT NULL AUTO_INCREMENT COMMENT '银行卡表',
  `user_id` int(11) DEFAULT NULL COMMENT '用户id',
  `realname` varchar(30) DEFAULT NULL COMMENT '开户姓名',
  `id_card` varchar(20) DEFAULT NULL COMMENT '身份证',
  `type` varchar(10) DEFAULT NULL,
  `belong` varchar(50) DEFAULT NULL COMMENT '所属银行',
  `card_num` varchar(20) DEFAULT NULL COMMENT '卡号',
  `mobile` varchar(11) DEFAULT NULL COMMENT '手机号码',
  `create_time` int(11) DEFAULT NULL COMMENT '时间',
  PRIMARY KEY (`id`)
) ENGINE=InnoDB  DEFAULT CHARSET=utf8;

-- ----------------------------
-- Records of db_bank_card
-- ----------------------------
INSERT INTO `db_bank_card` VALUES ('34', '10000186', '214', '2134', '1234', '1234', '12342134', '1243', '1469098138');
INSERT INTO `db_bank_card` VALUES ('35', '10000186', '张鸭子', '12345678912345', '储蓄卡', '中国建设银行', '123456789123456', '18656971230', '1469178301');
INSERT INTO `db_bank_card` VALUES ('36', '10000186', '32', '13', '4', '1234', '114141', '24124124', '1469178602');
INSERT INTO `db_bank_card` VALUES ('37', '10000328', '叶琴', '310221197112263620', '信用卡', '建设银行', '4895920312874695', '13381966789', '1470450665');
INSERT INTO `db_bank_card` VALUES ('38', '10000328', '叶琴', '310221197112263620', '信用卡', '上海银行', '5201314948052403', '13381966789', '1470450742');
INSERT INTO `db_bank_card` VALUES ('39', '10000092', '朱虹', '341021199312171944', '银联卡', '招商', '6214837833550613', '18566761769', '1470461313');
INSERT INTO `db_bank_card` VALUES ('40', '10000371', '陈兴龙', '31022619610216073x', '储蓄卡', '农行', '6228480031574416215', '13370002202', '1470483374');
INSERT INTO `db_bank_card` VALUES ('41', '10000187', '张凤琼', '510228197204073367', '信用卡', '交通银行', '6222520553585353', '13980355177', '1470488561');
INSERT INTO `db_bank_card` VALUES ('42', '10000187', '张凤琼', '510228197204073367', '太平洋卡', '交通银行', '6222600550000553406', '13980355177', '1470488664');
INSERT INTO `db_bank_card` VALUES ('43', '10000090', '赵宇洲', '420581197805240331', '储蓄卡', '平安银行', '6230582000017711964', '18664999309', '1470504318');
INSERT INTO `db_bank_card` VALUES ('44', '10000149', '任锐', '341225198909167042', '民生借记卡', '中国民生银行', '6216912600507696', '15950071136', '1470675967');
INSERT INTO `db_bank_card` VALUES ('45', '10000494', '陈素霞', '140522196811030523', '信用卡', '中国工商银行', '4270200031567259', '18535610008', '1470885476');
INSERT INTO `db_bank_card` VALUES ('46', '10000156', '傅燕', '352101197209250023', '储蓄卡', '中国农业银行', '6228480038727862971', '13806990592', '1470916489');
INSERT INTO `db_bank_card` VALUES ('47', '10000525', '叶斌', '420601196904050639', '借记卡', '中国农业银行', '9559980014035297218', '13911182992', '1471017513');
INSERT INTO `db_bank_card` VALUES ('48', '10000179', '张钧', '362228197710280012', '储蓄卡', '工商银行', '6222081504000683125', '13979998022', '1471357785');
INSERT INTO `db_bank_card` VALUES ('50', '10000232', '测试', '511324199302260035', '信用卡', '交通银行', '62225205535853531', '13980355177', '1472113674');
INSERT INTO `db_bank_card` VALUES ('51', '10000305', '赵树卿', '132401197809274243', '农行', '保定支行', '6228481261122120717', '15350602111', '1472273266');
INSERT INTO `db_bank_card` VALUES ('52', '10000859', '魏红文', '612129197904130429', '信用卡', '招商银行', '5187 1008 0292 7253', '13814868523', '1472389865');

-- ----------------------------
-- Table structure for `db_choujiang`
-- ----------------------------
DROP TABLE IF EXISTS `db_choujiang`;
CREATE TABLE `db_choujiang` (
  `id` int(11) NOT NULL AUTO_INCREMENT COMMENT '抽奖记录ID',
  `user_id` int(11) NOT NULL COMMENT '用户ID',
  `choujiang_time` int(11) NOT NULL COMMENT '抽奖时间',
  `jiangpin_dengji` varchar(20) NOT NULL COMMENT '奖品id ',
  `jiangpin_name` varchar(20) NOT NULL COMMENT '奖品名称',
  PRIMARY KEY (`id`)
) ENGINE=MyISAM  DEFAULT CHARSET=utf8;

-- ----------------------------
-- Records of db_choujiang
-- ----------------------------
-- ----------------------------
-- Table structure for `db_collect`
-- ----------------------------
DROP TABLE IF EXISTS `db_collect`;
CREATE TABLE `db_collect` (
  `id` int(11) NOT NULL AUTO_INCREMENT,
  `create_time` int(11) DEFAULT NULL,
  PRIMARY KEY (`id`)
) ENGINE=InnoDB DEFAULT CHARSET=utf8;

-- ----------------------------
-- Records of db_collect
-- ----------------------------

-- ----------------------------
-- Table structure for `db_comment`
-- ----------------------------
DROP TABLE IF EXISTS `db_comment`;
CREATE TABLE `db_comment` (
  `id` int(11) NOT NULL AUTO_INCREMENT,
  `content` varchar(200) DEFAULT NULL COMMENT '评论内容',
  `mid` int(11) DEFAULT NULL COMMENT '会员ID',
  `cpmment_type` varchar(15) DEFAULT NULL COMMENT '评论分类',
  `create_time` int(11) DEFAULT NULL,
  PRIMARY KEY (`id`)
) ENGINE=InnoDB DEFAULT CHARSET=utf8;

-- ----------------------------
-- Records of db_comment
-- ----------------------------

-- ----------------------------
-- Table structure for `db_config`
-- ----------------------------
DROP TABLE IF EXISTS `db_config`;
CREATE TABLE `db_config` (
  `id` smallint(6) NOT NULL AUTO_INCREMENT,
  `name` varchar(30) DEFAULT NULL COMMENT '名称',
  `update_time` int(11) DEFAULT NULL,
  PRIMARY KEY (`id`)
) ENGINE=MyISAM DEFAULT CHARSET=utf8;

-- ----------------------------
-- Records of db_config
-- ----------------------------

-- ----------------------------
-- Table structure for `db_config_children`
-- ----------------------------
DROP TABLE IF EXISTS `db_config_children`;
CREATE TABLE `db_config_children` (
  `id` int(11) NOT NULL AUTO_INCREMENT,
  `config_class_id` int(11) DEFAULT '1' COMMENT '内容分类编号',
  `show_type` varchar(20) DEFAULT 'input' COMMENT '展示类型',
  `type_name` varchar(50) DEFAULT NULL COMMENT '对应的name值',
  `update_time` varchar(20) DEFAULT NULL,
  `create_time` varchar(20) DEFAULT NULL,
  `type` varchar(20) DEFAULT NULL COMMENT '输入框对应的类型',
  PRIMARY KEY (`id`)
) ENGINE=InnoDB  DEFAULT CHARSET=utf8;

-- ----------------------------
-- Records of db_config_children
-- ----------------------------
INSERT INTO `db_config_children` VALUES ('3', '8', 'input', 'account', '1477970027', '1477970027', 'text');
INSERT INTO `db_config_children` VALUES ('4', '9', 'input', 'sms_pwd', '1477970265', '1477970265', 'password');
INSERT INTO `db_config_children` VALUES ('5', '10', 'input', 'sms_content', '1477970372', '1477970372', 'text');
INSERT INTO `db_config_children` VALUES ('6', '11', 'input', 'sms_open', '1477972499', '1477972499', 'radio');
INSERT INTO `db_config_children` VALUES ('8', '13', 'input', 'sms_intnet', '1478051445', '1478051445', 'text');
INSERT INTO `db_config_children` VALUES ('9', '15', 'input', 'intnet_title', '1478159661', '1478159661', 'text');
INSERT INTO `db_config_children` VALUES ('11', '17', 'input', 'version', '1480559734', '1480559526', 'text');
INSERT INTO `db_config_children` VALUES ('12', '18', 'input', 'updateTime', '1480560449', '1480560449', 'text');
INSERT INTO `db_config_children` VALUES ('13', '19', 'input', 'friend', '1480560641', '1480560641', 'text');

-- ----------------------------
-- Table structure for `db_config_class`
-- ----------------------------
DROP TABLE IF EXISTS `db_config_class`;
CREATE TABLE `db_config_class` (
  `id` int(11) NOT NULL AUTO_INCREMENT,
  `config_class_name` varchar(50) DEFAULT NULL COMMENT '分类配置名称',
  `p_id` int(11) DEFAULT '0' COMMENT '父级分类',
  `is_open` smallint(6) DEFAULT '0' COMMENT '0=》启用配置， 1弃用配置',
  `create_time` varchar(20) DEFAULT NULL,
  `update_time` varchar(20) DEFAULT NULL,
  PRIMARY KEY (`id`)
) ENGINE=InnoDB  DEFAULT CHARSET=utf8;

-- ----------------------------
-- Records of db_config_class
-- ----------------------------
INSERT INTO `db_config_class` VALUES ('5', '短信设置', '0', '0', '1477964349', '1477964349');
INSERT INTO `db_config_class` VALUES ('6', '支付配置', '0', '0', '1477968773', '1477968773');
INSERT INTO `db_config_class` VALUES ('8', '短信账号', '5', '0', '1477970027', '1477970027');
INSERT INTO `db_config_class` VALUES ('9', '短信密码', '5', '0', '1477970264', '1477970264');
INSERT INTO `db_config_class` VALUES ('10', '短信内容', '5', '0', '1477970372', '1477970372');
INSERT INTO `db_config_class` VALUES ('11', '是否启用短信功能', '5', '0', '1477972498', '1477972498');
INSERT INTO `db_config_class` VALUES ('13', '短信接口地址', '5', '0', '1478051445', '1478051445');
INSERT INTO `db_config_class` VALUES ('14', '网站设置', '0', '0', '1478159598', '1478159598');
INSERT INTO `db_config_class` VALUES ('15', '网站标题', '14', '0', '1478159660', '1478159660');

-- ----------------------------
-- Table structure for `db_distribution`
-- ----------------------------
DROP TABLE IF EXISTS `db_distribution`;
CREATE TABLE `db_distribution` (
  `distribution_id` int(11) NOT NULL,
  `user_id` int(11) DEFAULT NULL COMMENT '用户编号',
  `parent_id` int(11) DEFAULT NULL COMMENT '所属父级id',
  PRIMARY KEY (`distribution_id`)
) ENGINE=InnoDB DEFAULT CHARSET=utf8;

-- ----------------------------
-- Records of db_distribution
-- ----------------------------
-- ----------------------------
-- Table structure for `db_attach`
-- ----------------------------
DROP TABLE IF EXISTS `db_attach`;
CREATE TABLE `db_attach` (
  `id` int(11) NOT NULL AUTO_INCREMENT,
  `name` varchar(20) DEFAULT NULL,
  PRIMARY KEY (`id`)
) ENGINE=InnoDB AUTO_INCREMENT=2 DEFAULT CHARSET=utf8;

-- ----------------------------
-- Records of db_attach
-- ----------------------------
INSERT INTO `db_attach` VALUES ('1', 'S_h_o_p_s_N');

-- ----------------------------
-- Table structure for `db_foot_print`
-- ----------------------------
DROP TABLE IF EXISTS `db_foot_print`;
CREATE TABLE `db_foot_print` (
  `id` int(11) unsigned NOT NULL AUTO_INCREMENT COMMENT '足迹表',
  `uid` int(11) DEFAULT NULL COMMENT '用户id',
  `gid` int(11) DEFAULT NULL COMMENT '商品id',
  `goods_pic` varchar(50) DEFAULT NULL COMMENT '商品图片',
  `goods_name` varchar(255) DEFAULT NULL COMMENT '商品名字',
  `goods_price` double(11,2) DEFAULT NULL COMMENT '价格',
  `create_time` int(11) DEFAULT NULL COMMENT '时间',
  `is_type` tinyint(1) DEFAULT NULL COMMENT '1: 商品   2：旅游  3：合伙人   4：会员',
  PRIMARY KEY (`id`)
) ENGINE=InnoDB  DEFAULT CHARSET=utf8;
-- ----------------------------
-- Table structure for `db_freight`
-- ----------------------------
DROP TABLE IF EXISTS `db_freight`;
CREATE TABLE `db_freight` (
  `id` int(11) NOT NULL AUTO_INCREMENT,
  `province` int(11) NOT NULL DEFAULT '0' COMMENT '省份的areaid',
  `city` int(11) NOT NULL DEFAULT '0' COMMENT '市的areaid',
  `area` int(11) DEFAULT '0' COMMENT '区的areaid,0代表没有区',
  `money` decimal(9,2) NOT NULL DEFAULT '0.00' COMMENT '首重价格',
  `ykg` int(4) NOT NULL DEFAULT '3' COMMENT '1=首重1公斤,3=首重3公斤',
  `onemoney` decimal(9,2) NOT NULL DEFAULT '0.00' COMMENT '每超出首重1公斤',
  `threemoney` decimal(9,2) NOT NULL DEFAULT '0.00' COMMENT '超出首重3公斤（暂时没用）',
  `fivemoney` decimal(9,2) NOT NULL DEFAULT '0.00' COMMENT '超出首重5公斤（暂时没用）',
  `sevenmoney` decimal(9,2) NOT NULL DEFAULT '0.00' COMMENT '超出首重7公斤（暂时没用）',
  `ninemoney` decimal(9,2) NOT NULL DEFAULT '0.00' COMMENT '超出首重9公斤（暂时没用）',
  PRIMARY KEY (`id`),
  KEY `province` (`province`)
) ENGINE=MyISAM  DEFAULT CHARSET=utf8;

-- ----------------------------
-- Records of db_freight
-- ----------------------------
-- ----------------------------
-- Table structure for `db_goods`
-- ----------------------------
DROP TABLE IF EXISTS `db_goods`;
CREATE TABLE `db_goods` (
  `id` int(11) NOT NULL AUTO_INCREMENT,
  `title` varchar(50) DEFAULT NULL COMMENT '商品标题',
  `shuoming` text COMMENT '说明',
  `guige` text COMMENT '规格',
  `create_time` int(11) DEFAULT NULL COMMENT '创建时间',
  `keyword` varchar(100) DEFAULT '' COMMENT '专题标签',
  `pic_url` varchar(50) DEFAULT NULL COMMENT '代表图片',
  `pic_url2` varchar(50) DEFAULT NULL,
  `update_time` int(11) DEFAULT NULL COMMENT '最后一次编辑时间',
  `price_old` decimal(10,2) NOT NULL DEFAULT '0.00' COMMENT '原价',
  `price_new` decimal(10,2) NOT NULL DEFAULT '0.00' COMMENT ' 现价',
  `kucun` mediumint(9) NOT NULL DEFAULT '0' COMMENT '库存数量',
  `rexiao` tinyint(4) NOT NULL DEFAULT '0' COMMENT '是否是热销   0 不是   1 是',
  `shangjia` tinyint(4) NOT NULL DEFAULT '0' COMMENT '上下架   1 上架    0 下架',
  `sort_num` mediumint(9) NOT NULL DEFAULT '50' COMMENT '排序',
  `class_id` mediumint(9) DEFAULT NULL COMMENT '商品分类ID',
  `type` enum('1','2','3','4') DEFAULT NULL COMMENT '商品为1 旅游为2 合伙人为3 会员为四',
  `pic_tuji` text COMMENT '商品图集',
  `advert` tinyint(4) NOT NULL DEFAULT '0',
  `recommend` tinyint(4) NOT NULL DEFAULT '0',
  `dikou_jifen` int(11) DEFAULT NULL COMMENT '抵扣积分',
  `fanli_jifen` int(11) DEFAULT NULL COMMENT '返利抵现金金额',
  `zhongliang` varchar(20) DEFAULT NULL,
  `gongyingshang` varchar(30) DEFAULT NULL,
  `class_fid` int(11) DEFAULT NULL,
  `chufa_date` text COMMENT '出发日期',
  `tuijian_liyou` text COMMENT '推荐理由 - 旅游',
  `yuding_xvzhi` text COMMENT '预定须知',
  `feiyong_shuoming` text COMMENT '费用说明',
  `chufa_address` varchar(255) DEFAULT NULL COMMENT '出发地点',
  `home_tuijian` tinyint(1) NOT NULL DEFAULT '0' COMMENT '顶部推荐',
  `account_id` int(11) DEFAULT NULL COMMENT '供应商id',
  `min_yunfei` decimal(11,2) DEFAULT NULL COMMENT '全国是否包邮:0:包邮,1:不包邮',
  `add_yunfei` decimal(11,2) DEFAULT NULL COMMENT '每续重1千克增加运费(暂时没用)',
  `max_yunfei` decimal(11,2) DEFAULT NULL COMMENT '最大运费(暂时没用)',
  `dangji_remai` tinyint(1) NOT NULL DEFAULT '0' COMMENT '当季热卖',
  `taocan` text COMMENT '规格套餐 ',
  `chufa_taocan` text COMMENT '旅游出发时间和价格套餐',
  `xiangou` tinyint(4) NOT NULL DEFAULT '0' COMMENT '是否限购:    1 限购  0 不限购',
  `xianshi_status` tinyint(4) NOT NULL DEFAULT '0' COMMENT '限时抢购状态    0  未开启    1  开启',
  `xianshi_start` datetime DEFAULT NULL COMMENT '限时抢购开始时间',
  `xianshi_over` datetime DEFAULT NULL COMMENT ' 限时抢购  结束时间  ',
  `is_baoyou` char(1) DEFAULT '1' COMMENT '江浙沪皖是否包邮;0--不包邮;1--包邮',
  `description` varchar(50) DEFAULT NULL COMMENT '商品简介',
  `group_buy` enum('0','1') DEFAULT '1' COMMENT '是否团购 默认1 不团购',
  `shoper_id` int(11) DEFAULT NULL,
  PRIMARY KEY (`id`)
) ENGINE=MyISAM  DEFAULT CHARSET=utf8;

-- ----------------------------
-- Records of db_goods
-- ----------------------------
INSERT INTO `db_goods` VALUES ('766', '秘鲁玛咖沙棘保健口服液（12瓶/盒）  中秋特惠  9月统一发货', '<p><img src=\"/ueditor/php/upload/image/20161230/1483094747484408.jpg\" alt=\"1483094747484408.jpg\"/></p>', '<p><img title=\"1471167515137486.jpg\" alt=\"1-1.jpg\" src=\"/ueditor/php/upload/image/20160814/1471167515137486.jpg\"/></p>', '1471156763', '', '/Uploads/goods/2016-08-26/58097a19bb50a.jpg', null, '1476693362', '1196.00', '299.00', '99', '1', '1', '1', '139', '1', 'a:1:{i:0;s:43:\"/Uploads/goods/2016-10-17/58048d7265883.jpg\";}', '0', '0', '0', '45', '5000g', null, '44', '', null, null, null, null, '0', '0', '0.00', '0.00', '0.00', '0', 'N;', null, '0', '0', '0000-00-00 00:00:00', '0000-00-00 00:00:00', '1', '', '1', null);
INSERT INTO `db_goods` VALUES ('767', '澳大利亚进口盒装史密斯胆魄红葡萄酒买一送一（2升*2）', '<p><img src=\"/ueditor/php/upload/image/20161230/1483094747484408.jpg\" alt=\"1483094747484408.jpg\"/></p>', '<p><img alt=\"商品参数2.jpg\" src=\"/ueditor/php/upload/image/20160816/1471310296759941.jpg\" title=\"1471310296759941.jpg\"/></p>', '1471161991', '', '/Uploads/goods/2016-08-26/58097a19bb50a.jpg', null, '1471597863', '898.00', '498.00', '99', '0', '1', '50', '138', '1', 'a:3:{i:0;s:28:\"2016-08-19/57b6b84808b43.jpg\";i:1;s:28:\"2016-08-19/57b6b8480a845.jpg\";i:2;s:28:\"2016-08-19/57b6b8480c48a.jpg\";}', '0', '0', '0', '30', '', null, '105', '', null, null, null, null, '0', '0', '0.00', '0.00', '0.00', '0', 'a:2:{i:0;a:3:{s:11:\"guige_title\";s:40:\"胆魄红葡萄酒+灰皮诺白葡萄酒\";s:15:\"guige_price_new\";s:6:\"498.00\";s:16:\"guige_zhongliang\";s:0:\"\";}i:1;a:3:{s:11:\"guige_title\";s:40:\"胆魄红葡萄酒+霞多丽白葡萄酒\";s:15:\"guige_price_new\";s:6:\"498.00\";s:16:\"guige_zhongliang\";s:0:\"\";}}', null, '0', '0', '0000-00-00 00:00:00', '0000-00-00 00:00:00', '1', '', '1', null);
INSERT INTO `db_goods` VALUES ('768', '澳大利亚进口盒装史密斯西拉子红葡萄酒买一送一（2升*2）', '<p><img src=\"/ueditor/php/upload/image/20161230/1483094747484408.jpg\" alt=\"1483094747484408.jpg\"/></p>', '<p><img alt=\"商品参数2-1.jpg\" src=\"/ueditor/php/upload/image/20160816/1471310410477738.jpg\" title=\"1471310410477738.jpg\"/></p>', '1471243805', '', '/Uploads/goods/2016-08-26/58097a19bb50a.jpg', null, '1471597852', '898.00', '498.00', '99', '0', '1', '50', '138', '1', 'a:3:{i:0;s:28:\"2016-08-19/57b6b9670e3b8.jpg\";i:1;s:28:\"2016-08-19/57b6b967101fc.jpg\";i:2;s:28:\"2016-08-19/57b6b96711fbb.jpg\";}', '0', '0', '0', '30', '', null, '105', '', null, null, null, null, '0', '0', '0.00', '0.00', '0.00', '0', 'a:2:{i:0;a:3:{s:11:\"guige_title\";s:40:\"西拉子红葡萄+灰皮诺白葡萄酒\";s:15:\"guige_price_new\";s:6:\"498.00\";s:16:\"guige_zhongliang\";s:0:\"\";}i:1;a:3:{s:11:\"guige_title\";s:40:\"西拉子红葡萄+霞多丽白葡萄酒\";s:15:\"guige_price_new\";s:6:\"498.00\";s:16:\"guige_zhongliang\";s:0:\"\";}}', null, '0', '0', '0000-00-00 00:00:00', '0000-00-00 00:00:00', '1', '', '1', null);
INSERT INTO `db_goods` VALUES ('769', '澳大利亚进口盒装史密斯霞多丽白葡萄酒买一送一（2升*2）', '<p><img src=\"/ueditor/php/upload/image/20161230/1483094747484408.jpg\" alt=\"1483094747484408.jpg\"/></p>', '<p><img alt=\"商品参数2-2.jpg\" src=\"/ueditor/php/upload/image/20160816/1471310494219505.jpg\" title=\"1471310494219505.jpg\"/></p>', '1471246085', '', '/Uploads/goods/2016-08-26/58097a19bb50a.jpg', null, '1471597835', '898.00', '498.00', '99', '0', '1', '50', '138', '1', 'a:3:{i:0;s:28:\"2016-08-19/57b6bba101693.jpg\";i:1;s:28:\"2016-08-19/57b6bba1032f5.jpg\";i:2;s:28:\"2016-08-19/57b6bba104e7d.jpg\";}', '0', '0', '0', '30', '', null, '105', '', null, null, null, null, '0', '0', '0.00', '0.00', '0.00', '0', 'a:2:{i:0;a:3:{s:11:\"guige_title\";s:40:\"霞多丽白葡萄酒+胆魄红葡萄酒\";s:15:\"guige_price_new\";s:6:\"498.00\";s:16:\"guige_zhongliang\";s:0:\"\";}i:1;a:3:{s:11:\"guige_title\";s:43:\"霞多丽白葡萄酒+西拉子红葡萄酒\";s:15:\"guige_price_new\";s:6:\"498.00\";s:16:\"guige_zhongliang\";s:0:\"\";}}', null, '0', '0', '0000-00-00 00:00:00', '0000-00-00 00:00:00', '1', '', '1', null);
INSERT INTO `db_goods` VALUES ('770', '澳大利亚进口盒装史密斯灰皮诺白葡萄酒买一送一（2升*2）', '<p><img src=\"/ueditor/php/upload/image/20161230/1483094747484408.jpg\" alt=\"1483094747484408.jpg\"/></p>', '<p><img alt=\"商品参数2-3.jpg\" src=\"/ueditor/php/upload/image/20160816/1471310554631018.jpg\" title=\"1471310554631018.jpg\"/></p>', '1471246555', '', '/Uploads/goods/2016-08-26/58097a19bb50a.jpg', null, '1471597822', '898.00', '498.00', '99', '0', '1', '50', '138', '1', 'a:3:{i:0;s:28:\"2016-08-19/57b6be6367377.jpg\";i:1;s:28:\"2016-08-19/57b6be636907f.jpg\";i:2;s:28:\"2016-08-19/57b6be636acd5.jpg\";}', '0', '0', '0', '30', '', null, '105', '', null, null, null, null, '0', '0', '0.00', '0.00', '0.00', '0', 'a:2:{i:0;a:3:{s:11:\"guige_title\";s:43:\"灰皮诺白葡萄酒+西拉子红葡萄酒\";s:15:\"guige_price_new\";s:6:\"498.00\";s:16:\"guige_zhongliang\";s:0:\"\";}i:1;a:3:{s:11:\"guige_title\";s:40:\"灰皮诺白葡萄酒+胆魄红葡萄酒\";s:15:\"guige_price_new\";s:6:\"498.00\";s:16:\"guige_zhongliang\";s:0:\"\";}}', null, '0', '0', '0000-00-00 00:00:00', '0000-00-00 00:00:00', '1', '', '1', null);
INSERT INTO `db_goods` VALUES ('773', '德国原装aptamil爱他美婴幼儿奶粉一段800g(0-6个月) (两罐）', '<p><img src=\"/ueditor/php/upload/image/20161230/1483094747484408.jpg\" alt=\"1483094747484408.jpg\"/></p>', null, '1471325796', '', '/Uploads/goods/2016-08-26/58097a19bb50a.jpg', null, '1471938101', '679.00', '346.00', '99', '1', '1', '2', '69', '1', 'a:1:{i:0;s:28:\"2016-08-23/57bbfe3542e67.jpg\";}', '0', '0', '0', '25', '', null, '19', '', null, null, null, null, '0', '0', '0.00', '0.00', '0.00', '0', 'N;', null, '0', '0', '0000-00-00 00:00:00', '0000-00-00 00:00:00', '1', '', '1', null);
INSERT INTO `db_goods` VALUES ('774', '千烨代糖包 糖尿病患者可食用 30包/1盒（4盒）', '<p><img src=\"/ueditor/php/upload/image/20161230/1483094747484408.jpg\" alt=\"1483094747484408.jpg\"/></p>', '<p><img alt=\"商品参数12.jpg\" src=\"/ueditor/php/upload/image/20160817/1471410649467884.jpg\" title=\"1471410649467884.jpg\"/></p>', '1471406164', '', '/Uploads/goods/2016-08-26/58097a19bb50a.jpg', null, '1472201959', '278.00', '144.00', '99', '0', '1', '50', '140', '1', 'a:3:{i:0;s:28:\"2016-08-26/57c004e7ee0d6.jpg\";i:1;s:28:\"2016-08-26/57c004e7f0bc6.jpg\";i:2;s:28:\"2016-08-26/57c004e7f2f82.jpg\";}', '0', '0', '0', '27', '', null, '135', '', null, null, null, null, '0', '0', '0.00', '0.00', '0.00', '0', 'N;', null, '0', '0', '0000-00-00 00:00:00', '0000-00-00 00:00:00', '0', '', '1', null);
INSERT INTO `db_goods` VALUES ('775', '胡子哥山茶油1L/罐 铁罐装', '<p><img src=\"/ueditor/php/upload/image/20161230/1483094747484408.jpg\" alt=\"1483094747484408.jpg\"/></p>', '<p><img alt=\"产品参数.png\" src=\"/ueditor/php/upload/image/20160817/1471414804137563.png\" title=\"1471414804137563.png\"/></p>', '1471414554', '', '/Uploads/goods/2016-08-26/58097a19bb50a.jpg', null, '1476694041', '198.00', '148.00', '99', '1', '0', '50', '141', '1', 'a:1:{i:0;s:43:\"/Uploads/goods/2016-10-17/58049019d4288.jpg\";}', '0', '0', '0', '20', '1L', null, '135', '', null, null, null, null, '1', '0', '0.00', '0.00', '0.00', '0', 'N;', null, '0', '0', '0000-00-00 00:00:00', '0000-00-00 00:00:00', '0', '', '1', null);
INSERT INTO `db_goods` VALUES ('776', '胡子哥山茶油666ml/瓶×2瓶  礼盒装', '<p><img src=\"/ueditor/php/upload/image/20161230/1483094747484408.jpg\" alt=\"1483094747484408.jpg\"/></p>', '<p><img alt=\"canshu.jpg\" src=\"/ueditor/php/upload/image/20160817/1471418688937705.jpg\" title=\"1471418688937705.jpg\"/></p>', '1471418712', '', '/Uploads/goods/2016-08-26/58097a19bb50a.jpg', null, '1476694013', '499.00', '298.00', '99', '1', '0', '50', '141', '1', 'a:1:{i:0;s:43:\"/Uploads/goods/2016-10-17/58048ffd43332.jpg\";}', '0', '1', '0', '30', '666ml*2', null, '135', '', null, null, null, null, '0', '0', '0.00', '0.00', '0.00', '0', 'N;', null, '0', '0', '0000-00-00 00:00:00', '0000-00-00 00:00:00', '0', '', '1', null);
INSERT INTO `db_goods` VALUES ('778', ' 澳洲进口 Swisse 护肝解毒片 120片', '<p><img src=\"/ueditor/php/upload/image/20161230/1483094747484408.jpg\" alt=\"1483094747484408.jpg\"/></p>', null, '1471499379', '', '/Uploads/goods/2016-08-26/58097a19bb50a.jpg', null, '1471938335', '218.00', '139.00', '99', '1', '1', '2', '58', '1', 'a:2:{i:0;s:28:\"2016-08-23/57bbff1fc1ec7.jpg\";i:1;s:28:\"2016-08-23/57bbff1fc3eed.jpg\";}', '0', '0', '0', '16', '', null, '44', '', null, null, null, null, '0', '0', '0.00', '0.00', '0.00', '0', 'N;', null, '0', '0', '0000-00-00 00:00:00', '0000-00-00 00:00:00', '0', '', '1', null);
INSERT INTO `db_goods` VALUES ('779', '生命佰草液体牙膏  60ml/盒（2盒装）+送一支', '<p><img src=\"/ueditor/php/upload/image/20161230/1483094747484408.jpg\" alt=\"1483094747484408.jpg\"/></p>', '<p><img alt=\"生命佰草_03.jpg\" src=\"/ueditor/php/upload/image/20160819/1471571989101688.jpg\" title=\"1471571989101688.jpg\"/></p>', '1471573759', '', '/Uploads/goods/2016-08-26/58097a19bb50a.jpg', null, '1472276650', '400.00', '206.00', '99', '1', '1', '50', '144', '1', 'a:5:{i:0;s:28:\"2016-08-27/57c128aa990bf.jpg\";i:1;s:28:\"2016-08-27/57c128aa9b271.jpg\";i:2;s:28:\"2016-08-27/57c128aa9d5a1.jpg\";i:3;s:28:\"2016-08-27/57c128aa9f640.jpg\";i:4;s:28:\"2016-08-27/57c128aaa18d1.jpg\";}', '0', '0', '0', '30', '', null, '17', '', null, null, null, null, '0', '0', '0.00', '0.00', '0.00', '0', 'N;', null, '0', '0', '0000-00-00 00:00:00', '0000-00-00 00:00:00', '0', '', '1', null);
INSERT INTO `db_goods` VALUES ('780', '苏绣四件套 婚庆款锦鲤跃龙门刺绣 家纺床上用品 （200*230） 提前预定下单45天', '<p><img src=\"/ueditor/php/upload/image/20161230/1483094747484408.jpg\" alt=\"1483094747484408.jpg\"/></p>', '<p><img alt=\"21.jpg\" src=\"/ueditor/php/upload/image/20160820/1471679251797292.jpg\" title=\"1471679251797292.jpg\"/></p>', '1471578499', '', '/Uploads/goods/2016-08-26/58097a19bb50a.jpg', null, '1471687069', '6800.00', '3200.00', '99', '0', '1', '3', '145', '1', 'a:4:{i:0;s:28:\"2016-08-19/57b6818331f28.jpg\";i:1;s:28:\"2016-08-19/57b6818333c4e.jpg\";i:2;s:28:\"2016-08-19/57b6818335b59.jpg\";i:3;s:28:\"2016-08-19/57b6818337959.jpg\";}', '0', '0', '0', '318', '', null, '23', '', null, null, null, null, '0', '0', '0.00', '0.00', '0.00', '0', 'a:2:{i:0;a:3:{s:11:\"guige_title\";s:10:\"鲤鱼A版\";s:15:\"guige_price_new\";s:4:\"3200\";s:16:\"guige_zhongliang\";s:0:\"\";}i:1;a:3:{s:11:\"guige_title\";s:10:\"鲤鱼B版\";s:15:\"guige_price_new\";s:4:\"3200\";s:16:\"guige_zhongliang\";s:0:\"\";}}', null, '0', '0', '0000-00-00 00:00:00', '0000-00-00 00:00:00', '0', '', '1', null);
INSERT INTO `db_goods` VALUES ('781', '苏绣四件套 居家款 猫扑蝶之恋纯棉纯色真丝家纺 提前预定下单45天', '<p><img src=\"/ueditor/php/upload/image/20161230/1483094747484408.jpg\" alt=\"1483094747484408.jpg\"/></p>', '<p><img alt=\"22.jpg\" src=\"/ueditor/php/upload/image/20160820/1471679465363446.jpg\" title=\"1471679465363446.jpg\"/></p>', '1471590097', '', '/Uploads/goods/2016-08-26/58097a19bb50a.jpg', null, '1471828701', '39800.00', '19800.00', '99', '0', '1', '5', '145', '1', 'a:6:{i:0;s:28:\"2016-08-20/57b7f1cac5310.jpg\";i:1;s:28:\"2016-08-20/57b7f1cac7232.jpg\";i:2;s:28:\"2016-08-20/57b7f1cac9212.jpg\";i:3;s:28:\"2016-08-20/57b7f1cacb6fb.jpg\";i:4;s:28:\"2016-08-20/57b7f1cacd3a2.jpg\";i:5;s:28:\"2016-08-20/57b7f1cacfbbd.jpg\";}', '0', '0', '0', '1996', '', null, '23', '', null, null, null, null, '0', '0', '0.00', '0.00', '0.00', '0', 'a:8:{i:0;a:3:{s:11:\"guige_title\";s:39:\"80支苏绣套件（秋香色）200*230\";s:15:\"guige_price_new\";s:8:\"19800.00\";s:16:\"guige_zhongliang\";s:0:\"\";}i:1;a:3:{s:11:\"guige_title\";s:39:\"80支苏绣套件（湖蓝色）200*230\";s:15:\"guige_price_new\";s:8:\"19800.00\";s:16:\"guige_zhongliang\";s:0:\"\";}i:2;a:3:{s:11:\"guige_title\";s:40:\"120支苏绣套件（秋香色）200*230\";s:15:\"guige_price_new\";s:8:\"22800.00\";s:16:\"guige_zhongliang\";s:0:\"\";}i:3;a:3:{s:11:\"guige_title\";s:40:\"120支苏绣套件（湖蓝色）200*230\";s:15:\"guige_price_new\";s:8:\"22800.00\";s:16:\"guige_zhongliang\";s:0:\"\";}i:4;a:3:{s:11:\"guige_title\";s:39:\"80支苏绣套件（秋香色）220*240\";s:15:\"guige_price_new\";s:8:\"19800.00\";s:16:\"guige_zhongliang\";s:0:\"\";}i:5;a:3:{s:11:\"guige_title\";s:39:\"80支苏绣套件（湖蓝色）220*240\";s:15:\"guige_price_new\";s:8:\"19800.00\";s:16:\"guige_zhongliang\";s:0:\"\";}i:6;a:3:{s:11:\"guige_title\";s:40:\"120支苏绣套件（秋香色）220*240\";s:15:\"guige_price_new\";s:8:\"22800.00\";s:16:\"guige_zhongliang\";s:0:\"\";}i:7;a:3:{s:11:\"guige_title\";s:40:\"120支苏绣套件（湖蓝色）220*240\";s:15:\"guige_price_new\";s:8:\"22800.00\";s:16:\"guige_zhongliang\";s:0:\"\";}}', null, '0', '0', '0000-00-00 00:00:00', '0000-00-00 00:00:00', '0', '', '1', null);
INSERT INTO `db_goods` VALUES ('782', '千烨罗汉果 冰晶糖 170g/罐*2', '<p><img src=\"/ueditor/php/upload/image/20161230/1483094747484408.jpg\" alt=\"1483094747484408.jpg\"/></p>', '<p><img alt=\"商品信息.jpg\" src=\"/ueditor/php/upload/image/20160819/1471593985135433.jpg\" title=\"1471593985135433.jpg\"/></p>', '1471593892', '', '/Uploads/goods/2016-08-26/58097a19bb50a.jpg', null, '1472198793', '150.00', '100.00', '99', '0', '1', '50', '104', '1', 'a:2:{i:0;s:28:\"2016-08-26/57bff88997c97.jpg\";i:1;s:28:\"2016-08-26/57bff8899a703.jpg\";}', '0', '0', '0', '4', '', null, '44', '', null, null, null, null, '0', '0', '0.00', '0.00', '0.00', '0', 'N;', null, '0', '0', '0000-00-00 00:00:00', '0000-00-00 00:00:00', '0', '', '1', null);
INSERT INTO `db_goods` VALUES ('783', '千烨罗汉果  零卡糖（零热量）糖尿病、肥胖者最好甜味的替代品   350g/瓶*2', '<p><img src=\"/ueditor/php/upload/image/20161230/1483094747484408.jpg\" alt=\"1483094747484408.jpg\"/></p>', '<p><img alt=\"千烨冰晶糖.jpg\" src=\"/ueditor/php/upload/image/20160819/1471594840529376.jpg\" title=\"1471594840529376.jpg\"/></p>', '1471594852', '', '/Uploads/goods/2016-08-26/58097a19bb50a.jpg', null, '1472198685', '200.00', '160.00', '99', '0', '1', '50', '104', '1', 'a:3:{i:0;s:28:\"2016-08-26/57bff81d41da4.jpg\";i:1;s:28:\"2016-08-26/57bff81d43f8f.jpg\";i:2;s:28:\"2016-08-26/57bff81d45e7f.jpg\";}', '0', '0', '0', '10', '', null, '44', '', null, null, null, null, '0', '0', '0.00', '0.00', '0.00', '0', 'N;', null, '0', '0', '0000-00-00 00:00:00', '0000-00-00 00:00:00', '0', '', '1', null);
INSERT INTO `db_goods` VALUES ('785', '苏绣四件套 居家款 单身猫思考喵生纯棉纯色真丝家纺 提前预定下单45天', '<p><img src=\"/ueditor/php/upload/image/20161230/1483094747484408.jpg\" alt=\"1483094747484408.jpg\"/></p>', '<p><img alt=\"23.jpg\" src=\"/ueditor/php/upload/image/20160820/1471679552130076.jpg\" title=\"1471679552130076.jpg\"/></p>', '1471674640', '', '/Uploads/goods/2016-08-26/58097a19bb50a.jpg', null, '1471828735', '39800.00', '19800.00', '99', '0', '1', '2', '145', '1', 'a:6:{i:0;s:28:\"2016-08-20/57b7f910e4ced.jpg\";i:1;s:28:\"2016-08-20/57b7f910e6b36.jpg\";i:2;s:28:\"2016-08-20/57b7f910e8b9b.jpg\";i:3;s:28:\"2016-08-20/57b7f910ea8ec.jpg\";i:4;s:28:\"2016-08-20/57b7f910ecb64.jpg\";i:5;s:28:\"2016-08-20/57b7f910eee8f.jpg\";}', '0', '0', '0', '1996', '', null, '23', '', null, null, null, null, '0', '0', '0.00', null, null, '0', 'a:8:{i:0;a:3:{s:11:\"guige_title\";s:39:\"80支苏绣套件（秋香色）200*230\";s:15:\"guige_price_new\";s:8:\"19800.00\";s:16:\"guige_zhongliang\";s:0:\"\";}i:1;a:3:{s:11:\"guige_title\";s:39:\"80支苏绣套件（湖蓝色）200*230\";s:15:\"guige_price_new\";s:8:\"19800.00\";s:16:\"guige_zhongliang\";s:0:\"\";}i:2;a:3:{s:11:\"guige_title\";s:40:\"120支苏绣套件（秋香色）200*230\";s:15:\"guige_price_new\";s:8:\"19800.00\";s:16:\"guige_zhongliang\";s:0:\"\";}i:3;a:3:{s:11:\"guige_title\";s:40:\"120支苏绣套件（湖蓝色）200*230\";s:15:\"guige_price_new\";s:8:\"19800.00\";s:16:\"guige_zhongliang\";s:0:\"\";}i:4;a:3:{s:11:\"guige_title\";s:39:\"80支苏绣套件（秋香色）220*240\";s:15:\"guige_price_new\";s:8:\"22800.00\";s:16:\"guige_zhongliang\";s:0:\"\";}i:5;a:3:{s:11:\"guige_title\";s:39:\"80支苏绣套件（湖蓝色）220*240\";s:15:\"guige_price_new\";s:8:\"22800.00\";s:16:\"guige_zhongliang\";s:0:\"\";}i:6;a:3:{s:11:\"guige_title\";s:40:\"120支苏绣套件（秋香色）220*240\";s:15:\"guige_price_new\";s:8:\"22800.00\";s:16:\"guige_zhongliang\";s:0:\"\";}i:7;a:3:{s:11:\"guige_title\";s:40:\"120支苏绣套件（湖蓝色）220*240\";s:15:\"guige_price_new\";s:8:\"22800.00\";s:16:\"guige_zhongliang\";s:0:\"\";}}', null, '0', '0', '0000-00-00 00:00:00', '0000-00-00 00:00:00', '0', '', '1', null);
INSERT INTO `db_goods` VALUES ('796', '江苏泰州姜堰特产：天鹅宴 酱香天鹅肉鲜香肉类礼品鹅肉特产 熟食', '<p><img src=\"/ueditor/php/upload/image/20161230/1483094747484408.jpg\" alt=\"1483094747484408.jpg\"/></p>', '<p><img alt=\"E103.tmp.jpg\" src=\"/ueditor/php/upload/image/20160823/1471922988317918.jpg\" title=\"1471922988317918.jpg\"/></p>', '1471860132', '', '/Uploads/goods/2016-08-26/58097a19bb50a.jpg', null, '1472111077', '838.00', '418.00', '99', '0', '1', '50', '146', '1', 'a:3:{i:0;s:28:\"2016-08-25/57bea1e530948.jpg\";i:1;s:28:\"2016-08-25/57bea1e5329a2.jpg\";i:2;s:28:\"2016-08-25/57bea1e5347a7.jpg\";}', '0', '0', '0', '40', '', null, '135', '', null, null, null, null, '0', '0', '0.00', null, null, '0', 'N;', null, '0', '0', '0000-00-00 00:00:00', '0000-00-00 00:00:00', '1', '', '1', null);
INSERT INTO `db_goods` VALUES ('797', '江苏泰州姜堰特产：野鸭咸蛋咸鸭蛋黄出油比高正宗(熟)礼品 800g', '<p><img src=\"/ueditor/php/upload/image/20161230/1483094747484408.jpg\" alt=\"1483094747484408.jpg\"/></p>', '<p><img alt=\"E7F3.tmp.jpg\" src=\"/ueditor/php/upload/image/20160823/1471922653371407.jpg\" title=\"1471922653371407.jpg\"/></p>', '1471920235', '', '/Uploads/goods/2016-08-26/58097a19bb50a.jpg', null, '1472108127', '98.00', '65.00', '99', '0', '1', '50', '146', '1', 'a:3:{i:0;s:28:\"2016-08-23/57bbb86b2ffb2.jpg\";i:1;s:28:\"2016-08-23/57bbb86b31fc8.jpg\";i:2;s:28:\"2016-08-23/57bbb86b33cc0.jpg\";}', '0', '0', '0', '3', '', null, '135', '', null, null, null, null, '0', '0', '0.00', null, null, '0', 'N;', null, '0', '0', '0000-00-00 00:00:00', '0000-00-00 00:00:00', '1', '', '1', null);
INSERT INTO `db_goods` VALUES ('798', '神仙想断肠灰天鹅肉 600克', '<p><img src=\"/ueditor/php/upload/image/20161230/1483094747484408.jpg\" alt=\"1483094747484408.jpg\"/></p>', '<p><img alt=\"QQ截图20160823110534.png\" src=\"/ueditor/php/upload/image/20160823/1471921547923892.png\" title=\"1471921547923892.png\"/></p>', '1471921609', '', '/Uploads/goods/2016-08-26/58097a19bb50a.jpg', null, '1472111150', '400.00', '248.00', '99', '0', '1', '50', '146', '1', 'a:3:{i:0;s:28:\"2016-08-25/57bea22e449ab.jpg\";i:1;s:28:\"2016-08-25/57bea22e46e02.jpg\";i:2;s:28:\"2016-08-25/57bea22e48c01.jpg\";}', '0', '0', '0', '25', '', null, '135', '', null, null, null, null, '0', '0', '0.00', null, null, '0', 'N;', null, '0', '0', '0000-00-00 00:00:00', '0000-00-00 00:00:00', '1', '', '1', null);
INSERT INTO `db_goods` VALUES ('799', '神仙想断肠天鹅蛋 900克/盒', '<p><img src=\"/ueditor/php/upload/image/20161230/1483094747484408.jpg\" alt=\"1483094747484408.jpg\"/></p>', null, '1471922162', '', '/Uploads/goods/2016-08-26/58097a19bb50a.jpg', null, '1472108251', '300.00', '200.00', '99', '0', '1', '50', '146', '1', 'a:3:{i:0;s:28:\"2016-08-23/57bbbff222808.jpg\";i:1;s:28:\"2016-08-23/57bbbff2260cf.jpg\";i:2;s:28:\"2016-08-23/57bbbff227e03.jpg\";}', '0', '0', '0', '20', '', null, '135', '', null, null, null, null, '0', '0', '0.00', null, null, '0', 'N;', null, '0', '0', '0000-00-00 00:00:00', '0000-00-00 00:00:00', '1', '', '1', null);
INSERT INTO `db_goods` VALUES ('800', '江苏泰州姜堰特产  野兔肉  500g', '<p><img src=\"/ueditor/php/upload/image/20161230/1483094747484408.jpg\" alt=\"1483094747484408.jpg\"/></p>', '<p><img alt=\"参数.jpg\" src=\"/ueditor/php/upload/image/20160823/1471922661930476.jpg\" title=\"1471922661930476.jpg\"/></p>', '1471922238', '', '/Uploads/goods/2016-08-26/58097a19bb50a.jpg', null, '1472108222', '200.00', '104.00', '99', '0', '1', '50', '146', '1', 'a:4:{i:0;s:28:\"2016-08-23/57bbc03e51f89.jpg\";i:1;s:28:\"2016-08-23/57bbc03e55261.jpg\";i:2;s:28:\"2016-08-23/57bbc03e580f5.jpg\";i:3;s:28:\"2016-08-23/57bbc03e5a162.jpg\";}', '0', '0', '0', '10', '', null, '135', '', null, null, null, null, '0', '0', '0.00', null, null, '0', 'N;', null, '0', '0', '0000-00-00 00:00:00', '0000-00-00 00:00:00', '1', '', '1', null);
INSERT INTO `db_goods` VALUES ('801', '乡乡嘴豆板筋 手撕素肉26g*20包 香辣/牛肉/混合味  （两）盒', '<p><img src=\"/ueditor/php/upload/image/20161230/1483094747484408.jpg\" alt=\"1483094747484408.jpg\"/></p>', '<ul class=\" list-paddingleft-2\" id=\"J_AttrUL\" style=\"list-style-type: none;\"><li><p>生产许可证编号：QS4305 2501 0652</p></li><li><p>厂名：湖南乡乡嘴食品有限公司</p></li><li><p>厂址：武冈市春光路工业园区</p></li><li><p>厂家联系方式：021-57275756</p></li><li><p>配料表：大豆蛋白 水 大豆油 牛肉汁等</p></li><li><p>储藏方法：置于阴凉干燥处，避免阳光直射</p></li><li><p>保质期：270 天</p></li><li><p>食品添加剂：见包装</p></li><li><p>商品条形码:&nbsp;6921326700464</p></li><li><p>重量(g):&nbsp;520</p></li><li><p>包装方式:&nbsp;包装</p></li><li><p>口味:&nbsp;牛肉味520g&nbsp;混合装520g&nbsp;香辣味</p></li><li><p>豆制品种类:&nbsp;其他/other</p></li><li><p>品牌:&nbsp;乡乡嘴</p></li><li><p>系列:&nbsp;豆板筋26g*20包</p></li><li><p>产地:&nbsp;中国大陆</p></li><li><p>省份:&nbsp;湖南省</p></li></ul><p><br/></p>', '1471938557', '', '/Uploads/goods/2016-08-26/58097a19bb50a.jpg', null, null, '78.00', '40.00', '99', '1', '1', '3', '52', '1', 'a:4:{i:0;s:28:\"2016-08-23/57bbfffd83e2e.jpg\";i:1;s:28:\"2016-08-23/57bbfffd86458.jpg\";i:2;s:28:\"2016-08-23/57bbfffd883ef.jpg\";i:3;s:28:\"2016-08-23/57bbfffd8a1f6.jpg\";}', '0', '0', '0', '3', '', null, '51', '', null, null, null, null, '0', null, '0.00', null, null, '0', 'a:3:{i:0;a:3:{s:11:\"guige_title\";s:9:\"香辣味\";s:15:\"guige_price_new\";s:2:\"40\";s:16:\"guige_zhongliang\";s:0:\"\";}i:1;a:3:{s:11:\"guige_title\";s:9:\"牛肉味\";s:15:\"guige_price_new\";s:2:\"40\";s:16:\"guige_zhongliang\";s:0:\"\";}i:2;a:3:{s:11:\"guige_title\";s:9:\"混合味\";s:15:\"guige_price_new\";s:2:\"40\";s:16:\"guige_zhongliang\";s:0:\"\";}}', null, '0', '0', '0000-00-00 00:00:00', '0000-00-00 00:00:00', '1', '', '1', null);
INSERT INTO `db_goods` VALUES ('802', '乡乡嘴鱼仔 小汁鱼 16g*20包  酱汁/诱辣/混合味  （两）盒', '<p><img src=\"/ueditor/php/upload/image/20161230/1483094747484408.jpg\" alt=\"1483094747484408.jpg\"/></p>', '<ul class=\" list-paddingleft-2\" id=\"J_AttrUL\" style=\"list-style-type: none;\"><li><p>生产许可证编号：QS4305 2202 0463</p></li><li><p>产品标准号：DBS43/006</p></li><li><p>厂名：湖南乡乡嘴食品有限公司</p></li><li><p>厂址：武冈市春光路工业园区</p></li><li><p>厂家联系方式：4006231666</p></li><li><p>配料表：鱼仔、食用植物油 食用盐 味精 辣椒 花椒 桂皮 孜然等</p></li><li><p>储藏方法：请在25℃以下阴凉通风无污染处储存 避免阳光照射</p></li><li><p>保质期：270 天</p></li><li><p>食品添加剂：无</p></li><li><p>净含量:&nbsp;320g</p></li><li><p>包装方式:&nbsp;包装</p></li><li><p>品牌:&nbsp;乡乡嘴</p></li><li><p>系列:&nbsp;鱼仔</p></li><li><p>商品条形码:&nbsp;6921326700006</p></li><li><p>鱼制品种类:&nbsp;鱼干</p></li><li><p>水产类品种:&nbsp;其他/other</p></li><li><p>口味:&nbsp;秘香味20包 2星辣&nbsp;酱汁味20包 3星辣&nbsp;山椒味20包 4星辣&nbsp;诱辣味20包 5星辣&nbsp;混合味20包</p></li><li><p>是否含糖:&nbsp;含糖</p></li><li><p>产地:&nbsp;中国大陆</p></li><li><p>省份:&nbsp;湖南省</p></li><li><p>城市:&nbsp;邵阳市</p></li><li><p>特产品类:&nbsp;毛毛鱼</p></li></ul><p><br/></p>', '1471941026', '', '/Uploads/goods/2016-08-26/58097a19bb50a.jpg', null, '1471941104', '78.00', '40.00', '99', '0', '1', '3', '52', '1', 'a:5:{i:0;s:28:\"2016-08-23/57bc09a28d735.jpg\";i:1;s:28:\"2016-08-23/57bc09a2903d8.jpg\";i:2;s:28:\"2016-08-23/57bc09a292bfb.jpg\";i:3;s:28:\"2016-08-23/57bc09a295923.jpg\";i:4;s:28:\"2016-08-23/57bc09a298103.jpg\";}', '0', '0', '0', '2', '', null, '51', '', null, null, null, null, '0', '0', '0.00', null, null, '0', 'a:3:{i:0;a:3:{s:11:\"guige_title\";s:9:\"酱汁味\";s:15:\"guige_price_new\";s:2:\"40\";s:16:\"guige_zhongliang\";s:0:\"\";}i:1;a:3:{s:11:\"guige_title\";s:9:\"诱辣味\";s:15:\"guige_price_new\";s:2:\"40\";s:16:\"guige_zhongliang\";s:0:\"\";}i:2;a:3:{s:11:\"guige_title\";s:9:\"混合味\";s:15:\"guige_price_new\";s:2:\"40\";s:16:\"guige_zhongliang\";s:0:\"\";}}', null, '0', '0', '0000-00-00 00:00:00', '0000-00-00 00:00:00', '1', '', '1', null);
INSERT INTO `db_goods` VALUES ('803', '诺一小王子法式酸奶味夹心蒸蛋糕奶香1000g （一）箱', '<p><img src=\"/ueditor/php/upload/image/20161230/1483094747484408.jpg\" alt=\"1483094747484408.jpg\"/></p>', '<ul class=\" list-paddingleft-2\" id=\"J_AttrUL\" style=\"list-style-type: none;\"><li><p>生产许可证编号：QS3301 2401 1212</p></li><li><p>产品标准号：GB/T20977</p></li><li><p>厂名：浙江小王子食品股份有限公司</p></li><li><p>厂址：杭州市临安小王子路48号小王子食品工业园区</p></li><li><p>厂家联系方式：021-57275756</p></li><li><p>配料表：鲜鸡蛋 小麦粉 白砂糖等</p></li><li><p>储藏方法：置于阴凉干燥处，避免阳光直射</p></li><li><p>保质期：45 天</p></li><li><p>食品添加剂：见包装</p></li><li><p>净含量:&nbsp;1000g</p></li><li><p>包装方式:&nbsp;包装</p></li><li><p>口味:&nbsp;法式酸奶味1000g</p></li><li><p>是否为有机食品:&nbsp;否</p></li><li><p>糕点种类:&nbsp;其他/other</p></li><li><p>品牌:&nbsp;小王子</p></li><li><p>系列:&nbsp;诺一小王子夹心蒸蛋糕</p></li><li><p>是否含糖:&nbsp;含糖</p></li><li><p>产地:&nbsp;中国大陆</p></li><li><p>省份:&nbsp;浙江省</p></li></ul><p><br/></p>', '1471942722', '', '/Uploads/goods/2016-08-26/58097a19bb50a.jpg', null, '1472609684', '59.00', '46.90', '99', '0', '1', '1', '52', '1', 'a:4:{i:0;s:28:\"2016-08-23/57bc1042cb49a.jpg\";i:1;s:28:\"2016-08-23/57bc1042cd022.jpg\";i:2;s:28:\"2016-08-23/57bc1042cf2b9.jpg\";i:3;s:28:\"2016-08-23/57bc1042d1026.jpg\";}', '0', '0', '0', '3', '', null, '51', '', null, null, null, null, '0', '0', '0.00', null, null, '0', 'N;', null, '0', '0', '0000-00-00 00:00:00', '0000-00-00 00:00:00', '1', '', '1', null);
INSERT INTO `db_goods` VALUES ('804', '盼盼手撕面包整箱1000g休闲零食品早餐糕点 ', '<p><img src=\"/ueditor/php/upload/image/20161230/1483094747484408.jpg\" alt=\"1483094747484408.jpg\"/></p>', '<ul class=\" list-paddingleft-2\" id=\"J_AttrUL\" style=\"list-style-type: none;\"><li><p>生产许可证编号：QS3411 2401 0829</p></li><li><p>厂名：安徽盼盼食品有限公司</p></li><li><p>厂址：安徽省滁州市经济技术开发区城东工业园长江西路365号</p></li><li><p>厂家联系方式：021-57275756</p></li><li><p>配料表：小麦粉、人造奶油、白砂糖、水等</p></li><li><p>储藏方法：请置于阴凉干燥处</p></li><li><p>保质期：180 天</p></li><li><p>食品添加剂：见包装</p></li><li><p>净含量:&nbsp;1000g</p></li><li><p>包装方式:&nbsp;包装</p></li><li><p>口味:&nbsp;手撕面包</p></li><li><p>糕点种类:&nbsp;西式糕点</p></li><li><p>品牌:&nbsp;盼盼</p></li><li><p>系列:&nbsp;手撕面包1000g</p></li><li><p>是否含糖:&nbsp;含糖</p></li><li><p>产地:&nbsp;中国大陆</p></li><li><p>省份:&nbsp;安徽省</p></li></ul><p><br/></p>', '1471944750', '', '/Uploads/goods/2016-08-26/58097a19bb50a.jpg', null, '1472609770', '48.00', '39.80', '99', '0', '1', '2', '52', '1', 'a:4:{i:0;s:28:\"2016-08-23/57bc182ebb0dc.jpg\";i:1;s:28:\"2016-08-23/57bc182ebd061.jpg\";i:2;s:28:\"2016-08-23/57bc182ebf1bf.jpg\";i:3;s:28:\"2016-08-23/57bc182ec12f3.jpg\";}', '0', '0', '0', '3', '', null, '51', '', null, null, null, null, '0', '0', '0.00', null, null, '0', 'N;', null, '0', '0', '0000-00-00 00:00:00', '0000-00-00 00:00:00', '1', '', '1', null);
INSERT INTO `db_goods` VALUES ('805', '韩国进口果汁饮料 乐天lotte饮料三种口味 9 罐装', '<p><img src=\"/ueditor/php/upload/image/20161230/1483094747484408.jpg\" alt=\"1483094747484408.jpg\"/></p>', '<ul class=\" list-paddingleft-2\" id=\"J_AttrUL\" style=\"list-style-type: none;\"><li><p>厂名：韩国乐天制果株式会社</p></li><li><p>厂址：韩国</p></li><li><p>厂家联系方式：021-57275756</p></li><li><p>配料表：水、果葡萄浆、等</p></li><li><p>储藏方法：置于阴凉干燥处，避免阳光直射</p></li><li><p>保质期：540 天</p></li><li><p>食品添加剂：见包装</p></li><li><p>包装方式:&nbsp;散装</p></li><li><p>商品条形码:&nbsp;8801056002107</p></li><li><p>品牌:&nbsp;Lotte/乐天</p></li><li><p>系列:&nbsp;饮料9瓶装</p></li><li><p>产地:&nbsp;韩国</p></li><li><p>包装种类:&nbsp;罐装</p></li><li><p>净含量:&nbsp;1L及以上</p></li><li><p>是否进口:&nbsp;进口</p></li></ul><p><br/></p>', '1472007632', '', '/Uploads/goods/2016-08-26/58097a19bb50a.jpg', null, '1472117114', '89.00', '37.80', '99', '0', '1', '1', '57', '1', 'a:1:{i:0;s:28:\"2016-08-24/57bd0dd05a319.jpg\";}', '0', '0', '0', '3', '', null, '51', '', null, null, null, null, '0', '0', '0.00', null, null, '0', 'N;', null, '0', '0', '0000-00-00 00:00:00', '0000-00-00 00:00:00', '1', '', '1', null);
INSERT INTO `db_goods` VALUES ('806', '卜珂蔓越莓曲奇饼干/榛子巧克力/海苔口味袋装200g 三口味各一包', '<p><img src=\"/ueditor/php/upload/image/20161230/1483094747484408.jpg\" alt=\"1483094747484408.jpg\"/></p>', '<ul class=\" list-paddingleft-2\" id=\"J_AttrUL\" style=\"list-style-type: none;\"><li><p>生产许可证编号：QS3205 2401 1870</p></li><li><p>产品标准号：GB/T 20980</p></li><li><p>厂名：苏州北纬拾贰度食品有限公司</p></li><li><p>厂址：江苏省苏州市太仓市城厢镇东仓北路188号</p></li><li><p>厂家联系方式：021-57275756</p></li><li><p>配料表：小麦粉，奶油，白砂糖，鸡蛋等</p></li><li><p>储藏方法：置于阴凉干燥处，避免阳光直射</p></li><li><p>保质期：270 天</p></li><li><p>食品添加剂：见包装</p></li><li><p>产品名称：卜珂 曲奇饼干200g*3包组</p></li><li><p>净含量:&nbsp;600g</p></li><li><p>包装方式:&nbsp;包装</p></li><li><p>商品条形码:&nbsp;6955329200287</p></li><li><p>是否为有机食品:&nbsp;否</p></li><li><p>糕点种类:&nbsp;曲奇饼干</p></li><li><p>品牌:&nbsp;卜珂</p></li><li><p>系列:&nbsp;曲奇饼干200g*3包组</p></li><li><p>热销系列:&nbsp;组合系列</p></li><li><p>是否含糖:&nbsp;含糖</p></li><li><p>产地:&nbsp;中国大陆</p></li><li><p>省份:&nbsp;浙江省</p></li><li><p>是否进口:&nbsp;国产</p></li></ul><p><br/></p>', '1472009329', '', '/Uploads/goods/2016-08-26/58097a19bb50a.jpg', null, null, '42.80', '27.50', '99', '0', '1', '1', '52', '1', 'a:4:{i:0;s:28:\"2016-08-24/57bd14714fa2a.jpg\";i:1;s:28:\"2016-08-24/57bd147151760.jpg\";i:2;s:28:\"2016-08-24/57bd147153cb5.jpg\";i:3;s:28:\"2016-08-24/57bd147159fd1.jpg\";}', '0', '0', '0', '2', '', null, '51', '', null, null, null, null, '0', null, '0.00', null, null, '0', 'N;', null, '0', '0', '0000-00-00 00:00:00', '0000-00-00 00:00:00', '1', '', '1', null);
INSERT INTO `db_goods` VALUES ('807', '比利时风味 利拉焦糖黑糖饼干1000g ', '<p><img src=\"/ueditor/php/upload/image/20161230/1483094747484408.jpg\" alt=\"1483094747484408.jpg\"/></p>', '<p>产品：比利时风味 利拉焦糖黑糖饼干1000g <br/></p><p>口味：焦糖味、黑糖味</p><p>规格：500g</p><p>配料：小麦粉、白砂糖、食用植物油、冰糖糖浆、奶油、全脂奶粉、鸡蛋、大豆粉等</p><p>存储方式：保存于阴凉、避光处</p><p>保质期：365天</p><p>产地：上海<br/></p>', '1472016295', '', '/Uploads/goods/2016-08-26/58097a19bb50a.jpg', null, '1472205495', '78.00', '43.20', '99', '0', '1', '50', '52', '1', 'a:1:{i:0;s:28:\"2016-08-24/57bd2fa762497.jpg\";}', '0', '0', '0', '5', '500g', null, '51', '', null, null, null, null, '0', '0', '0.00', null, null, '0', 'N;', null, '0', '0', '0000-00-00 00:00:00', '0000-00-00 00:00:00', '0', '', '1', null);
INSERT INTO `db_goods` VALUES ('808', '比利时利拉咖啡味饼干 1000g', '<p><img src=\"/ueditor/php/upload/image/20161230/1483094747484408.jpg\" alt=\"1483094747484408.jpg\"/></p>', '<p>产品：比利时利拉咖啡味饼干 1000g</p><p>规格：1000g</p><p>产地：比利时</p><p>生产日期：见包装</p><p><br/></p>', '1472023037', '', '/Uploads/goods/2016-08-26/58097a19bb50a.jpg', null, '1472102571', '88.00', '43.20', '99', '0', '1', '50', '52', '1', 'a:1:{i:0;s:28:\"2016-08-24/57bd49fdd62b4.jpg\";}', '0', '0', '2', '2', '', null, '51', '', null, null, null, null, '0', '0', '0.00', null, null, '0', 'N;', null, '0', '0', '0000-00-00 00:00:00', '0000-00-00 00:00:00', '0', '', '1', null);
INSERT INTO `db_goods` VALUES ('809', '奥地利进口Loacker莱家威化提拉米苏味110g*2卡布奇诺110g*2', '<p><img src=\"/ueditor/php/upload/image/20161230/1483094747484408.jpg\" alt=\"1483094747484408.jpg\"/></p>', '<p>产品：奥地利进口Loacker莱家威化提拉米苏味110g*2卡布奇诺110g*2</p><p>产地：奥地利</p><p>规格：11g</p><p>保质期：540天<br/></p>', '1472029015', '', '/Uploads/goods/2016-08-26/58097a19bb50a.jpg', null, '1472102460', '108.00', '63.20', '99', '0', '1', '50', '52', '1', 'a:1:{i:0;s:28:\"2016-08-24/57bd6157d57ac.jpg\";}', '0', '0', '5', '5', '', null, '51', '', null, null, null, null, '0', '0', '0.00', null, null, '0', 'N;', null, '0', '0', '0000-00-00 00:00:00', '0000-00-00 00:00:00', '0', '', '1', null);
INSERT INTO `db_goods` VALUES ('810', 'Aji苏打饼干超值3包套装 酵母减盐味+五谷纤麦味', '<p><img src=\"/ueditor/php/upload/image/20161230/1483094747484408.jpg\" alt=\"1483094747484408.jpg\"/></p>', '<p>名称：Aji苏打饼干超值3包套装 酵母减盐味+五谷纤麦味</p><p>规格：472.5g</p><p>产地：中国</p><p>保质期：1年</p><p>存储方式：拆封后请尽早使用，避免阳光直射及高温潮湿，请置放于干凉处</p><p><br/></p><p><br/></p><p><br/></p><p><br/></p>', '1472093196', '', '/Uploads/goods/2016-08-26/58097a19bb50a.jpg', null, '1472611729', '45.00', '35.80', '99', '0', '1', '50', '52', '1', 'a:1:{i:0;s:28:\"2016-08-25/57be5c0c859c2.jpg\";}', '0', '0', '1', '2', '', null, '51', '', null, null, null, null, '0', '0', '0.00', null, null, '0', 'N;', null, '0', '0', '0000-00-00 00:00:00', '0000-00-00 00:00:00', '1', '', '1', null);
INSERT INTO `db_goods` VALUES ('811', '营养果元 糖水黄桃罐头425g 6件', '<p><img src=\"/ueditor/php/upload/image/20161230/1483094747484408.jpg\" alt=\"1483094747484408.jpg\"/></p>', '<ul class=\" list-paddingleft-2\" id=\"J_AttrUL\" style=\"list-style-type: none;\"><li><p>生产许可证编号：QS3413 0901 0003</p></li><li><p>厂名：宿州皇冠食品有限公司</p></li><li><p>厂址：安徽省宿州市砀山县经济开发区</p></li><li><p>厂家联系方式：021-57275756</p></li><li><p>配料表：黄桃、水、白砂糖等</p></li><li><p>储藏方法：置于阴凉干燥处，避免阳光直射</p></li><li><p>保质期：730 天</p></li><li><p>食品添加剂：见包装</p></li><li><p>净含量:&nbsp;425g</p></li><li><p>包装方式:&nbsp;包装</p></li><li><p>品牌:&nbsp;营养果元</p></li><li><p>系列:&nbsp;黄桃罐头425g</p></li><li><p>商品条形码:&nbsp;6951502808301</p></li><li><p>种类:&nbsp;水果罐头</p></li><li><p>产地:&nbsp;中国大陆</p></li><li><p>省份:&nbsp;安徽省</p></li><li><p>城市:&nbsp;宿州市</p></li></ul><p><br/></p>', '1472096506', '', '/Uploads/goods/2016-08-26/58097a19bb50a.jpg', null, '1472116944', '67.80', '39.60', '99', '1', '1', '1', '57', '1', 'a:3:{i:0;s:28:\"2016-08-25/57be68fa985c5.jpg\";i:1;s:28:\"2016-08-25/57be68fa9a4a0.jpg\";i:2;s:28:\"2016-08-25/57be68fa9c531.jpg\";}', '0', '0', '0', '3', '', null, '51', '', null, null, null, null, '0', '0', '0.00', null, null, '0', 'N;', null, '0', '0', '0000-00-00 00:00:00', '0000-00-00 00:00:00', '1', '', '1', null);
INSERT INTO `db_goods` VALUES ('812', '大白兔 奶糖铁罐装 114g  （两）罐', '<p><img src=\"/ueditor/php/upload/image/20161230/1483094747484408.jpg\" alt=\"1483094747484408.jpg\"/></p>', '<ul class=\" list-paddingleft-2\" id=\"J_AttrUL\" style=\"list-style-type: none;\"><li><p>生产许可证编号：QS3120 1301 0207</p></li><li><p>厂名：上海冠生园食品有限公司奉贤分公司</p></li><li><p>厂址：上海市奉贤区星火开发区惠阳路8号</p></li><li><p>厂家联系方式：021-57275756</p></li><li><p>配料表：液体麦芽糖，白砂糖，全脂奶粉，奶油等</p></li><li><p>储藏方法：置于阴凉干燥处，避免阳光直射</p></li><li><p>保质期：540 天</p></li><li><p>食品添加剂：见包装</p></li><li><p>产品名称：大白兔 奶糖114g</p></li><li><p>产品:&nbsp;软糖</p></li><li><p>净含量:&nbsp;114g</p></li><li><p>包装方式:&nbsp;包装</p></li><li><p>包装种类:&nbsp;盒装</p></li><li><p>品牌:&nbsp;大白兔</p></li><li><p>系列:&nbsp;奶糖114g</p></li><li><p>是否含糖:&nbsp;含糖</p></li><li><p>产地:&nbsp;中国大陆</p></li><li><p>省份:&nbsp;上海</p></li></ul><p><br/></p>', '1472103326', '', '/Uploads/goods/2016-08-26/58097a19bb50a.jpg', null, '1472116844', '48.90', '26.40', '99', '0', '1', '2', '52', '1', 'a:4:{i:0;s:28:\"2016-08-25/57be839e870a8.jpg\";i:1;s:28:\"2016-08-25/57be839e88f4e.jpg\";i:2;s:28:\"2016-08-25/57be839e8ad56.jpg\";i:3;s:28:\"2016-08-25/57be839e8cf16.jpg\";}', '0', '0', '0', '3', '', null, '51', '', null, null, null, null, '0', '0', '0.00', null, null, '0', 'N;', null, '0', '0', '0000-00-00 00:00:00', '0000-00-00 00:00:00', '1', '', '1', null);
INSERT INTO `db_goods` VALUES ('813', '千烨金刚罗汉果植物饮料 无糖植物饮料 310ml/瓶*24', '<p><img src=\"/ueditor/php/upload/image/20161230/1483094747484408.jpg\" alt=\"1483094747484408.jpg\"/></p>', '<p>产品：千烨金刚罗汉果植物饮料&nbsp;&nbsp;&nbsp;&nbsp; 无糖植物饮料&nbsp; 310ml/瓶*24</p><p>成分：罗汉果</p><p>规格：310ml/瓶*24</p><p>食用方式：直接食用</p><p>保质期：12个月</p><p>储存方式:密封、避光、置放干燥处<br/></p>', '1472103896', '', '/Uploads/goods/2016-08-26/58097a19bb50a.jpg', null, '1472202110', '150.00', '96.00', '99', '1', '1', '1', '147', '1', 'a:3:{i:0;s:28:\"2016-08-26/57c0057e3b87e.jpg\";i:1;s:28:\"2016-08-26/57c0057e3ddbb.jpg\";i:2;s:28:\"2016-08-26/57c0057e40364.jpg\";}', '0', '0', '0', '12', '', null, '51', '', null, null, null, null, '0', '0', '0.00', null, null, '0', 'N;', null, '0', '0', '0000-00-00 00:00:00', '0000-00-00 00:00:00', '1', '', '1', null);
INSERT INTO `db_goods` VALUES ('814', '台湾进口 升田 黑糖麦芽饼 200g 角切黑糖 饼干零食', '<p><img src=\"/ueditor/php/upload/image/20161230/1483094747484408.jpg\" alt=\"1483094747484408.jpg\"/></p>', null, '1472107303', '', '/Uploads/goods/2016-08-26/58097a19bb50a.jpg', null, null, '35.00', '18.80', '99', '0', '1', '50', '52', '1', 'a:1:{i:0;s:28:\"2016-08-25/57be9327bb69b.jpg\";}', '0', '0', '2', '2', '', null, '51', '', null, null, null, null, '0', null, '0.00', null, null, '0', 'N;', null, '0', '0', '0000-00-00 00:00:00', '0000-00-00 00:00:00', '0', '', '1', null);
INSERT INTO `db_goods` VALUES ('815', '艾彼德葵花籽油 1L*2（2瓶）', '<p><img src=\"/ueditor/php/upload/image/20161230/1483094747484408.jpg\" alt=\"1483094747484408.jpg\"/></p>', null, '1472111456', '', '/Uploads/goods/2016-08-26/58097a19bb50a.jpg', null, '1472277683', '50.00', '59.00', '0', '0', '1', '50', '47', '1', 'a:5:{i:0;s:28:\"2016-08-25/57bea360805e0.jpg\";i:1;s:28:\"2016-08-25/57bea36081f8a.jpg\";i:2;s:28:\"2016-08-25/57bea36083c9b.jpg\";i:3;s:28:\"2016-08-25/57bea36085aab.jpg\";i:4;s:28:\"2016-08-25/57bea3608758e.jpg\";}', '0', '0', '0', '7', '', null, '16', '', null, null, null, null, '0', '0', '0.00', null, null, '0', 'N;', null, '0', '0', '0000-00-00 00:00:00', '0000-00-00 00:00:00', '0', '', '1', null);
INSERT INTO `db_goods` VALUES ('816', '土耳其原装进口 ABIDE  葵花籽油 5L装 (非转基因） ', '<p><img src=\"/ueditor/php/upload/image/20161230/1483094747484408.jpg\" alt=\"1483094747484408.jpg\"/></p>', null, '1472113471', '', '/Uploads/goods/2016-08-26/58097a19bb50a.jpg', null, '1472277537', '125.00', '98.00', '0', '1', '1', '50', '47', '1', 'a:4:{i:0;s:28:\"2016-08-25/57beab3f94866.jpg\";i:1;s:28:\"2016-08-25/57beab3f96cb2.jpg\";i:2;s:28:\"2016-08-25/57beab3f98ede.jpg\";i:3;s:28:\"2016-08-25/57beab3f9b0b6.jpg\";}', '0', '0', '0', '6', '', null, '16', '', null, null, null, null, '0', '0', '0.00', null, null, '0', 'N;', null, '0', '0', '0000-00-00 00:00:00', '0000-00-00 00:00:00', '1', '', '1', null);
INSERT INTO `db_goods` VALUES ('817', '清之坊  酱烤肉粒200g+猪肉铺 188g+曲酒香肠200g（三）袋装', '<p><img src=\"/ueditor/php/upload/image/20161230/1483094747484408.jpg\" alt=\"1483094747484408.jpg\"/></p>', null, '1472183106', '', '/Uploads/goods/2016-08-26/58097a19bb50a.jpg', null, null, '78.80', '51.90', '99', '1', '1', '1', '52', '1', 'a:4:{i:0;s:28:\"2016-08-26/57bfbb42b5217.jpg\";i:1;s:28:\"2016-08-26/57bfbb42b6ef2.jpg\";i:2;s:28:\"2016-08-26/57bfbb42b8934.jpg\";i:3;s:28:\"2016-08-26/57bfbb42ba681.jpg\";}', '0', '0', '0', '2', '', null, '51', '', null, null, null, null, '0', null, '0.00', null, null, '0', 'N;', null, '0', '0', '0000-00-00 00:00:00', '0000-00-00 00:00:00', '1', '', '1', null);
INSERT INTO `db_goods` VALUES ('822', '稻花香1号大米  恒大兴安绿色大米 5kg ', '<p><img src=\"/ueditor/php/upload/image/20161230/1483094747484408.jpg\" alt=\"1483094747484408.jpg\"/></p>', '<p><img alt=\"详情页3.jpg\" src=\"/ueditor/php/upload/image/20160826/1472199254631104.jpg\" title=\"1472199254631104.jpg\"/></p>', '1472199271', '', '/Uploads/goods/2016-08-26/58097a19bb50a.jpg', null, null, '90.00', '79.00', '99', '1', '1', '50', '46', '1', 'a:4:{i:0;s:28:\"2016-08-26/57bffa67ab628.jpg\";i:1;s:28:\"2016-08-26/57bffa67ae032.jpg\";i:2;s:28:\"2016-08-26/57bffa67afe2e.jpg\";i:3;s:28:\"2016-08-26/57bffa67b2502.jpg\";}', '0', '0', '0', '6', '', null, '16', '', null, null, null, null, '0', null, '0.00', null, null, '0', 'N;', null, '0', '0', '0000-00-00 00:00:00', '0000-00-00 00:00:00', '1', '', '1', null);
INSERT INTO `db_goods` VALUES ('823', '稻花香1号大米 恒大兴安精品长粒香 5Kg', '<p><img src=\"/ueditor/php/upload/image/20161230/1483094747484408.jpg\" alt=\"1483094747484408.jpg\"/></p>', null, '1472199443', '', '/Uploads/goods/2016-08-26/58097a19bb50a.jpg', null, '1472199505', '90.00', '79.00', '99', '0', '1', '50', '46', '1', 'a:1:{i:0;s:28:\"2016-08-26/57bffb13a2a63.jpg\";}', '0', '0', '6', '0', '', null, '16', '', null, null, null, null, '0', '0', '0.00', null, null, '0', 'N;', null, '0', '0', '0000-00-00 00:00:00', '0000-00-00 00:00:00', '0', '', '1', null);
INSERT INTO `db_goods` VALUES ('824', '德国进口Aro圆形纯棉化妆棉一次性卸妆棉 无絮敷水清洁100张/包（2包装）', '<p><img src=\"/ueditor/php/upload/image/20161230/1483094747484408.jpg\" alt=\"1483094747484408.jpg\"/></p>', '<p><img alt=\"TB2R0_JqFXXXXctXXXXXXXXXXXX_!!88047297.jpg\" src=\"/ueditor/php/upload/image/20160827/1472264533351139.jpg\" title=\"1472264533351139.jpg\"/></p>', '1472264988', '', '/Uploads/goods/2016-08-26/58097a19bb50a.jpg', null, '1472267473', '88.00', '48.00', '99', '0', '1', '50', '121', '1', 'a:4:{i:0;s:28:\"2016-08-27/57c104d1444de.jpg\";i:1;s:28:\"2016-08-27/57c104d1467dd.jpg\";i:2;s:28:\"2016-08-27/57c104d148c95.jpg\";i:3;s:28:\"2016-08-27/57c104d14ab12.jpg\";}', '0', '0', '0', '6', '', null, '17', '', null, null, null, null, '0', '0', '0.00', null, null, '0', 'N;', null, '0', '0', '0000-00-00 00:00:00', '0000-00-00 00:00:00', '0', '', '1', null);
INSERT INTO `db_goods` VALUES ('825', '德国进口喜宝HIPP小鸭子婴儿宝宝儿童泡沫洗手液250ml 免敏非免洗', '<p><img src=\"/ueditor/php/upload/image/20161230/1483094747484408.jpg\" alt=\"1483094747484408.jpg\"/></p>', null, '1472265041', '', '/Uploads/goods/2016-08-26/58097a19bb50a.jpg', null, null, '108.00', '59.00', '99', '0', '1', '50', '103', '1', 'N;', '0', '0', '3', '3', '', null, '19', '', null, null, null, null, '0', null, '0.00', null, null, '0', 'N;', null, '0', '0', '0000-00-00 00:00:00', '0000-00-00 00:00:00', '0', '', '1', null);
INSERT INTO `db_goods` VALUES ('826', '德国双心 大蒜精 山楂提取物480粒 消除疲劳 调节三高', '<p><img src=\"/ueditor/php/upload/image/20161230/1483094747484408.jpg\" alt=\"1483094747484408.jpg\"/></p>', '<p><img alt=\"参数.jpg\" src=\"/ueditor/php/upload/image/20160827/1472265303766611.jpg\" title=\"1472265303766611.jpg\"/></p>', '1472265202', '', '/Uploads/goods/2016-08-26/58097a19bb50a.jpg', null, '1472266007', '0.00', '0.00', '0', '0', '0', '50', '58', '1', 'a:3:{i:0;s:28:\"2016-08-27/57c0fbf2cc63a.jpg\";i:1;s:28:\"2016-08-27/57c0fbf2ce53e.jpg\";i:2;s:28:\"2016-08-27/57c0fbf2d0309.jpg\";}', '0', '0', '0', '0', '', null, '44', '', null, null, null, null, '0', '0', '0.00', null, null, '0', 'N;', null, '0', '0', '0000-00-00 00:00:00', '0000-00-00 00:00:00', '0', '', '1', null);
INSERT INTO `db_goods` VALUES ('827', '德国Hipp喜宝宝宝儿童小鸭子泡沫洗手洗脸液 补充替换袋装250m', '<p><img src=\"/ueditor/php/upload/image/20161230/1483094747484408.jpg\" alt=\"1483094747484408.jpg\"/></p>', null, '1472265511', '', '/Uploads/goods/2016-08-26/58097a19bb50a.jpg', null, null, '108.00', '60.00', '99', '0', '1', '50', '103', '1', 'a:1:{i:0;s:28:\"2016-08-27/57c0fd271b2d4.jpg\";}', '0', '0', '9', '9', '', null, '19', '', null, null, null, null, '0', null, '0.00', null, null, '0', 'N;', null, '0', '0', '0000-00-00 00:00:00', '0000-00-00 00:00:00', '0', '', '1', null);
INSERT INTO `db_goods` VALUES ('828', '有机杏仁免敏面霜50m', '<p><img src=\"/ueditor/php/upload/image/20161230/1483094747484408.jpg\" alt=\"1483094747484408.jpg\"/></p>', null, '1472266226', '', '/Uploads/goods/2016-08-26/58097a19bb50a.jpg', null, null, '88.00', '55.00', '99', '0', '1', '50', '103', '1', 'a:2:{i:0;s:28:\"2016-08-27/57c0fff1f3080.jpg\";i:1;s:28:\"2016-08-27/57c0fff200a06.jpg\";}', '0', '0', '6', '6', '', null, '19', '', null, null, null, null, '0', null, '0.00', null, null, '0', 'N;', null, '0', '0', '0000-00-00 00:00:00', '0000-00-00 00:00:00', '0', '', '1', null);
INSERT INTO `db_goods` VALUES ('829', 'IPP喜宝天然有机免敏杏仁油婴儿润肤面霜护肤霜75ml', '<p><img src=\"/ueditor/php/upload/image/20161230/1483094747484408.jpg\" alt=\"1483094747484408.jpg\"/></p>', null, '1472266710', '', '/Uploads/goods/2016-08-26/58097a19bb50a.jpg', null, null, '88.00', '55.00', '99', '0', '1', '50', '103', '1', 'a:1:{i:0;s:28:\"2016-08-27/57c101d6c28f8.jpg\";}', '0', '0', '7', '7', '', null, '19', '', null, null, null, null, '0', null, '0.00', null, null, '0', 'N;', null, '0', '0', '0000-00-00 00:00:00', '0000-00-00 00:00:00', '0', '', '1', null);
INSERT INTO `db_goods` VALUES ('830', '德国L\'oreal欧莱雅 男士洗面奶 控油炭爽净亮洁面乳150ML', '<p><img src=\"/ueditor/php/upload/image/20161230/1483094747484408.jpg\" alt=\"1483094747484408.jpg\"/></p>', '<p><span style=\"color: rgb(61, 133, 198);\"><span style=\"font-family: simhei;\"><strong><span style=\"font-size: 18px;\"><span style=\"color: rgb(255, 153, 0);\">【产品名称】</span>德国loreal/欧莱雅 男士洗面奶控油炭爽净亮洁面乳膏 美白</span></strong></span></span></p><p><span style=\"color: rgb(61, 133, 198);\"><span style=\"font-family: simhei;\"><strong><span style=\"font-size: 18px;\"><span style=\"color: rgb(255, 153, 0);\">【产品德语】</span>loreal men expert</span></strong></span></span></p><p><span style=\"color: rgb(61, 133, 198);\"><span style=\"font-family: simhei;\"><strong><span style=\"font-size: 18px;\"><span style=\"color: rgb(255, 153, 0);\">【产品规格】</span>150ml</span></strong></span></span></p><p><span style=\"color: rgb(255, 153, 0);\"><span style=\"font-family: simhei;\"><strong><span style=\"font-size: 18px;\">【产品介绍】</span></strong></span></span></p><p><span style=\"color: rgb(61, 133, 198);\"><span style=\"font-family: simhei;\"><strong><span style=\"font-size: 18px;\">全新活炭净化配方：独有的吸附力活炭成分，能吸除污浊，释放强劲净化力量。细腻丰富的泡沫质地，彻底洁净皮肤；去除油光黯沉及老化角质，有效提亮肤色。</span></strong></span></span></p><p><span style=\"color: rgb(61, 133, 198);\"><span style=\"font-family: simhei;\"><strong><span style=\"font-size: 18px;\"></span></strong></span></span></p><p><span style=\"color: rgb(61, 133, 198);\"><span style=\"font-family: simhei;\"><strong><span style=\"font-size: 18px;\"><span style=\"color: rgb(255, 153, 0);\">【使用方法】</span><span style=\"white-space: pre;\"></span></span></strong></span></span></p><p><span style=\"color: rgb(61, 133, 198);\"><span style=\"font-family: simhei;\"><strong><span style=\"font-size: 18px;\">1.先用温水把脸打湿。（不要用冷水，也不要用很烫的水，洗脸的水应该是温水，因为冷水没办法张开毛孔，不能洗掉多余油脂和污垢，而热水温度过高，会过分吸取皮肤油脂，使皮肤失去天然的保护屏障）</span></strong></span></span></p><p><span style=\"color: rgb(61, 133, 198);\"><span style=\"font-family: simhei;\"><strong><span style=\"font-size: 18px;\">2.挤黄豆大小的量在手心，揉搓起泡。</span></strong></span></span></p><p><span style=\"color: rgb(61, 133, 198);\"><span style=\"font-family: simhei;\"><strong><span style=\"font-size: 18px;\">3.从T区开始涂满全脸，轻轻打圈按摩，按摩15下后，就可以洗掉。（洗脸的时间最好在30秒-1分钟，不要超过3分钟，不是洗的时间越长就越干净的，为了避免皮肤过分干燥，洗脸的时间也要控制好；一天最好是早晚两次，如果是油性皮肤，可以考虑中午再洗一次。）</span></strong></span></span></p><p><span style=\"color: rgb(61, 133, 198);\"><span style=\"font-family: simhei;\"><strong><span style=\"font-size: 18px;\">4.洗掉后，再用冷水冲洗一下脸，一来可以把洁面乳的残留物洗干净，二来可以收缩毛孔，增强皮肤的弹性，让你的肌肤更加紧实有光泽。</span></strong></span></span></p><p><br/></p>', '1472266933', '', '/Uploads/goods/2016-08-26/58097a19bb50a.jpg', null, '1472279379', '188.00', '88.00', '99', '0', '1', '50', '120', '1', 'a:1:{i:0;s:28:\"2016-08-27/57c102b5c2512.jpg\";}', '0', '0', '0', '6', '', null, '17', '', null, null, null, null, '0', '0', '0.00', null, null, '0', 'N;', null, '0', '0', '0000-00-00 00:00:00', '0000-00-00 00:00:00', '0', '', '1', null);
INSERT INTO `db_goods` VALUES ('831', '德国原装进口 Signal 儿童牙膏6+ 75ml*2（2支）', '<p><img src=\"/ueditor/php/upload/image/20161230/1483094747484408.jpg\" alt=\"1483094747484408.jpg\"/></p>', '<p>产品：德国原装进口 Signal 儿童牙膏6+ 75ml*2（2支）</p><p>规格：75ml</p><p>产地：德国</p><p>保质期：开盖12个月<br/></p>', '1472267046', '', '/Uploads/goods/2016-08-26/58097a19bb50a.jpg', null, null, '70.00', '56.00', '99', '0', '1', '50', '116', '1', 'a:1:{i:0;s:28:\"2016-08-27/57c10326bb7e9.jpg\";}', '0', '0', '0', '5', '', null, '17', '', null, null, null, null, '0', null, '0.00', null, null, '0', 'N;', null, '0', '0', '0000-00-00 00:00:00', '0000-00-00 00:00:00', '0', '', '1', null);
INSERT INTO `db_goods` VALUES ('832', '德国进口博朗braun腕式电子血压计/血压仪1BBP2000便携老人易操作', '<p><img src=\"/ueditor/php/upload/image/20161230/1483094747484408.jpg\" alt=\"1483094747484408.jpg\"/></p>', '<p><img alt=\"产品参数.jpg\" src=\"/ueditor/php/upload/image/20160827/1472267773131939.jpg\" title=\"1472267773131939.jpg\"/></p>', '1472267786', '', '/Uploads/goods/2016-08-26/58097a19bb50a.jpg', null, null, '499.00', '280.00', '99', '1', '1', '50', '148', '1', 'a:5:{i:0;s:28:\"2016-08-27/57c1060a49e0e.jpg\";i:1;s:28:\"2016-08-27/57c1060a4c190.jpg\";i:2;s:28:\"2016-08-27/57c1060a4ddf2.jpg\";i:3;s:28:\"2016-08-27/57c1060a4fa26.jpg\";i:4;s:28:\"2016-08-27/57c1060a5154e.jpg\";}', '0', '0', '0', '10', '', null, '44', '', null, null, null, null, '0', null, '0.00', null, null, '0', 'N;', null, '0', '0', '0000-00-00 00:00:00', '0000-00-00 00:00:00', '1', '', '1', null);
INSERT INTO `db_goods` VALUES ('833', '德国进口妮维雅 男士男士洁面啫哩，补水保湿去暗沉100ml', '<p><img src=\"/ueditor/php/upload/image/20161230/1483094747484408.jpg\" alt=\"1483094747484408.jpg\"/></p>', '<p><img alt=\"TB2HZGMtVXXXXb_XXXXXXXXXXXX_!!31638929.jpg\" src=\"/ueditor/php/upload/image/20160827/1472279100105152.jpg\" title=\"1472279100105152.jpg\"/></p>', '1472267969', '', '/Uploads/goods/2016-08-26/58097a19bb50a.jpg', null, '1472279286', '168.00', '78.00', '99', '0', '1', '50', '120', '1', 'a:1:{i:0;s:28:\"2016-08-27/57c132dfa6e8f.jpg\";}', '0', '0', '0', '5', '', null, '17', '', null, null, null, null, '0', '0', '0.00', null, null, '0', 'N;', null, '0', '0', '0000-00-00 00:00:00', '0000-00-00 00:00:00', '0', '', '1', null);
INSERT INTO `db_goods` VALUES ('834', 'Putzi德国进口可吞咽草莓儿童牙膏婴幼儿防蛀牙含钙1-3-6岁 （3支）', '<p><img src=\"/ueditor/php/upload/image/20161230/1483094747484408.jpg\" alt=\"1483094747484408.jpg\"/></p>', '<p><img alt=\"参数.jpg\" src=\"/ueditor/php/upload/image/20160827/1472268290526752.jpg\" title=\"1472268290526752.jpg\"/></p>', '1472268330', '', '/Uploads/goods/2016-08-26/58097a19bb50a.jpg', null, null, '100.00', '56.00', '99', '0', '1', '50', '116', '1', 'a:4:{i:0;s:28:\"2016-08-27/57c1082a70cd2.jpg\";i:1;s:28:\"2016-08-27/57c1082a73763.jpg\";i:2;s:28:\"2016-08-27/57c1082a75796.jpg\";i:3;s:28:\"2016-08-27/57c1082a77aa3.jpg\";}', '0', '0', '0', '2', '', null, '17', '', null, null, null, null, '0', null, '0.00', null, null, '0', 'N;', null, '0', '0', '0000-00-00 00:00:00', '0000-00-00 00:00:00', '0', '', '1', null);
INSERT INTO `db_goods` VALUES ('835', '喜宝婴儿洗发沐浴二和一200ml', '<p><img src=\"/ueditor/php/upload/image/20161230/1483094747484408.jpg\" alt=\"1483094747484408.jpg\"/></p>', null, '1472268643', '', '/Uploads/goods/2016-08-26/58097a19bb50a.jpg', null, null, '88.00', '55.00', '99', '0', '1', '50', '103', '1', 'a:3:{i:0;s:28:\"2016-08-27/57c10963de6a5.jpg\";i:1;s:28:\"2016-08-27/57c10963dfd65.jpg\";i:2;s:28:\"2016-08-27/57c10963e152c.jpg\";}', '0', '0', '7', '7', '', null, '19', '', null, null, null, null, '0', null, '0.00', null, null, '0', 'N;', null, '0', '0', '0000-00-00 00:00:00', '0000-00-00 00:00:00', '0', '', '1', null);
INSERT INTO `db_goods` VALUES ('836', '德国进口HiPP喜宝 儿童婴幼儿宝宝洗发乳沐浴露洗护二合一 洗发沐浴露二合一400ml', '<p><img src=\"/ueditor/php/upload/image/20161230/1483094747484408.jpg\" alt=\"1483094747484408.jpg\"/></p>', null, '1472269346', '', '/Uploads/goods/2016-08-26/58097a19bb50a.jpg', null, null, '99.00', '69.00', '99', '0', '1', '50', '103', '1', 'a:1:{i:0;s:28:\"2016-08-27/57c10c22d4c83.jpg\";}', '0', '0', '7', '7', '', null, '19', '', null, null, null, null, '0', null, '0.00', null, null, '0', 'N;', null, '0', '0', '0000-00-00 00:00:00', '0000-00-00 00:00:00', '0', '', '1', null);
INSERT INTO `db_goods` VALUES ('837', '德国进口putzi儿童宝宝牙膏可吞咽1-2-3-6含钙50ml*3（3支）', '<p><img src=\"/ueditor/php/upload/image/20161230/1483094747484408.jpg\" alt=\"1483094747484408.jpg\"/></p>', '<p><img alt=\"QQ截图20160827114133.png\" src=\"/ueditor/php/upload/image/20160827/1472269333991581.png\" title=\"1472269333991581.png\"/></p>', '1472269359', '', '/Uploads/goods/2016-08-26/58097a19bb50a.jpg', null, null, '100.00', '56.00', '99', '0', '1', '50', '116', '1', 'a:4:{i:0;s:28:\"2016-08-27/57c10c2f55448.jpg\";i:1;s:28:\"2016-08-27/57c10c2f57321.jpg\";i:2;s:28:\"2016-08-27/57c10c2f58ce9.jpg\";i:3;s:28:\"2016-08-27/57c10c2f5a5cd.jpg\";}', '0', '0', '0', '2', '', null, '17', '', null, null, null, null, '0', null, '0.00', null, null, '0', 'N;', null, '0', '0', '0000-00-00 00:00:00', '0000-00-00 00:00:00', '0', '', '1', null);
INSERT INTO `db_goods` VALUES ('838', '德国拉薇Lavera莱唯德基础温和洁面凝胶125ml 清洁控油平衡', '<p><img src=\"/ueditor/php/upload/image/20161230/1483094747484408.jpg\" alt=\"1483094747484408.jpg\"/></p>', '<p><img alt=\"28F3.jpg\" src=\"/ueditor/php/upload/image/20160827/1472269160120312.jpg\" title=\"1472269160120312.jpg\"/></p>', '1472269380', '', '/Uploads/goods/2016-08-26/58097a19bb50a.jpg', null, '1472464024', '128.00', '68.00', '99', '0', '1', '50', '120', '1', 'a:3:{i:0;s:28:\"2016-08-29/57c40498191ca.jpg\";i:1;s:28:\"2016-08-29/57c404981ae34.jpg\";i:2;s:28:\"2016-08-29/57c404981c948.jpg\";}', '0', '0', '0', '3', '', null, '17', '', null, null, null, null, '0', '0', '0.00', null, null, '0', 'N;', null, '0', '0', '0000-00-00 00:00:00', '0000-00-00 00:00:00', '0', '', '1', null);
INSERT INTO `db_goods` VALUES ('839', '德国进口 Hipp喜宝 缓解干燥婴幼儿保湿润肤霜 婴儿润肤乳350ml', '<p><img src=\"/ueditor/php/upload/image/20161230/1483094747484408.jpg\" alt=\"1483094747484408.jpg\"/></p>', null, '1472269678', '', '/Uploads/goods/2016-08-26/58097a19bb50a.jpg', null, null, '99.00', '69.00', '99', '0', '1', '50', '103', '1', 'a:1:{i:0;s:28:\"2016-08-27/57c10d6e73112.jpg\";}', '0', '0', '7', '7', '', null, '19', '', null, null, null, null, '0', null, '0.00', null, null, '0', 'N;', null, '0', '0', '0000-00-00 00:00:00', '0000-00-00 00:00:00', '0', '', '1', null);
INSERT INTO `db_goods` VALUES ('840', '惠康遇见松塔千层酥 三盒套装 单盒238g ', '<p><img src=\"/ueditor/php/upload/image/20161230/1483094747484408.jpg\" alt=\"1483094747484408.jpg\"/></p>', '<ul class=\" list-paddingleft-2\" id=\"J_AttrUL\" style=\"list-style-type: none;\"><li><p>生产许可证编号：QS3505 2401 0106</p></li><li><p>产品标准号：GB/20977</p></li><li><p>厂名：福建惠康食品有限公司</p></li><li><p>厂址：晋江市罗山街道后林社区福兴路东区589号</p></li><li><p>厂家联系方式：021-57275756</p></li><li><p>配料表：面粉、白砂糖、代可可脂巧克力、黄油、食用盐等</p></li><li><p>储藏方法：置于阴凉干燥处，避免阳光直射</p></li><li><p>保质期：365 天</p></li><li><p>食品添加剂：见包装</p></li><li><p>净含量:&nbsp;238g</p></li><li><p>包装方式:&nbsp;包装</p></li><li><p>商品条形码:&nbsp;6933284887613</p></li><li><p>糕点种类:&nbsp;酥性饼干</p></li><li><p>品牌:&nbsp;惠康</p></li><li><p>系列:&nbsp;遇见松塔238g</p></li><li><p>热销系列:&nbsp;其它</p></li><li><p>是否含糖:&nbsp;含糖</p></li><li><p>产地:&nbsp;中国大陆</p></li><li><p>省份:&nbsp;福建省</p></li><li><p>口味:&nbsp;夏威夷果&nbsp;巴旦木&nbsp;榛子</p></li></ul><p><br/></p>', '1472269987', '', '/Uploads/goods/2016-08-26/58097a19bb50a.jpg', null, null, '65.80', '42.50', '99', '1', '1', '1', '52', '1', 'a:4:{i:0;s:28:\"2016-08-27/57c10ea31e630.jpg\";i:1;s:28:\"2016-08-27/57c10ea320af6.jpg\";i:2;s:28:\"2016-08-27/57c10ea322b9f.jpg\";i:3;s:28:\"2016-08-27/57c10ea325300.jpg\";}', '0', '0', '0', '4', '', null, '51', '', null, null, null, null, '0', null, '0.00', null, null, '0', 'N;', null, '0', '0', '0000-00-00 00:00:00', '0000-00-00 00:00:00', '1', '', '1', null);
INSERT INTO `db_goods` VALUES ('841', '德国原装 Florena芙蓉蕾娜 天然芦荟补水滋润清爽日霜 50ML', '<p><img src=\"/ueditor/php/upload/image/20161230/1483094747484408.jpg\" alt=\"1483094747484408.jpg\"/></p>', '<p style=\"margin: 0cm 0cm 0pt; padding: 0px; color: rgb(0, 0, 0); font-family: tahoma, arial, 宋体, sans-serif; font-size: 14px; font-style: normal; font-variant: normal; font-weight: normal; letter-spacing: normal; line-height: 21px; orphans: auto; text-align: start; text-indent: 0px; text-transform: none; white-space: normal; widows: 1; word-spacing: 0px; -webkit-text-stroke-width: 0px; background-color: rgb(255, 255, 255);\"><span style=\"color: rgb(0, 0, 0); font-family: 宋体,SimSun;\"><strong><span style=\"color: rgb(0, 0, 0); font-size: 16pt;\">【商品名称】:德国直购芙蕾蓉娜Florena芦荟保湿日霜</span></strong><strong><span style=\"color: rgb(0, 0, 0); font-size: 16pt;\"></span></strong></span></p><p style=\"margin: 0cm 0cm 0pt; padding: 0px; color: rgb(0, 0, 0); font-family: tahoma, arial, 宋体, sans-serif; font-size: 14px; font-style: normal; font-variant: normal; font-weight: normal; letter-spacing: normal; line-height: 21px; orphans: auto; text-align: start; text-indent: 0px; text-transform: none; white-space: normal; widows: 1; word-spacing: 0px; -webkit-text-stroke-width: 0px; background-color: rgb(255, 255, 255);\"><span style=\"font-family: 宋体,SimSun; color: rgb(0, 0, 0);\"><strong><span style=\"font-family: 宋体,SimSun; font-size: 16pt;\">【德文名称】:Florena TagesCreme mit Aloe Vera</span></strong><strong><span style=\"font-family: 宋体,SimSun; font-size: 16pt;\"></span></strong></span></p><p style=\"margin: 0cm 0cm 0pt; padding: 0px; color: rgb(0, 0, 0); font-family: tahoma, arial, 宋体, sans-serif; font-size: 14px; font-style: normal; font-variant: normal; font-weight: normal; letter-spacing: normal; line-height: 21px; orphans: auto; text-align: start; text-indent: 0px; text-transform: none; white-space: normal; widows: 1; word-spacing: 0px; -webkit-text-stroke-width: 0px; background-color: rgb(255, 255, 255);\"><span style=\"color: rgb(0, 0, 0); font-family: 宋体,SimSun;\"><strong><span style=\"color: rgb(0, 0, 0); font-size: 16pt;\">【包装规格】:50ml</span></strong></span><span style=\"font-family: 宋体,SimSun; color: rgb(0, 0, 0);\"><strong><span style=\"font-family: 楷体_gb2312; font-size: 16pt;\"></span></strong><strong><span style=\"font-family: 楷体_gb2312; font-size: 16pt;\"></span></strong><strong><span style=\"font-family: 楷体_gb2312; font-size: 16pt;\"></span></strong></span></p><p><br/></p>', '1472270355', '', '/Uploads/goods/2016-08-26/58097a19bb50a.jpg', null, null, '128.00', '68.00', '99', '0', '1', '50', '120', '1', 'a:2:{i:0;s:28:\"2016-08-27/57c1101391dd0.jpg\";i:1;s:28:\"2016-08-27/57c11013939d8.jpg\";}', '0', '0', '0', '7', '', null, '17', '', null, null, null, null, '0', null, '0.00', null, null, '0', 'N;', null, '0', '0', '0000-00-00 00:00:00', '0000-00-00 00:00:00', '0', '', '1', null);
INSERT INTO `db_goods` VALUES ('842', '德国florena 芙蕾蓉娜滋润面霜橄榄油日霜防晒抗氧化紧致50ml', '<p><img src=\"/ueditor/php/upload/image/20161230/1483094747484408.jpg\" alt=\"1483094747484408.jpg\"/></p>', '<p><img alt=\"10B8.tmp.png\" src=\"/ueditor/php/upload/image/20160827/1472274967139986.png\" title=\"1472274967139986.png\"/></p>', '1472274980', '', '/Uploads/goods/2016-08-26/58097a19bb50a.jpg', null, '1472464202', '128.00', '62.00', '99', '0', '1', '50', '120', '1', 'a:2:{i:0;s:28:\"2016-08-29/57c4054a9ef97.jpg\";i:1;s:28:\"2016-08-29/57c4054aa102b.jpg\";}', '0', '0', '0', '2', '', null, '17', '', null, null, null, null, '0', '0', '0.00', null, null, '0', 'N;', null, '0', '0', '0000-00-00 00:00:00', '0000-00-00 00:00:00', '0', '', '1', null);
INSERT INTO `db_goods` VALUES ('843', '德国Penaten贝娜婷洗发沐浴露二合一 天然温和滋润洗发水 400ml', '<p><img src=\"/ueditor/php/upload/image/20161230/1483094747484408.jpg\" alt=\"1483094747484408.jpg\"/></p>', null, '1472275496', '', '/Uploads/goods/2016-08-26/58097a19bb50a.jpg', null, '1472275565', '108.00', '79.00', '99', '0', '1', '50', '103', '1', 'a:2:{i:0;s:28:\"2016-08-27/57c12428315cf.jpg\";i:1;s:28:\"2016-08-27/57c1242832eaf.jpg\";}', '0', '0', '12', '12', '', null, '19', '', null, null, null, null, '0', '0', '0.00', null, null, '0', 'N;', null, '0', '0', '0000-00-00 00:00:00', '0000-00-00 00:00:00', '0', '', '1', null);
INSERT INTO `db_goods` VALUES ('844', '马来西亚 星七威化饼110g  香草味 可可味各两包 （四）袋装', '<p><img src=\"/ueditor/php/upload/image/20161230/1483094747484408.jpg\" alt=\"1483094747484408.jpg\"/></p>', '<ul class=\" list-paddingleft-2\" id=\"J_AttrUL\" style=\"list-style-type: none;\"><li><p>厂名：米奇食品工业有限公司</p></li><li><p>厂址：马来西亚</p></li><li><p>厂家联系方式：021-57275756</p></li><li><p>配料表：小麦粉，植物油、食用盐、白砂糖等</p></li><li><p>储藏方法：存放于阴凉干燥处，避免阳光直射</p></li><li><p>保质期：365 天</p></li><li><p>食品添加剂：见包装</p></li><li><p>净含量:&nbsp;110g</p></li><li><p>包装方式:&nbsp;包装</p></li><li><p>商品条形码:&nbsp;4560458560069</p></li><li><p>糕点种类:&nbsp;其他/other</p></li><li><p>品牌:&nbsp;STARS SEVEN</p></li><li><p>系列:&nbsp;星七威化饼干110g</p></li><li><p>热销系列:&nbsp;其它</p></li><li><p>是否含糖:&nbsp;含糖</p></li><li><p>产地:&nbsp;马来西亚</p></li><li><p>口味:&nbsp;香草味&nbsp;奶油味</p></li><li><p>是否进口:&nbsp;进口</p></li></ul><p><br/></p>', '1472275928', '', '/Uploads/goods/2016-08-26/58097a19bb50a.jpg', null, '1472279001', '36.80', '39.50', '99', '0', '1', '1', '52', '1', 'a:3:{i:0;s:28:\"2016-08-27/57c125d899b40.jpg\";i:1;s:28:\"2016-08-27/57c125d89bd07.jpg\";i:2;s:28:\"2016-08-27/57c125d89dd63.jpg\";}', '0', '0', '0', '4', '', null, '51', '', null, null, null, null, '0', '0', '0.00', null, null, '0', 'N;', null, '0', '0', '0000-00-00 00:00:00', '0000-00-00 00:00:00', '1', '', '1', null);
INSERT INTO `db_goods` VALUES ('845', '贝娜婷 Penaten 儿童护肤霜 德国进口 100ml', '<p><img src=\"/ueditor/php/upload/image/20161230/1483094747484408.jpg\" alt=\"1483094747484408.jpg\"/></p>', null, '1472275955', '', '/Uploads/goods/2016-08-26/58097a19bb50a.jpg', null, null, '128.00', '60.00', '99', '0', '1', '50', '103', '1', 'a:3:{i:0;s:28:\"2016-08-27/57c125f3ce2d6.jpg\";i:1;s:28:\"2016-08-27/57c125f3cfff9.jpg\";i:2;s:28:\"2016-08-27/57c125f3d234b.jpg\";}', '0', '0', '3', '3', '', null, '19', '', null, null, null, null, '0', null, '0.00', null, null, '0', 'N;', null, '0', '0', '0000-00-00 00:00:00', '0000-00-00 00:00:00', '0', '', '1', null);
INSERT INTO `db_goods` VALUES ('846', '贝娜婷Penaten婴儿痱子粉爽身粉 进口儿童护肤品玉米爽身粉 婴儿护肤婴儿100g', '<p><img src=\"/ueditor/php/upload/image/20161230/1483094747484408.jpg\" alt=\"1483094747484408.jpg\"/></p>', null, '1472276455', '', '/Uploads/goods/2016-08-26/58097a19bb50a.jpg', null, null, '110.00', '69.00', '99', '0', '1', '50', '103', '1', 'a:2:{i:0;s:28:\"2016-08-27/57c127e7394e9.jpg\";i:1;s:28:\"2016-08-27/57c127e73ae8d.jpg\";}', '0', '0', '20', '20', '', null, '19', '', null, null, null, null, '0', null, '0.00', null, null, '0', 'N;', null, '0', '0', '0000-00-00 00:00:00', '0000-00-00 00:00:00', '0', '', '1', null);
INSERT INTO `db_goods` VALUES ('848', ' Penaten 贝娜婷 婴儿 儿童身体护理 按摩油 200ml', '<p><img src=\"/ueditor/php/upload/image/20161230/1483094747484408.jpg\" alt=\"1483094747484408.jpg\"/></p>', null, '1472277028', '', '/Uploads/goods/2016-08-26/58097a19bb50a.jpg', null, null, '128.00', '65.00', '99', '0', '1', '50', '103', '1', 'a:1:{i:0;s:28:\"2016-08-27/57c12a24192ec.jpg\";}', '0', '0', '4', '4', '', null, '19', '', null, null, null, null, '0', null, '0.00', null, null, '0', 'N;', null, '0', '0', '0000-00-00 00:00:00', '0000-00-00 00:00:00', '0', '', '1', null);
INSERT INTO `db_goods` VALUES ('849', '德国Alpecin阿佩辛咖啡因防脱发洗发水250ml ', '<p><img src=\"/ueditor/php/upload/image/20161230/1483094747484408.jpg\" alt=\"1483094747484408.jpg\"/></p>', null, '1472278618', '', '/Uploads/goods/2016-08-26/58097a19bb50a.jpg', null, '1476693899', '155.00', '89.00', '99', '0', '1', '50', '122', '1', 'a:1:{i:0;s:43:\"/Uploads/goods/2016-10-17/58048f8bb9749.jpg\";}', '0', '0', '14', '14', '', null, '17', '', null, null, null, null, '0', '0', '0.00', null, null, '0', 'N;', null, '0', '0', '0000-00-00 00:00:00', '0000-00-00 00:00:00', '0', '', '1', null);
INSERT INTO `db_goods` VALUES ('850', '德国dm小公主洗发护发二合一  200ml/瓶 *2', '<p><img src=\"/ueditor/php/upload/image/20161230/1483094747484408.jpg\" alt=\"1483094747484408.jpg\"/></p>', '<p><img alt=\"参数.jpg\" src=\"/ueditor/php/upload/image/20160827/1472278812320113.jpg\" title=\"1472278812320113.jpg\"/></p>', '1472278688', '', '/Uploads/goods/2016-08-26/58097a19bb50a.jpg', null, '1472278819', '120.00', '90.00', '99', '0', '1', '50', '103', '1', 'a:3:{i:0;s:28:\"2016-08-27/57c130a09dabc.jpg\";i:1;s:28:\"2016-08-27/57c130a0a0c29.jpg\";i:2;s:28:\"2016-08-27/57c130a0a32d2.jpg\";}', '0', '0', '0', '5', '', null, '19', '', null, null, null, null, '0', '0', '0.00', null, null, '0', 'N;', null, '0', '0', '0000-00-00 00:00:00', '0000-00-00 00:00:00', '1', '', '1', null);
INSERT INTO `db_goods` VALUES ('851', '品品 牛板筋 40g  麻辣 烧烤 香辣味 （十）包装', '<p><img src=\"/ueditor/php/upload/image/20161230/1483094747484408.jpg\" alt=\"1483094747484408.jpg\"/></p>', '<ul class=\" list-paddingleft-2\" id=\"J_AttrUL\" style=\"list-style-type: none;\"><li><p>生产许可证编号：QS5101 0401 0473</p></li><li><p>产品标准号：Q/PRS0001S</p></li><li><p>厂名：四川品品食品有限公司</p></li><li><p>厂址：四川省成都市郫县中国川菜产业功能区蜀雅路</p></li><li><p>厂家联系方式：021-57275756</p></li><li><p>配料表：牛板筋、植物油、白砂糖、食用盐、辣椒、芝麻、香辛料、食品添加剂等</p></li><li><p>储藏方法：常温、避光、防潮、勿压</p></li><li><p>保质期：300 天</p></li><li><p>食品添加剂：见包装</p></li><li><p>净含量:&nbsp;400g</p></li><li><p>包装方式:&nbsp;包装</p></li><li><p>商品条形码:&nbsp;6928497830020</p></li><li><p>肉类产品:&nbsp;牛板筋</p></li><li><p>品牌:&nbsp;品品人生</p></li><li><p>系列:&nbsp;牛板筋</p></li><li><p>规格:&nbsp;40g*10包</p></li><li><p>口味:&nbsp;烧烤味&nbsp;香辣味&nbsp;香辣*5+麻辣*5&nbsp;麻辣*5+烧烤*5&nbsp;香辣*5+烧烤*5&nbsp;香辣3麻辣4烧烤3&nbsp;麻辣味</p></li><li><p>是否含糖:&nbsp;含糖</p></li><li><p>产地:&nbsp;中国大陆</p></li><li><p>省份:&nbsp;四川省</p></li><li><p>城市:&nbsp;成都市</p></li></ul><p><br/></p>', '1472278700', '', '/Uploads/goods/2016-08-26/58097a19bb50a.jpg', null, '1472437684', '48.50', '38.90', '99', '0', '1', '1', '52', '1', 'a:4:{i:0;s:28:\"2016-08-27/57c130accbc34.jpg\";i:1;s:28:\"2016-08-27/57c130accd93e.jpg\";i:2;s:28:\"2016-08-27/57c130accf126.jpg\";i:3;s:28:\"2016-08-27/57c130acd0e33.jpg\";}', '0', '0', '0', '2', '', null, '51', '', null, null, null, null, '0', '0', '0.00', null, null, '0', 'a:7:{i:0;a:3:{s:11:\"guige_title\";s:9:\"麻辣味\";s:15:\"guige_price_new\";s:4:\"38.9\";s:16:\"guige_zhongliang\";s:0:\"\";}i:1;a:3:{s:11:\"guige_title\";s:9:\"烧烤味\";s:15:\"guige_price_new\";s:4:\"38.9\";s:16:\"guige_zhongliang\";s:0:\"\";}i:2;a:3:{s:11:\"guige_title\";s:9:\"香辣味\";s:15:\"guige_price_new\";s:4:\"38.9\";s:16:\"guige_zhongliang\";s:0:\"\";}i:3;a:3:{s:11:\"guige_title\";s:15:\"麻辣5+香辣5\";s:15:\"guige_price_new\";s:4:\"38.9\";s:16:\"guige_zhongliang\";s:0:\"\";}i:4;a:3:{s:11:\"guige_title\";s:15:\"麻辣5+烧烤5\";s:15:\"guige_price_new\";s:4:\"38.9\";s:16:\"guige_zhongliang\";s:0:\"\";}i:5;a:3:{s:11:\"guige_title\";s:15:\"香辣5+烧烤5\";s:15:\"guige_price_new\";s:4:\"38.9\";s:16:\"guige_zhongliang\";s:0:\"\";}i:6;a:3:{s:11:\"guige_title\";s:23:\"香辣3+麻辣4+烧烤3\";s:15:\"guige_price_new\";s:4:\"38.9\";s:16:\"guige_zhongliang\";s:0:\"\";}}', null, '0', '0', '0000-00-00 00:00:00', '0000-00-00 00:00:00', '1', '', '1', null);
INSERT INTO `db_goods` VALUES ('852', '德国阿佩辛Alpecin 咖啡因护发素 强韧防脱发 头皮营养液 200ml', '<p><img src=\"/ueditor/php/upload/image/20161230/1483094747484408.jpg\" alt=\"1483094747484408.jpg\"/></p>', null, '1472279836', '', '/Uploads/goods/2016-08-26/58097a19bb50a.jpg', null, null, '188.00', '109.00', '99', '0', '1', '50', '122', '1', 'a:2:{i:0;s:28:\"2016-08-27/57c1351c2882e.jpg\";i:1;s:28:\"2016-08-27/57c1351c2a0bc.jpg\";}', '0', '0', '7', '7', '', null, '17', '', null, null, null, null, '0', null, '0.00', null, null, '0', 'N;', null, '0', '0', '0000-00-00 00:00:00', '0000-00-00 00:00:00', '0', '', '1', null);
INSERT INTO `db_goods` VALUES ('853', 'Alpecin阿佩辛润黑咖啡因防脱发固色双效洗发水200ml 1瓶装', '<p><img src=\"/ueditor/php/upload/image/20161230/1483094747484408.jpg\" alt=\"1483094747484408.jpg\"/></p>', null, '1472280344', '', '/Uploads/goods/2016-08-26/58097a19bb50a.jpg', null, null, '188.00', '95.00', '99', '0', '1', '50', '122', '1', 'a:2:{i:0;s:28:\"2016-08-27/57c137182f110.jpg\";i:1;s:28:\"2016-08-27/57c1371831528.jpg\";}', '0', '0', '3', '3', '', null, '17', '', null, null, null, null, '0', null, '0.00', null, null, '0', 'N;', null, '0', '0', '0000-00-00 00:00:00', '0000-00-00 00:00:00', '0', '', '1', null);
INSERT INTO `db_goods` VALUES ('854', '德国原装Nivea妮维雅娇柔丝润抗敏感保湿爽肤水 粉（200ml）', '<p><img src=\"/ueditor/php/upload/image/20161230/1483094747484408.jpg\" alt=\"1483094747484408.jpg\"/></p>', '<p><span style=\"color: rgb(0, 0, 0); font-family: tahoma,arial,宋体,sans-serif; font-style: normal; font-variant: normal; font-weight: normal; letter-spacing: normal; text-align: start; text-indent: 0px; text-transform: none; white-space: normal; word-spacing: 0px; font-size: 18px; background-color: rgb(255, 255, 255); line-height: 1.5;\"><span style=\"color: rgb(0, 0, 0); font-family: tahoma, arial, 宋体, sans-serif; font-size: medium; font-style: normal; font-variant: normal; font-weight: normal; letter-spacing: normal; line-height: 24px; orphans: auto; text-align: start; text-indent: 0px; text-transform: none; white-space: normal; widows: 1; word-spacing: 0px; -webkit-text-stroke-width: 0px; display: inline !important; float: none; background-color: rgb(255, 255, 255);\">【名称】</span>德国原装Nivea妮维雅娇柔丝润抗敏感保湿爽肤水 粉</span></p><p><br/><span style=\"color: rgb(0, 0, 0); font-family: tahoma, arial, 宋体, sans-serif; font-size: medium; font-style: normal; font-variant: normal; font-weight: normal; letter-spacing: normal; line-height: 24px; orphans: auto; text-align: start; text-indent: 0px; text-transform: none; white-space: normal; widows: 1; word-spacing: 0px; -webkit-text-stroke-width: 0px; display: inline !important; float: none; background-color: rgb(255, 255, 255);\">【包装】无纸盒，无塑封</span><br/></p><p><br/></p><p><span style=\"color: rgb(0, 0, 0); font-family: tahoma, arial, 宋体, sans-serif; font-size: medium; font-style: normal; font-variant: normal; font-weight: normal; letter-spacing: normal; line-height: 24px; orphans: auto; text-align: start; text-indent: 0px; text-transform: none; white-space: normal; widows: 1; word-spacing: 0px; -webkit-text-stroke-width: 0px; display: inline !important; float: none; background-color: rgb(255, 255, 255);\">【规格】200ml</span><br/></p><p><br/></p><p><span style=\"color: rgb(0, 0, 0); font-family: tahoma, arial, 宋体, sans-serif; font-size: medium; font-style: normal; font-variant: normal; font-weight: normal; letter-spacing: normal; line-height: 24px; orphans: auto; text-align: start; text-indent: 0px; text-transform: none; white-space: normal; widows: 1; word-spacing: 0px; -webkit-text-stroke-width: 0px; display: inline !important; float: none; background-color: rgb(255, 255, 255);\">【产地】德国</span><br/></p><p><br/></p><p><span style=\"color: rgb(0, 0, 0); font-family: tahoma, arial, 宋体, sans-serif; font-size: medium; font-style: normal; font-variant: normal; font-weight: normal; letter-spacing: normal; line-height: 24px; orphans: auto; text-align: start; text-indent: 0px; text-transform: none; white-space: normal; widows: 1; word-spacing: 0px; -webkit-text-stroke-width: 0px; display: inline !important; float: none; background-color: rgb(255, 255, 255);\">【产品介绍】</span><br/></p><p><span style=\"font-size: 18px; font-family: times new roman;\">干性及敏感性肌肤水份容易流失,需要格外的滋润保湿，为了保持肌肤的柔嫩,必须使用温和的洁肤类产品来维持肌肤的天然水分平衡。妮维雅实验室研发了妮维雅娇柔丝润爽肤水，温和净化干性以及敏感性肌肤，并且防止肌肤干燥.特别针对干性以及敏感性肌肤。</span></p><p><span style=\"font-size: 18px; line-height: 1.5; font-family: times new roman;\">护肤原理：富含杏仁和金盏花油中萃取的珍贵精华,有效清除残妆和污垢的同时,使肌肤保持天然的水分平衡。</span></p><p><span style=\"font-size: 18px; font-family: times new roman;\">产品功效：肌肤温和舒缓并净化，感觉柔嫩丝滑。</span></p><p><span style=\"font-size: 18px; font-family: times new roman;\">适合干性及敏感型肌肤。</span></p><p><span style=\"font-size: 18px;\"><br/></span></p><p><span style=\"color: rgb(0, 0, 0); font-family: tahoma,arial,宋体,sans-serif; font-size: 18.6667px; font-style: normal; font-variant: normal; font-weight: normal; letter-spacing: normal; line-height: 28px; text-align: start; text-indent: 0px; text-transform: none; white-space: normal; word-spacing: 0px; display: inline ! important; float: none; background-color: rgb(255, 255, 255);\">【使用说明】<br/></span></p><p><span style=\"color: rgb(0, 0, 0); font-family: tahoma,arial,宋体,sans-serif; font-size: 18px; font-style: normal; font-variant: normal; font-weight: normal; letter-spacing: normal; line-height: 27px; text-align: start; text-indent: 0px; text-transform: none; white-space: normal; word-spacing: 0px; display: inline ! important; float: none; background-color: rgb(255, 255, 255);\">早晚洁面后，用化妆棉沾取本品后轻拍于脸部以及颈部，避免接触眼部。</span></p><p><span style=\"color: rgb(0, 0, 0); font-family: tahoma,arial,宋体,sans-serif; font-size: 18px; font-style: normal; font-variant: normal; font-weight: normal; letter-spacing: normal; line-height: 27px; text-align: start; text-indent: 0px; text-transform: none; white-space: normal; word-spacing: 0px; display: inline ! important; float: none; background-color: rgb(255, 255, 255);\"><br/></span></p><p><span style=\"color: rgb(0, 0, 0); font-family: tahoma,arial,宋体,sans-serif; font-size: 18.6667px; font-style: normal; font-variant: normal; font-weight: normal; letter-spacing: normal; line-height: 28px; text-align: start; text-indent: 0px; text-transform: none; white-space: normal; word-spacing: 0px; display: inline ! important; float: none; background-color: rgb(255, 255, 255);\">【注意事项】<br/></span></p><p><span style=\"color: rgb(0, 0, 0); font-family: tahoma,arial,宋体,sans-serif; font-size: 18px; font-style: normal; font-variant: normal; font-weight: normal; letter-spacing: normal; line-height: 27px; text-align: start; text-indent: 0px; text-transform: none; white-space: normal; word-spacing: 0px; display: inline ! important; float: none; background-color: rgb(255, 255, 255);\"><span style=\"color: rgb(64, 64, 64); font-style: normal; font-variant: normal; font-weight: normal; letter-spacing: normal; text-align: start; text-indent: -24px; text-transform: none; white-space: normal; word-spacing: 0px; background-color: rgb(255, 255, 255); line-height: normal; font-family: &quot;times new roman&quot;; font-size: 7pt;\">&nbsp;</span><span style=\"font-family: tahoma, arial, 宋体, sans-serif; font-style: normal; font-variant: normal; font-weight: normal; letter-spacing: normal; orphans: auto; text-align: start; text-indent: -24px; text-transform: none; white-space: normal; widows: 1; word-spacing: 0px; -webkit-text-stroke-width: 0px; color: black; font-size: 14pt; background-color: rgb(255, 255, 255);\">请存放于避光，干燥，不高于25摄氏度。</span></span></p><p><br/></p>', '1472280613', '', '/Uploads/goods/2016-08-26/58097a19bb50a.jpg', null, '1472464512', '168.00', '72.00', '99', '0', '1', '50', '120', '1', 'a:2:{i:0;s:28:\"2016-08-29/57c40680c2a98.jpg\";i:1;s:28:\"2016-08-29/57c40680c453a.jpg\";}', '0', '0', '0', '3', '', null, '17', '', null, null, null, null, '0', '0', '0.00', null, null, '0', 'N;', null, '0', '0', '0000-00-00 00:00:00', '0000-00-00 00:00:00', '0', '', '1', null);
INSERT INTO `db_goods` VALUES ('855', '德国宝比珊小公主洗发护发二合一  230ml/瓶 *2', '<p><img src=\"/ueditor/php/upload/image/20161230/1483094747484408.jpg\" alt=\"1483094747484408.jpg\"/></p>', '<p><img alt=\"参数、.jpg\" src=\"/ueditor/php/upload/image/20160827/1472281212117670.jpg\" title=\"1472281212117670.jpg\"/></p>', '1472281088', '', '/Uploads/goods/2016-08-26/58097a19bb50a.jpg', null, '1472281621', '180.00', '120.00', '99', '0', '1', '50', '103', '1', 'a:2:{i:0;s:28:\"2016-08-27/57c13a0024e56.jpg\";i:1;s:28:\"2016-08-27/57c13a0026806.jpg\";}', '0', '0', '0', '10', '', null, '19', '', null, null, null, null, '0', '0', '0.00', null, null, '0', 'N;', null, '0', '0', '0000-00-00 00:00:00', '0000-00-00 00:00:00', '1', '', '1', null);
INSERT INTO `db_goods` VALUES ('856', '意大利CHANTE CLAIR洗衣皂马赛皂公鸡头衣物清洁大公鸡肥皂 （2块）', '<p><img src=\"/ueditor/php/upload/image/20161230/1483094747484408.jpg\" alt=\"1483094747484408.jpg\"/></p>', null, '1472281201', '', '/Uploads/goods/2016-08-26/58097a19bb50a.jpg', null, null, '88.00', '46.00', '99', '0', '1', '50', '149', '1', 'a:2:{i:0;s:28:\"2016-08-27/57c13a71de9bd.jpg\";i:1;s:28:\"2016-08-27/57c13a71e0305.jpg\";}', '0', '0', '9', '9', '', null, '20', '', null, null, null, null, '0', null, '0.00', null, null, '0', 'N;', null, '0', '0', '0000-00-00 00:00:00', '0000-00-00 00:00:00', '0', '', '1', null);
INSERT INTO `db_goods` VALUES ('857', '大公鸡管家chante clair公鸡头清洁剂去污剂625ml 厨房用洗洁精 ', '<p><img src=\"/ueditor/php/upload/image/20161230/1483094747484408.jpg\" alt=\"1483094747484408.jpg\"/></p>', null, '1472281740', '', '/Uploads/goods/2016-08-26/58097a19bb50a.jpg', null, null, '108.00', '63.00', '0', '0', '1', '50', '149', '1', 'a:2:{i:0;s:28:\"2016-08-27/57c13c8cd4c23.jpg\";i:1;s:28:\"2016-08-27/57c13c8cd6ca3.jpg\";}', '0', '0', '20', '20', '', null, '20', '', null, null, null, null, '0', null, '0.00', null, null, '0', 'N;', null, '0', '0', '0000-00-00 00:00:00', '0000-00-00 00:00:00', '0', '', '1', null);
INSERT INTO `db_goods` VALUES ('858', 'Avene法国原装正品雅漾喷雾300ml抗过敏大喷舒护活泉水', '<p><img src=\"/ueditor/php/upload/image/20161230/1483094747484408.jpg\" alt=\"1483094747484408.jpg\"/></p>', '<p><img alt=\"3E.tmp.jpg\" src=\"/ueditor/php/upload/image/20160827/1472281841286634.jpg\" title=\"1472281841286634.jpg\"/></p>', '1472282072', '', '/Uploads/goods/2016-08-26/58097a19bb50a.jpg', null, '1472464683', '228.00', '108.00', '99', '0', '1', '50', '120', '1', 'a:4:{i:0;s:28:\"2016-08-29/57c4072b4886a.jpg\";i:1;s:28:\"2016-08-29/57c4072b4a8bd.jpg\";i:2;s:28:\"2016-08-29/57c4072b4d275.jpg\";i:3;s:28:\"2016-08-29/57c4072b4efed.jpg\";}', '0', '0', '0', '6', '', null, '17', '', null, null, null, null, '0', '0', '0.00', null, null, '0', 'N;', null, '0', '0', '0000-00-00 00:00:00', '0000-00-00 00:00:00', '0', '', '1', null);
INSERT INTO `db_goods` VALUES ('859', '德国宝比珊运动男孩洗发沐浴二合一   230ml/瓶*2', '<p><img src=\"/ueditor/php/upload/image/20161230/1483094747484408.jpg\" alt=\"1483094747484408.jpg\"/></p>', '<p><img alt=\"2.jpg\" src=\"/ueditor/php/upload/image/20160827/1472282166292228.jpg\" title=\"1472282166292228.jpg\"/></p>', '1472282191', '', '/Uploads/goods/2016-08-26/58097a19bb50a.jpg', null, null, '120.00', '98.00', '99', '0', '1', '50', '103', '1', 'a:2:{i:0;s:28:\"2016-08-27/57c13e4f18a59.jpg\";i:1;s:28:\"2016-08-27/57c13e4f1ae33.jpg\";}', '0', '0', '0', '2', '', null, '19', '', null, null, null, null, '0', null, '0.00', null, null, '0', 'N;', null, '0', '0', '0000-00-00 00:00:00', '0000-00-00 00:00:00', '1', '', '1', null);
INSERT INTO `db_goods` VALUES ('861', 'Schauma施华寇沐浴露（粉）250ml/瓶*2', '<p><img src=\"/ueditor/php/upload/image/20161230/1483094747484408.jpg\" alt=\"1483094747484408.jpg\"/></p>', '<p><img alt=\"2.jpg\" src=\"/ueditor/php/upload/image/20160827/1472284412458718.jpg\" title=\"1472284412458718.jpg\"/></p>', '1472284421', '', '/Uploads/goods/2016-08-26/58097a19bb50a.jpg', null, null, '180.00', '120.00', '99', '0', '1', '50', '103', '1', 'a:2:{i:0;s:28:\"2016-08-27/57c147050b25c.jpg\";i:1;s:28:\"2016-08-27/57c147050d33b.jpg\";}', '0', '0', '0', '10', '', null, '19', '', null, null, null, null, '0', null, '0.00', null, null, '0', 'N;', null, '0', '0', '0000-00-00 00:00:00', '0000-00-00 00:00:00', '1', '', '1', null);
INSERT INTO `db_goods` VALUES ('862', '理肤泉舒缓调理喷雾 大喷补水保湿喷雾爽肤水 舒缓敏感肌肤300ml', '<p><img src=\"/ueditor/php/upload/image/20161230/1483094747484408.jpg\" alt=\"1483094747484408.jpg\"/></p>', '<p><img alt=\"E5BF.tmp.jpg\" src=\"/ueditor/php/upload/image/20160827/1472285105136367.jpg\" title=\"1472285105136367.jpg\"/></p>', '1472285313', '', '/Uploads/goods/2016-08-26/58097a19bb50a.jpg', null, null, '208.00', '98.00', '99', '0', '1', '50', '120', '1', 'a:3:{i:0;s:28:\"2016-08-27/57c14a81a4f63.jpg\";i:1;s:28:\"2016-08-27/57c14a81a7041.jpg\";i:2;s:28:\"2016-08-27/57c14a81a90f0.jpg\";}', '0', '0', '0', '5', '', null, '17', '', null, null, null, null, '0', null, '0.00', null, null, '0', 'N;', null, '0', '0', '0000-00-00 00:00:00', '0000-00-00 00:00:00', '0', '', '1', null);
INSERT INTO `db_goods` VALUES ('863', '国原装进口欧乐比儿童公主款充电式博朗电动牙刷全身水洗', '<p><img src=\"/ueditor/php/upload/image/20161230/1483094747484408.jpg\" alt=\"1483094747484408.jpg\"/></p>', null, '1472285465', '', '/Uploads/goods/2016-08-26/58097a19bb50a.jpg', null, null, '288.00', '198.00', '99', '0', '1', '50', '116', '1', 'a:1:{i:0;s:28:\"2016-08-27/57c14b18f3456.jpg\";}', '0', '0', '8', '8', '', null, '17', '', null, null, null, null, '0', null, '0.00', null, null, '0', 'N;', null, '0', '0', '0000-00-00 00:00:00', '0000-00-00 00:00:00', '0', '', '1', null);
INSERT INTO `db_goods` VALUES ('864', 'Schauma施华寇沐浴露（兰） 250ml/瓶 *2', '<p><img src=\"/ueditor/php/upload/image/20161230/1483094747484408.jpg\" alt=\"1483094747484408.jpg\"/></p>', null, '1472285909', '', '/Uploads/goods/2016-08-26/58097a19bb50a.jpg', null, null, '180.00', '120.00', '99', '0', '1', '50', '103', '1', 'a:2:{i:0;s:28:\"2016-08-27/57c14cd4f36ed.jpg\";i:1;s:28:\"2016-08-27/57c14cd501b66.jpg\";}', '0', '0', '0', '10', '', null, '19', '', null, null, null, null, '0', null, '0.00', null, null, '0', 'N;', null, '0', '0', '0000-00-00 00:00:00', '0000-00-00 00:00:00', '1', '', '1', null);
INSERT INTO `db_goods` VALUES ('865', '德国进口瑞德露Rival de loop美白保湿补水面膜(2*8ml*10)10包装', '<p><img src=\"/ueditor/php/upload/image/20161230/1483094747484408.jpg\" alt=\"1483094747484408.jpg\"/></p>', '<p><img alt=\"5739.tmp.jpg\" src=\"/ueditor/php/upload/image/20160827/1472287428169889.jpg\" title=\"1472287428169889.jpg\"/></p>', '1472287643', '', '/Uploads/goods/2016-08-26/58097a19bb50a.jpg', null, '1472522359', '228.00', '99.00', '99', '0', '1', '50', '120', '1', 'a:1:{i:0;s:28:\"2016-08-30/57c4e877de114.jpg\";}', '0', '0', '0', '4', '', null, '17', '', null, null, null, null, '0', '0', '0.00', null, null, '0', 'N;', null, '0', '0', '0000-00-00 00:00:00', '0000-00-00 00:00:00', '0', '', '1', null);
INSERT INTO `db_goods` VALUES ('866', '德国进口 bobini儿童沐浴露400ml*2', '<p><img src=\"/ueditor/php/upload/image/20161230/1483094747484408.jpg\" alt=\"1483094747484408.jpg\"/></p>', '<p><img alt=\"参数.jpg\" src=\"/ueditor/php/upload/image/20160827/1472288023123281.jpg\" title=\"1472288023123281.jpg\"/></p>', '1472287826', '', '/Uploads/goods/2016-08-26/58097a19bb50a.jpg', null, '1472288126', '188.00', '130.00', '99', '0', '1', '50', '103', '1', 'a:2:{i:0;s:28:\"2016-08-27/57c154522eced.jpg\";i:1;s:28:\"2016-08-27/57c15452313b2.jpg\";}', '0', '0', '0', '10', '', null, '19', '', null, null, null, null, '0', '0', '0.00', null, null, '0', 'a:3:{i:0;a:3:{s:11:\"guige_title\";s:50:\"德国进口 bobini儿童沐浴露（兰）400ml*2\";s:15:\"guige_price_new\";s:3:\"130\";s:16:\"guige_zhongliang\";s:0:\"\";}i:1;a:3:{s:11:\"guige_title\";s:50:\"德国进口 bobini儿童沐浴露（粉）400ml*2\";s:15:\"guige_price_new\";s:3:\"130\";s:16:\"guige_zhongliang\";s:0:\"\";}i:2;a:3:{s:11:\"guige_title\";s:58:\"德国进口 bobini儿童沐浴露（兰、粉各一瓶）\";s:15:\"guige_price_new\";s:3:\"130\";s:16:\"guige_zhongliang\";s:0:\"\";}}', null, '0', '0', '0000-00-00 00:00:00', '0000-00-00 00:00:00', '1', '', '1', null);
INSERT INTO `db_goods` VALUES ('868', '德国进口瑞德露Rival de loop修护紧致净肤清洁面膜(2*8ml*10)10包装', '<p><img src=\"/ueditor/php/upload/image/20161230/1483094747484408.jpg\" alt=\"1483094747484408.jpg\"/></p>', '<p><img alt=\"TB2uCI7tpXXXXbvXpXXXXXXXXXX_!!49135348.jpg\" src=\"/ueditor/php/upload/image/20160827/1472289358195020.jpg\" title=\"1472289358195020.jpg\"/></p>', '1472289498', '', '/Uploads/goods/2016-08-26/58097a19bb50a.jpg', null, '1472522300', '228.00', '99.00', '99', '0', '1', '50', '120', '1', 'a:1:{i:0;s:28:\"2016-08-30/57c4e83c07fa1.jpg\";}', '0', '0', '0', '4', '', null, '17', '', null, null, null, null, '0', '0', '0.00', null, null, '0', 'N;', null, '0', '0', '0000-00-00 00:00:00', '0000-00-00 00:00:00', '0', '', '1', null);
INSERT INTO `db_goods` VALUES ('869', '天喔主意芒果干65g 蜜饯果脯果干  （6）袋', '<p><img src=\"/ueditor/php/upload/image/20161230/1483094747484408.jpg\" alt=\"1483094747484408.jpg\"/></p>', '<ul class=\" list-paddingleft-2\" id=\"J_AttrUL\" style=\"list-style-type: none;\"><li><p>生产许可证编号：QS3117 1801 0010</p></li><li><p>产品标准号：GB/T10782</p></li><li><p>厂名：天喔食品(集团)有限公司</p></li><li><p>厂址：上海市松江区泗泾工业区九干路159弄6号</p></li><li><p>厂家联系方式：021-57275756</p></li><li><p>配料表：芒果，白砂糖，麦芽糖，食用盐等</p></li><li><p>储藏方法：置于阴凉干燥处</p></li><li><p>保质期：365 天</p></li><li><p>食品添加剂：见包装</p></li><li><p>产品名称：Ten Wow/天喔 芒果干65g</p></li><li><p>净含量:&nbsp;65g</p></li><li><p>包装方式:&nbsp;包装</p></li><li><p>品牌:&nbsp;Ten Wow/天喔</p></li><li><p>系列:&nbsp;芒果干65G</p></li><li><p>商品条形码:&nbsp;6925009919358</p></li><li><p>食品工艺:&nbsp;果脯类</p></li><li><p>是否含糖:&nbsp;含糖</p></li><li><p>产地:&nbsp;中国大陆</p></li><li><p>省份:&nbsp;上海</p></li></ul><p><br/></p>', '1472290023', '', '/Uploads/goods/2016-08-26/58097a19bb50a.jpg', null, '1472609592', '106.50', '65.40', '99', '0', '1', '1', '52', '1', 'a:4:{i:0;s:28:\"2016-08-27/57c15ce754c7e.jpg\";i:1;s:28:\"2016-08-27/57c15ce756794.jpg\";i:2;s:28:\"2016-08-27/57c15ce7586b0.jpg\";i:3;s:28:\"2016-08-27/57c15ce75a2b1.jpg\";}', '0', '0', '0', '2', '', null, '51', '', null, null, null, null, '0', '0', '0.00', null, null, '0', 'N;', null, '0', '0', '0000-00-00 00:00:00', '0000-00-00 00:00:00', '1', '', '1', null);
INSERT INTO `db_goods` VALUES ('870', '德国进口  施巴Sebamed 婴儿洗发水沐浴露二合一 200ml/瓶*2', '<p><img src=\"/ueditor/php/upload/image/20161230/1483094747484408.jpg\" alt=\"1483094747484408.jpg\"/></p>', '<p><img alt=\"2.jpg\" src=\"/ueditor/php/upload/image/20160827/1472290744868510.jpg\" title=\"1472290744868510.jpg\"/></p>', '1472290691', '', '/Uploads/goods/2016-08-26/58097a19bb50a.jpg', null, '1472291835', '188.00', '150.00', '99', '0', '1', '50', '103', '1', 'a:3:{i:0;s:28:\"2016-08-27/57c15f83e9a14.jpg\";i:1;s:28:\"2016-08-27/57c15f83eb65c.jpg\";i:2;s:28:\"2016-08-27/57c15f83ed377.jpg\";}', '0', '0', '0', '7', '', null, '19', '', null, null, null, null, '0', '0', '0.00', null, null, '0', 'N;', null, '0', '0', '0000-00-00 00:00:00', '0000-00-00 00:00:00', '1', '', '1', null);
INSERT INTO `db_goods` VALUES ('871', '德国rival de loop瑞德露 抗皱修复眼膜唇膜（4*1.5ml*10）10包装', '<p><img src=\"/ueditor/php/upload/image/20161230/1483094747484408.jpg\" alt=\"1483094747484408.jpg\"/></p>', '<p><img alt=\"TB2srcxppXXXXcSXXXXXXXXXXXX_!!1125978893.jpg\" src=\"/ueditor/php/upload/image/20160827/1472290691692080.jpg\" title=\"1472290691692080.jpg\"/></p>', '1472290824', '', '/Uploads/goods/2016-08-26/58097a19bb50a.jpg', null, '1472435223', '228.00', '99.00', '99', '0', '1', '50', '120', '1', 'a:1:{i:0;s:28:\"2016-08-27/57c1600865b9a.jpg\";}', '0', '0', '0', '4', '', null, '17', '', null, null, null, null, '0', '0', '0.00', null, null, '0', 'N;', null, '0', '0', '0000-00-00 00:00:00', '0000-00-00 00:00:00', '0', '', '1', null);
INSERT INTO `db_goods` VALUES ('872', '德国进口  施巴婴儿润肤霜   75ml/瓶*2', '<p><img src=\"/ueditor/php/upload/image/20161230/1483094747484408.jpg\" alt=\"1483094747484408.jpg\"/></p>', '<p><img alt=\"6.jpg\" src=\"/ueditor/php/upload/image/20160829/1472434546557261.jpg\" title=\"1472434546557261.jpg\"/></p>', '1472434570', '', '/Uploads/goods/2016-08-26/58097a19bb50a.jpg', null, null, '188.00', '138.00', '99', '0', '1', '50', '103', '1', 'a:4:{i:0;s:28:\"2016-08-29/57c3918a5fe1d.jpg\";i:1;s:28:\"2016-08-29/57c3918a62056.jpg\";i:2;s:28:\"2016-08-29/57c3918a63fe2.jpg\";i:3;s:28:\"2016-08-29/57c3918a6607b.jpg\";}', '0', '0', '0', '10', '', null, '19', '', null, null, null, null, '0', null, '0.00', null, null, '0', 'N;', null, '0', '0', '0000-00-00 00:00:00', '0000-00-00 00:00:00', '1', '', '1', null);
INSERT INTO `db_goods` VALUES ('874', '德国原装Rival de Loop瑞德露牛油果芦荟保湿面膜贴超强补水面膜(10*片）', '<p><img src=\"/ueditor/php/upload/image/20161230/1483094747484408.jpg\" alt=\"1483094747484408.jpg\"/></p>', '<p><img alt=\"TB29fKFqVXXXXcDXpXXXXXXXXXX_!!88047297.jpg\" src=\"/ueditor/php/upload/image/20160829/1472435447733691.jpg\" title=\"1472435447733691.jpg\"/></p>', '1472435732', '', '/Uploads/goods/2016-08-26/58097a19bb50a.jpg', null, '1472437974', '309.00', '159.00', '99', '0', '1', '50', '120', '1', 'a:1:{i:0;s:28:\"2016-08-29/57c3961453bb8.jpg\";}', '0', '0', '0', '5', '', null, '17', '', null, null, null, null, '0', '0', '0.00', null, null, '0', 'N;', null, '0', '0', '0000-00-00 00:00:00', '0000-00-00 00:00:00', '0', '', '1', null);
INSERT INTO `db_goods` VALUES ('875', '德国进口  维蕾德 WELEDA 金盏花婴儿润肤乳 200ml/瓶*2', '<p><img src=\"/ueditor/php/upload/image/20161230/1483094747484408.jpg\" alt=\"1483094747484408.jpg\"/></p>', '<p><img alt=\"2.jpg\" src=\"/ueditor/php/upload/image/20160829/1472436240659246.jpg\" title=\"1472436240659246.jpg\"/></p>', '1472436257', '', '/Uploads/goods/2016-08-26/58097a19bb50a.jpg', null, null, '260.00', '216.00', '99', '0', '1', '50', '103', '1', 'a:4:{i:0;s:28:\"2016-08-29/57c398219a836.jpg\";i:1;s:28:\"2016-08-29/57c398219c289.jpg\";i:2;s:28:\"2016-08-29/57c398219db95.jpg\";i:3;s:28:\"2016-08-29/57c398219f574.jpg\";}', '0', '0', '0', '5', '', null, '19', '', null, null, null, null, '0', null, '0.00', null, null, '0', 'N;', null, '0', '0', '0000-00-00 00:00:00', '0000-00-00 00:00:00', '1', '', '1', null);
INSERT INTO `db_goods` VALUES ('876', '德国原装Schaebens雪本诗Q10紧致眼膜唇膜抗皱去黑眼圈 10包装', '<p><img src=\"/ueditor/php/upload/image/20161230/1483094747484408.jpg\" alt=\"1483094747484408.jpg\"/></p>', '<p><img alt=\"TB2KCmdpVXXXXXnXpXXXXXXXXXX_!!57451674.jpg\" src=\"/ueditor/php/upload/image/20160829/1472436221877461.jpg\" title=\"1472436221877461.jpg\"/></p>', '1472436351', '', '/Uploads/goods/2016-08-26/58097a19bb50a.jpg', null, null, '169.00', '89.00', '99', '0', '1', '50', '120', '1', 'a:1:{i:0;s:28:\"2016-08-29/57c3987f472cd.jpg\";}', '0', '0', '0', '5', '', null, '17', '', null, null, null, null, '0', null, '0.00', null, null, '0', 'N;', null, '0', '0', '0000-00-00 00:00:00', '0000-00-00 00:00:00', '0', '', '1', null);
INSERT INTO `db_goods` VALUES ('877', '德国原装进口Schaebens雪本诗芦荟保湿面膜10ml 10包装', '<p><img src=\"/ueditor/php/upload/image/20161230/1483094747484408.jpg\" alt=\"1483094747484408.jpg\"/></p>', '<p><img alt=\"TB2TAw5oXXXXXboXpXXXXXXXXXX_!!2553412486.jpg\" src=\"/ueditor/php/upload/image/20160829/1472436873922386.jpg\" title=\"1472436873922386.jpg\"/></p>', '1472436998', '', '/Uploads/goods/2016-08-26/58097a19bb50a.jpg', null, '1472520696', '169.00', '89.00', '99', '0', '1', '50', '120', '1', 'a:3:{i:0;s:28:\"2016-08-30/57c4e1f85c595.jpg\";i:1;s:28:\"2016-08-30/57c4e1f85df7b.jpg\";i:2;s:28:\"2016-08-30/57c4e1f85fe7f.jpg\";}', '0', '0', '0', '5', '', null, '17', '', null, null, null, null, '0', '0', '0.00', null, null, '0', 'N;', null, '0', '0', '0000-00-00 00:00:00', '0000-00-00 00:00:00', '0', '', '1', null);
INSERT INTO `db_goods` VALUES ('878', '德国Weleda/维蕾德金盏花无氟宝宝儿童牙膏 50ml/支*2', '<p><img src=\"/ueditor/php/upload/image/20161230/1483094747484408.jpg\" alt=\"1483094747484408.jpg\"/></p>', '<p><img alt=\"1-4.jpg\" src=\"/ueditor/php/upload/image/20160829/1472437936982802.jpg\" title=\"1472437936982802.jpg\"/></p>', '1472437538', '', '/Uploads/goods/2016-08-26/58097a19bb50a.jpg', null, '1472437938', '188.00', '126.00', '99', '0', '1', '50', '103', '1', 'a:6:{i:0;s:28:\"2016-08-29/57c39d22485c2.jpg\";i:1;s:28:\"2016-08-29/57c39d224a495.jpg\";i:2;s:28:\"2016-08-29/57c39d224c0ea.jpg\";i:3;s:28:\"2016-08-29/57c39d224de8d.jpg\";i:4;s:28:\"2016-08-29/57c39d224fc17.jpg\";i:5;s:28:\"2016-08-29/57c39d225197c.jpg\";}', '0', '0', '0', '10', '', null, '19', '', null, null, null, null, '0', '0', '0.00', null, null, '0', 'N;', null, '0', '0', '0000-00-00 00:00:00', '0000-00-00 00:00:00', '1', '', '1', null);
INSERT INTO `db_goods` VALUES ('880', '德国Labello 润唇膏 护唇膏 防干裂 淡唇纹 淡化唇色（两只）', '<p><img src=\"/ueditor/php/upload/image/20161230/1483094747484408.jpg\" alt=\"1483094747484408.jpg\"/></p>', null, '1472439264', '', '/Uploads/goods/2016-08-26/58097a19bb50a.jpg', null, null, '88.00', '48.00', '99', '0', '1', '50', '120', '1', 'a:1:{i:0;s:28:\"2016-08-29/57c3a3e06bb9b.jpg\";}', '0', '0', '8', '8', '', null, '17', '', null, null, null, null, '0', null, '0.00', null, null, '0', 'N;', null, '0', '0', '0000-00-00 00:00:00', '0000-00-00 00:00:00', '0', '', '1', null);
INSERT INTO `db_goods` VALUES ('881', '德国原装进口Schaebens雪本诗美白抗皱紧致提拉面膜（10包装）', '<p><img src=\"/ueditor/php/upload/image/20161230/1483094747484408.jpg\" alt=\"1483094747484408.jpg\"/></p>', '<p><img alt=\"TB21Ko2lVXXXXboXpXXXXXXXXXX_!!276244554.jpg\" src=\"/ueditor/php/upload/image/20160829/1472439264378808.jpg\" title=\"1472439264378808.jpg\"/></p>', '1472439393', '', '/Uploads/goods/2016-08-26/58097a19bb50a.jpg', null, '1472520816', '169.00', '89.00', '99', '0', '1', '50', '120', '1', 'a:1:{i:0;s:28:\"2016-08-30/57c4e270b863d.jpg\";}', '0', '0', '0', '5', '', null, '17', '', null, null, null, null, '0', '0', '0.00', null, null, '0', 'N;', null, '0', '0', '0000-00-00 00:00:00', '0000-00-00 00:00:00', '0', '', '1', null);
INSERT INTO `db_goods` VALUES ('882', '德国Schaebens雪本诗死海泥深层清洁控油去黑头面膜10包装', '<p><img src=\"/ueditor/php/upload/image/20161230/1483094747484408.jpg\" alt=\"1483094747484408.jpg\"/></p>', '<p><img alt=\"TB2q4C2lpXXXXbyXXXXXXXXXXXX_!!1611129057.jpg\" src=\"/ueditor/php/upload/image/20160829/1472440463524041.jpg\" title=\"1472440463524041.jpg\"/></p>', '1472440602', '', '/Uploads/goods/2016-08-26/58097a19bb50a.jpg', null, null, '169.00', '89.00', '99', '0', '1', '50', '120', '1', 'a:1:{i:0;s:28:\"2016-08-29/57c3a91addad6.jpg\";}', '0', '0', '0', '5', '', null, '17', '', null, null, null, null, '0', null, '0.00', null, null, '0', 'N;', null, '0', '0', '0000-00-00 00:00:00', '0000-00-00 00:00:00', '0', '', '1', null);
INSERT INTO `db_goods` VALUES ('883', '德国长效保湿润唇膏樱桃闪耀4.8g5.5ml 樱桃闪耀', '<p><img src=\"/ueditor/php/upload/image/20161230/1483094747484408.jpg\" alt=\"1483094747484408.jpg\"/></p>', null, '1472440677', '', '/Uploads/goods/2016-08-26/58097a19bb50a.jpg', null, null, '55.00', '38.00', '99', '0', '1', '50', '120', '1', 'a:1:{i:0;s:28:\"2016-08-29/57c3a9655c7b6.jpg\";}', '0', '0', '8', '8', '', null, '17', '', null, null, null, null, '0', null, '0.00', null, null, '0', 'N;', null, '0', '0', '0000-00-00 00:00:00', '0000-00-00 00:00:00', '0', '', '1', null);
INSERT INTO `db_goods` VALUES ('884', '德国Labello防晒唇膏 润唇膏 护唇膏 防干裂 淡唇纹 淡化唇色', '<p><img src=\"/ueditor/php/upload/image/20161230/1483094747484408.jpg\" alt=\"1483094747484408.jpg\"/></p>', null, '1472440949', '', '/Uploads/goods/2016-08-26/58097a19bb50a.jpg', null, null, '55.00', '38.00', '99', '0', '1', '50', '120', '1', 'a:1:{i:0;s:28:\"2016-08-29/57c3aa75568d8.jpg\";}', '0', '0', '8', '8', '', null, '17', '', null, null, null, null, '0', null, '0.00', null, null, '0', 'N;', null, '0', '0', '0000-00-00 00:00:00', '0000-00-00 00:00:00', '0', '', '1', null);
INSERT INTO `db_goods` VALUES ('885', '贺本清小菊花润唇膏', '<p><img src=\"/ueditor/php/upload/image/20161230/1483094747484408.jpg\" alt=\"1483094747484408.jpg\"/></p>', null, '1472441364', '', '/Uploads/goods/2016-08-26/58097a19bb50a.jpg', null, null, '120.00', '60.00', '99', '0', '1', '50', '120', '1', 'a:1:{i:0;s:28:\"2016-08-29/57c3ac145ca0a.jpg\";}', '0', '0', '4', '4', '', null, '17', '', null, null, null, null, '0', null, '0.00', null, null, '0', 'N;', null, '0', '0', '0000-00-00 00:00:00', '0000-00-00 00:00:00', '0', '', '1', null);
INSERT INTO `db_goods` VALUES ('886', '德国Salthouse死海泥荷荷巴油Q10抗皱面膜 10包装', '<p><img src=\"/ueditor/php/upload/image/20161230/1483094747484408.jpg\" alt=\"1483094747484408.jpg\"/></p>', '<p style=\"margin: 1.12em 0px; padding: 0px; font-family: tahoma, arial, 宋体, sans-serif; font-size: 14px; font-style: normal; font-variant: normal; font-weight: normal; letter-spacing: normal; line-height: 21px; text-align: start; text-indent: 0px; text-transform: none; white-space: normal; word-spacing: 0px; -webkit-text-stroke-width: 0px; color: rgb(64, 64, 64); orphans: 2; widows: 2; font-stretch: normal; background-color: rgb(255, 255, 255);\"><span style=\"font-size: 18px;\">【产品名称】德国Salthouse奢华spa 死海泥奢华荷荷巴油Q10抗皱面膜</span></p><p style=\"margin: 1.12em 0px; padding: 0px; font-family: tahoma, arial, 宋体, sans-serif; font-size: 14px; font-style: normal; font-variant: normal; font-weight: normal; letter-spacing: normal; line-height: 21px; text-align: start; text-indent: 0px; text-transform: none; white-space: normal; word-spacing: 0px; -webkit-text-stroke-width: 0px; color: rgb(64, 64, 64); orphans: 2; widows: 2; font-stretch: normal; background-color: rgb(255, 255, 255);\"><span style=\"font-size: 18px;\">【产品规格】 2 x 5ml</span></p><p style=\"margin: 1.12em 0px; padding: 0px; font-family: tahoma, arial, 宋体, sans-serif; font-size: 14px; font-style: normal; font-variant: normal; font-weight: normal; letter-spacing: normal; line-height: 21px; text-align: start; text-indent: 0px; text-transform: none; white-space: normal; word-spacing: 0px; -webkit-text-stroke-width: 0px; color: rgb(64, 64, 64); orphans: 2; widows: 2; font-stretch: normal; background-color: rgb(255, 255, 255);\"><span style=\"font-size: 18px;\">【产品产地】 德国</span></p><p style=\"margin: 1.12em 0px; padding: 0px; font-family: tahoma, arial, 宋体, sans-serif; font-size: 14px; font-style: normal; font-variant: normal; font-weight: normal; letter-spacing: normal; line-height: 21px; text-align: start; text-indent: 0px; text-transform: none; white-space: normal; word-spacing: 0px; -webkit-text-stroke-width: 0px; color: rgb(64, 64, 64); orphans: 2; widows: 2; font-stretch: normal; background-color: rgb(255, 255, 255);\"><span style=\"font-size: 18px;\">【产品介绍】</span></p><p style=\"margin: 1.12em 0px; padding: 0px; font-family: tahoma, arial, 宋体, sans-serif; font-size: 14px; font-style: normal; font-variant: normal; font-weight: normal; letter-spacing: normal; line-height: 21px; text-align: start; text-indent: 0px; text-transform: none; white-space: normal; word-spacing: 0px; -webkit-text-stroke-width: 0px; color: rgb(64, 64, 64); orphans: 2; widows: 2; font-stretch: normal; background-color: rgb(255, 255, 255);\"><span style=\"font-size: 18px;\">13年推出的全新奢华SPA系列。</span></p><p style=\"margin: 1.12em 0px; padding: 0px; font-family: tahoma, arial, 宋体, sans-serif; font-size: 14px; font-style: normal; font-variant: normal; font-weight: normal; letter-spacing: normal; line-height: 21px; text-align: start; text-indent: 0px; text-transform: none; white-space: normal; word-spacing: 0px; -webkit-text-stroke-width: 0px; color: rgb(64, 64, 64); orphans: 2; widows: 2; font-stretch: normal; background-color: rgb(255, 255, 255);\"><span style=\"font-size: 18px;\">宠爱和享受此款精致面膜吧。。。</span></p><p style=\"margin: 1.12em 0px; padding: 0px; color: rgb(0, 0, 0); font-family: tahoma, arial, 宋体, sans-serif; font-size: 14px; font-style: normal; font-variant: normal; font-weight: normal; letter-spacing: normal; line-height: 21px; orphans: auto; text-align: start; text-indent: 0px; text-transform: none; white-space: normal; widows: 1; word-spacing: 0px; -webkit-text-stroke-width: 0px; background-color: rgb(255, 255, 255);\"><span style=\"font-size: 18px;\">本品含有各种死海泥的稀有矿物质钠、钙、钾、镁、铁等，有效盗窃可耻让肌肤盗窃可耻舒缓压力和污染，更红润有光泽，特殊的死海泥清洁物质深入清洁肌肤盗窃可耻毛孔，预防和消除肌肤盗窃可耻粉刺和小痘痘，使其清洁光滑，没有瑕疵,并减轻出油现象。芦荟成分镇静补水，并长效保湿。</span></p><p style=\"margin: 1.12em 0px; padding: 0px; font-family: tahoma, arial, 宋体, sans-serif; font-size: 14px; font-style: normal; font-variant: normal; font-weight: normal; letter-spacing: normal; line-height: 21px; text-align: start; text-indent: 0px; text-transform: none; white-space: normal; word-spacing: 0px; -webkit-text-stroke-width: 0px; color: rgb(64, 64, 64); orphans: 2; widows: 2; font-stretch: normal; background-color: rgb(255, 255, 255);\"><span style=\"font-size: 18px;\">【使用用法】</span></p><p style=\"margin: 1.12em 0px; padding: 0px; font-family: tahoma, arial, 宋体, sans-serif; font-size: 14px; font-style: normal; font-variant: normal; font-weight: normal; letter-spacing: normal; line-height: 21px; text-align: start; text-indent: 0px; text-transform: none; white-space: normal; word-spacing: 0px; -webkit-text-stroke-width: 0px; color: rgb(64, 64, 64); orphans: 2; widows: 2; font-stretch: normal; background-color: rgb(255, 255, 255);\"><span style=\"font-size: 18px;\">清洁肌肤后，均匀涂于脸部(避开眼睛和嘴角处)，10－15分钟后，用温水洗净或化妆棉擦去残余后再用清水洗净，拍干。建议每天使用。</span></p><p><br/></p>', '1472441517', '', '/Uploads/goods/2016-08-26/58097a19bb50a.jpg', null, null, '208.00', '99.00', '99', '0', '1', '50', '120', '1', 'a:1:{i:0;s:28:\"2016-08-29/57c3acad50a9a.jpg\";}', '0', '0', '0', '7', '', null, '17', '', null, null, null, null, '0', null, '0.00', null, null, '0', 'N;', null, '0', '0', '0000-00-00 00:00:00', '0000-00-00 00:00:00', '0', '', '1', null);
INSERT INTO `db_goods` VALUES ('888', '巷仔边 台湾脆虾 开袋即食 16g  （四）盒 办公室零食', '<p><img src=\"/ueditor/php/upload/image/20161230/1483094747484408.jpg\" alt=\"1483094747484408.jpg\"/></p>', '<ul class=\" list-paddingleft-2\" id=\"J_AttrUL\" style=\"list-style-type: none;\"><li><p>生产许可证编号：QS3506 2201 0015</p></li><li><p>厂名：漳州市台旺食品有限公司</p></li><li><p>厂址：龙海市海澄工业区</p></li><li><p>厂家联系方式：021-57275756</p></li><li><p>配料表：南美白对虾、植物油、食用盐、白砂糖、辣椒粉、海苔</p></li><li><p>储藏方法：请密封存放于阴凉干燥处，避免阳光直射</p></li><li><p>保质期：365 天</p></li><li><p>食品添加剂：见包装</p></li><li><p>净含量:&nbsp;16g</p></li><li><p>包装方式:&nbsp;包装</p></li><li><p>品牌:&nbsp;巷仔边</p></li><li><p>系列:&nbsp;脆虾</p></li><li><p>水产类品种:&nbsp;其他/other</p></li><li><p>口味:&nbsp;碳烤味&nbsp;椒盐味&nbsp;原味&nbsp;香辣味</p></li><li><p>是否含糖:&nbsp;含糖</p></li><li><p>产地:&nbsp;中国大陆</p></li><li><p>省份:&nbsp;福建省</p></li><li><p>城市:&nbsp;漳州市</p></li></ul><p><br/></p>', '1472442045', '', '/Uploads/goods/2016-08-26/58097a19bb50a.jpg', null, '1472442277', '79.00', '59.90', '99', '0', '1', '1', '52', '1', 'a:3:{i:0;s:28:\"2016-08-29/57c3aebd56639.jpg\";i:1;s:28:\"2016-08-29/57c3aebd587ef.jpg\";i:2;s:28:\"2016-08-29/57c3aebd5a86a.jpg\";}', '0', '0', '0', '4', '', null, '51', '', null, null, null, null, '0', '0', '0.00', null, null, '0', 'a:6:{i:0;a:3:{s:11:\"guige_title\";s:8:\"原味*4\";s:15:\"guige_price_new\";s:4:\"59.9\";s:16:\"guige_zhongliang\";s:0:\"\";}i:1;a:3:{s:11:\"guige_title\";s:8:\"香辣*4\";s:15:\"guige_price_new\";s:4:\"59.9\";s:16:\"guige_zhongliang\";s:0:\"\";}i:2;a:3:{s:11:\"guige_title\";s:8:\"碳烤*4\";s:15:\"guige_price_new\";s:4:\"59.9\";s:16:\"guige_zhongliang\";s:0:\"\";}i:3;a:3:{s:11:\"guige_title\";s:8:\"椒盐*4\";s:15:\"guige_price_new\";s:4:\"59.9\";s:16:\"guige_zhongliang\";s:0:\"\";}i:4;a:3:{s:11:\"guige_title\";s:17:\"原味*2+香辣*2\";s:15:\"guige_price_new\";s:4:\"59.9\";s:16:\"guige_zhongliang\";s:0:\"\";}i:5;a:3:{s:11:\"guige_title\";s:17:\"碳烤*2+椒盐*2\";s:15:\"guige_price_new\";s:4:\"59.9\";s:16:\"guige_zhongliang\";s:0:\"\";}}', null, '0', '0', '0000-00-00 00:00:00', '0000-00-00 00:00:00', '1', '', '1', null);
INSERT INTO `db_goods` VALUES ('890', '德国进口  Dove多芬丰盈宠爱乳木果+暖香草沐浴乳  750ml/瓶*2', '<p><img src=\"/ueditor/php/upload/image/20161230/1483094747484408.jpg\" alt=\"1483094747484408.jpg\"/></p>', '<p><img alt=\"3.jpg\" src=\"/ueditor/php/upload/image/20160829/1472442354169717.jpg\" title=\"1472442354169717.jpg\"/></p>', '1472442484', '', '/Uploads/goods/2016-08-26/58097a19bb50a.jpg', null, '1472449323', '166.00', '118.00', '99', '0', '0', '50', '122', '1', 'a:4:{i:0;s:28:\"2016-08-29/57c3b07475d8a.jpg\";i:1;s:28:\"2016-08-29/57c3b0747762a.jpg\";i:2;s:28:\"2016-08-29/57c3b07478ec8.jpg\";i:3;s:28:\"2016-08-29/57c3b0747a888.jpg\";}', '0', '0', '0', '5', '', null, '17', '', null, null, null, null, '0', '0', '0.00', null, null, '0', 'N;', null, '0', '0', '0000-00-00 00:00:00', '0000-00-00 00:00:00', '1', '', '1', null);
INSERT INTO `db_goods` VALUES ('891', '德国Salthouse盐屋死海奢华活氧补水醒肤面膜10包装', '<p><img src=\"/ueditor/php/upload/image/20161230/1483094747484408.jpg\" alt=\"1483094747484408.jpg\"/></p>', '<p><span style=\"font-size: 18px;\">产品名称：德国Salthouse盐屋死海奢华活氧补水醒肤面膜</span></p><p><span style=\"font-size: 18px;\">产地：德国</span></p><p><span style=\"font-size: 18px;\">净含量：2*5ml</span></p><p><span style=\"font-size: 18px;\">适用对象：所有肤质适用</span></p><p><span style=\"font-size: 18px;\">使用方法：清洁肌肤后，均匀涂于脸部(避开眼睛和嘴角处)，10－15分钟后，用温水洗净或化妆棉擦去残余后再用清水洗净，拍干。建议每天使用。</span></p><p style=\"margin: 1.12em 0px; padding: 0px; color: rgb(0, 0, 0); font-family: tahoma, arial, 宋体, sans-serif; font-size: 14px; font-style: normal; font-variant: normal; font-weight: normal; letter-spacing: normal; line-height: 21px; orphans: auto; text-align: start; text-indent: 0px; text-transform: none; white-space: normal; widows: 1; word-spacing: 0px; -webkit-text-stroke-width: 0px; background-color: rgb(255, 255, 255);\">&nbsp;</p><p><span style=\"font-size: 18px;\">产品描述：德国品牌死海富氧物质舒缓保湿面膜均采用纯天然的死海泥精制而成。以死海泥中丰富的矿物质为基础，所含死海富氧物质可以有效舒缓面部过分紧张的肌肤，促进面部细胞再生过程，同时减少水分流失，保持肌肤湿润光泽，令肌肤紧致清新。重新焕发亮泽并具有弹性，光彩动人，长期使用能收细毛孔，皮肤白嫩有光彩。</span></p><p><br/></p>', '1472442489', '', '/Uploads/goods/2016-08-26/58097a19bb50a.jpg', null, null, '208.00', '99.00', '99', '0', '1', '50', '120', '1', 'a:1:{i:0;s:28:\"2016-08-29/57c3b079adacd.jpg\";}', '0', '0', '0', '7', '', null, '17', '', null, null, null, null, '0', null, '0.00', null, null, '0', 'N;', null, '0', '0', '0000-00-00 00:00:00', '0000-00-00 00:00:00', '0', '', '1', null);
INSERT INTO `db_goods` VALUES ('893', '德国Salthouse盐屋死海泥细胞修复再生滋润美白丝滑面膜10包装', '<p><img src=\"/ueditor/php/upload/image/20161230/1483094747484408.jpg\" alt=\"1483094747484408.jpg\"/></p>', '<p><img alt=\"TB2isa.jpg\" src=\"/ueditor/php/upload/image/20160829/1472443142272907.jpg\" title=\"1472443142272907.jpg\"/></p>', '1472443295', '', '/Uploads/goods/2016-08-26/58097a19bb50a.jpg', null, null, '208.00', '99.00', '99', '0', '1', '50', '120', '1', 'a:1:{i:0;s:28:\"2016-08-29/57c3b39f02ad3.jpg\";}', '0', '0', '0', '7', '', null, '17', '', null, null, null, null, '0', null, '0.00', null, null, '0', 'N;', null, '0', '0', '0000-00-00 00:00:00', '0000-00-00 00:00:00', '0', '', '1', null);
INSERT INTO `db_goods` VALUES ('895', '德国正品Lavera拉薇有机Q10紧致抗衰老基础面膜10包装', '<p><img src=\"/ueditor/php/upload/image/20161230/1483094747484408.jpg\" alt=\"1483094747484408.jpg\"/></p>', '<p><img alt=\"4C72.tmp.jpg\" src=\"/ueditor/php/upload/image/20160829/1472448568612600.jpg\" title=\"1472448568612600.jpg\"/></p>', '1472448768', '', '/Uploads/goods/2016-08-26/58097a19bb50a.jpg', null, null, '468.00', '208.00', '99', '0', '1', '50', '120', '1', 'a:1:{i:0;s:28:\"2016-08-29/57c3c900deafc.jpg\";}', '0', '0', '0', '15', '', null, '17', '', null, null, null, null, '0', null, '0.00', null, null, '0', 'N;', null, '0', '0', '0000-00-00 00:00:00', '0000-00-00 00:00:00', '0', '', '1', null);
INSERT INTO `db_goods` VALUES ('899', '德国进口La Ligne娜丽莲 柠檬芦荟滋润沐浴露 300ml', '<p><img src=\"/ueditor/php/upload/image/20161230/1483094747484408.jpg\" alt=\"1483094747484408.jpg\"/></p>', '<p><img alt=\"2.jpg\" src=\"/ueditor/php/upload/image/20160829/1472449850233275.jpg\" title=\"1472449850233275.jpg\"/></p>', '1472450043', '', '/Uploads/goods/2016-08-26/58097a19bb50a.jpg', null, '1472450539', '86.00', '38.00', '99', '0', '1', '50', '120', '1', 'a:1:{i:0;s:28:\"2016-08-29/57c3cfebcaa30.jpg\";}', '0', '0', '0', '4', '', null, '17', '', null, null, null, null, '0', '0', '0.00', null, null, '0', 'N;', null, '0', '0', '0000-00-00 00:00:00', '0000-00-00 00:00:00', '0', '', '1', null);
INSERT INTO `db_goods` VALUES ('900', '德国进口La Ligne娜丽莲 牛奶蜂蜜滋润沐浴露 300ml', '<p><img src=\"/ueditor/php/upload/image/20161230/1483094747484408.jpg\" alt=\"1483094747484408.jpg\"/></p>', '<p><img alt=\"3.jpg\" src=\"/ueditor/php/upload/image/20160829/1472450275108388.jpg\" title=\"1472450275108388.jpg\"/></p>', '1472450438', '', '/Uploads/goods/2016-08-26/58097a19bb50a.jpg', null, null, '86.00', '38.00', '99', '0', '1', '50', '120', '1', 'a:1:{i:0;s:28:\"2016-08-29/57c3cf86c5f29.jpg\";}', '0', '0', '0', '4', '', null, '17', '', null, null, null, null, '0', null, '0.00', null, null, '0', 'N;', null, '0', '0', '0000-00-00 00:00:00', '0000-00-00 00:00:00', '0', '', '1', null);
INSERT INTO `db_goods` VALUES ('901', '德国进口La Ligne娜丽莲 异域果滋润沐浴露 300ml', '<p><img src=\"/ueditor/php/upload/image/20161230/1483094747484408.jpg\" alt=\"1483094747484408.jpg\"/></p>', '<p><img alt=\"5.jpg\" src=\"/ueditor/php/upload/image/20160829/1472450767111374.jpg\" title=\"1472450767111374.jpg\"/></p>', '1472450808', '', '/Uploads/goods/2016-08-26/58097a19bb50a.jpg', null, null, '86.00', '38.00', '99', '0', '1', '50', '120', '1', 'a:1:{i:0;s:28:\"2016-08-29/57c3d0f8f3e77.jpg\";}', '0', '0', '0', '4', '', null, '17', '', null, null, null, null, '0', null, '0.00', null, null, '0', 'N;', null, '0', '0', '0000-00-00 00:00:00', '0000-00-00 00:00:00', '0', '', '1', null);
INSERT INTO `db_goods` VALUES ('902', '友臣 果粒吐司夹心面包 1kg （一）箱', '<p><img src=\"/ueditor/php/upload/image/20161230/1483094747484408.jpg\" alt=\"1483094747484408.jpg\"/></p>', '<ul class=\" list-paddingleft-2\" id=\"J_AttrUL\" style=\"list-style-type: none;\"><li><p>生产许可证编号：QS3505 2401 0687</p></li><li><p>厂名：友臣(福建)食品有限公司</p></li><li><p>厂址：晋江市紫帽镇浯垵村</p></li><li><p>厂家联系方式：021-57275756</p></li><li><p>配料表：小麦粉，白砂糖，鸡蛋，菠萝果酱沙拉等</p></li><li><p>储藏方法：置于阴凉干燥处，避免阳光直射</p></li><li><p>保质期：60 天</p></li><li><p>食品添加剂：见包装</p></li><li><p>净含量:&nbsp;480g</p></li><li><p>包装方式:&nbsp;散装</p></li><li><p>口味:&nbsp;沙拉含菠萝果粒500g&nbsp;菠萝含菠萝果粒500g <br/></p></li><li><p>商品条形码:&nbsp;6958620701170</p></li><li><p>是否为有机食品:&nbsp;否</p></li><li><p>糕点种类:&nbsp;夹心糕点</p></li><li><p>品牌:&nbsp;友臣</p></li><li><p>系列:&nbsp;沙拉吐司</p></li><li><p>是否含糖:&nbsp;含糖</p></li><li><p>产地:&nbsp;中国大陆</p></li><li><p>省份:&nbsp;福建省</p></li></ul><p><br/></p>', '1472451540', '', '/Uploads/goods/2016-08-26/58097a19bb50a.jpg', null, '1476693280', '78.00', '43.50', '999', '0', '1', '1', '52', '1', 'a:1:{i:0;s:43:\"/Uploads/goods/2016-10-17/58048d206d295.jpg\";}', '0', '0', '0', '2', '', null, '51', '', null, null, null, null, '0', null, '0.00', null, null, '0', 'a:3:{i:0;a:3:{s:11:\"guige_title\";s:15:\"菠萝吐司1kg\";s:15:\"guige_price_new\";s:4:\"43.5\";s:16:\"guige_zhongliang\";s:0:\"\";}i:1;a:3:{s:11:\"guige_title\";s:21:\"沙拉菠萝吐司1kg\";s:15:\"guige_price_new\";s:4:\"43.5\";s:16:\"guige_zhongliang\";s:0:\"\";}i:2;a:3:{s:11:\"guige_title\";s:21:\"菠萝500g+沙拉500g\";s:15:\"guige_price_new\";s:4:\"43.5\";s:16:\"guige_zhongliang\";s:0:\"\";}}', null, '0', '0', '0000-00-00 00:00:00', '0000-00-00 00:00:00', '1', '', '1', null);
INSERT INTO `db_goods` VALUES ('903', 'Litamin薰衣草+香草深层滋养去体味沐浴露750ml', '<p><img src=\"/ueditor/php/upload/image/20161230/1483094747484408.jpg\" alt=\"1483094747484408.jpg\"/></p>', null, '1472452107', '', '/Uploads/goods/2016-08-26/58097a19bb50a.jpg', null, '1472521028', '168.00', '78.00', '99', '0', '1', '50', '120', '1', 'a:3:{i:0;s:28:\"2016-08-30/57c4e344d8db7.jpg\";i:1;s:28:\"2016-08-30/57c4e344daf16.jpg\";i:2;s:28:\"2016-08-30/57c4e344dd141.jpg\";}', '0', '0', '0', '6', '', null, '17', '', null, null, null, null, '0', '0', '0.00', null, null, '0', 'a:2:{i:0;a:3:{s:11:\"guige_title\";s:18:\"沐浴露（紫）\";s:15:\"guige_price_new\";s:5:\"78.00\";s:16:\"guige_zhongliang\";s:0:\"\";}i:1;a:3:{s:11:\"guige_title\";s:18:\"沐浴露（兰）\";s:15:\"guige_price_new\";s:5:\"78.00\";s:16:\"guige_zhongliang\";s:0:\"\";}}', null, '0', '0', '0000-00-00 00:00:00', '0000-00-00 00:00:00', '0', '', '1', null);
INSERT INTO `db_goods` VALUES ('904', '德国进口   S-quitofree婴幼儿驱蚊止痒喷雾儿童蚊虫叮咬宝宝止痒 8ml/支*2', '<p><img src=\"/ueditor/php/upload/image/20161230/1483094747484408.jpg\" alt=\"1483094747484408.jpg\"/></p>', '<p><img alt=\"详1.jpg\" src=\"/ueditor/php/upload/image/20160829/1472453489105780.jpg\" title=\"1472453489105780.jpg\"/><img alt=\"详2.jpg\" src=\"/ueditor/php/upload/image/20160829/1472453492230822.jpg\" title=\"1472453492230822.jpg\"/></p>', '1472453729', '', '/Uploads/goods/2016-08-26/58097a19bb50a.jpg', null, null, '100.00', '70.00', '99', '0', '1', '50', '103', '1', 'a:1:{i:0;s:28:\"2016-08-29/57c3dc61e5506.jpg\";}', '0', '0', '0', '5', '', null, '19', '', null, null, null, null, '0', null, '0.00', null, null, '0', 'N;', null, '0', '0', '0000-00-00 00:00:00', '0000-00-00 00:00:00', '1', '', '1', null);
INSERT INTO `db_goods` VALUES ('905', '德国进口 妮维雅NIVEA 柠檬草和精油型清新润肤沐浴露250ml', '<p><img src=\"/ueditor/php/upload/image/20161230/1483094747484408.jpg\" alt=\"1483094747484408.jpg\"/></p>', '<p><img alt=\"57876db9N0a3436eb.jpg\" src=\"/ueditor/php/upload/image/20160829/1472453622576195.jpg\" title=\"1472453622576195.jpg\"/></p>', '1472454010', '', '/Uploads/goods/2016-08-26/58097a19bb50a.jpg', null, null, '168.00', '78.00', '99', '0', '1', '50', '120', '1', 'a:3:{i:0;s:28:\"2016-08-29/57c3dd7a07c48.jpg\";i:1;s:28:\"2016-08-29/57c3dd7a0964c.jpg\";i:2;s:28:\"2016-08-29/57c3dd7a0b0be.jpg\";}', '0', '0', '0', '7', '', null, '17', '', null, null, null, null, '0', null, '0.00', null, null, '0', 'N;', null, '0', '0', '0000-00-00 00:00:00', '0000-00-00 00:00:00', '0', '', '1', null);
INSERT INTO `db_goods` VALUES ('906', 'CD牛油果保湿沐浴露滋润保湿 清洁500ml', '<p><img src=\"/ueditor/php/upload/image/20161230/1483094747484408.jpg\" alt=\"1483094747484408.jpg\"/></p>', '<p>名称：CD牛油果保湿沐浴露</p><p>品牌：CD</p><p>德文：CD Bad Feuchtigkeit Avokado</p><p>产地：德国</p><p>规格：500ml</p><p>成分：牛油果提取物PH中性<br/></p>', '1472455326', '', '/Uploads/goods/2016-08-26/58097a19bb50a.jpg', null, null, '128.00', '65.00', '99', '0', '1', '50', '120', '1', 'a:2:{i:0;s:28:\"2016-08-29/57c3e29e1b1ac.jpg\";i:1;s:28:\"2016-08-29/57c3e29e1d011.jpg\";}', '0', '0', '0', '6', '', null, '17', '', null, null, null, null, '0', null, '0.00', null, null, '0', 'N;', null, '0', '0', '0000-00-00 00:00:00', '0000-00-00 00:00:00', '0', '', '1', null);
INSERT INTO `db_goods` VALUES ('907', '清之坊 山楂条 168g 新鲜山楂果丹皮  （四）袋', '<p><img src=\"/ueditor/php/upload/image/20161230/1483094747484408.jpg\" alt=\"1483094747484408.jpg\"/></p>', '<ul class=\" list-paddingleft-2\" id=\"J_AttrUL\" style=\"list-style-type: none;\"><li><p>生产许可证编号：QS3212 1701 0170</p></li><li><p>产品标准号：DB37/T1135</p></li><li><p>厂名：靖江市清之坊食品贸易有限公司</p></li><li><p>厂址：靖江市经济开发区城北园区北二环路22号2幢3层</p></li><li><p>厂家联系方式：021-57275756</p></li><li><p>配料表：新鲜山楂、甘蔗糖</p></li><li><p>储藏方法：宜存放于阴凉干燥处</p></li><li><p>保质期：365 天</p></li><li><p>食品添加剂：见包装</p></li><li><p>产品名称：清之坊 山楂条168g</p></li><li><p>净含量:&nbsp;168g</p></li><li><p>包装方式:&nbsp;包装</p></li><li><p>商品条形码:&nbsp;6957101601299</p></li><li><p>食品口味:&nbsp;山楂条168g&nbsp;山楂条168g*3包</p></li><li><p>品牌:&nbsp;清之坊</p></li><li><p>系列:&nbsp;山楂条168g</p></li><li><p>产地:&nbsp;中国大陆</p></li><li><p>省份:&nbsp;山东省</p></li></ul><p><br/></p>', '1472455857', '', '/Uploads/goods/2016-08-26/58097a19bb50a.jpg', null, '1483149476', '48.00', '27.20', '99', '0', '1', '1', '52', '1', 'a:1:{i:0;s:43:\"/Uploads/goods/2016-10-17/58048cb98f7e6.jpg\";}', '0', '0', '0', '4', '', null, '51', '', null, null, null, null, '0', null, '0.00', null, null, '0', 'N;', null, '0', '0', '0000-00-00 00:00:00', '0000-00-00 00:00:00', '1', '清香优美', '1', '0');
INSERT INTO `db_goods` VALUES ('909', '沐浴露CD牛油果保湿滋润沐浴露  250ml', '<p><img src=\"/ueditor/php/upload/image/20161230/1483094747484408.jpg\" alt=\"1483094747484408.jpg\"/></p>', '<p><img alt=\"FF7F.tmp.jpg\" src=\"/ueditor/php/upload/image/20160829/1472456018101834.jpg\" title=\"1472456018101834.jpg\"/></p>', '1472456137', '', '/Uploads/goods/2016-08-26/58097a19bb50a.jpg', null, null, '88.00', '42.00', '99', '0', '1', '50', '120', '1', 'a:2:{i:0;s:28:\"2016-08-29/57c3e5c967766.jpg\";i:1;s:28:\"2016-08-29/57c3e5c9691ca.jpg\";}', '0', '0', '0', '4', '', null, '17', '', null, null, null, null, '0', null, '0.00', null, null, '0', 'N;', null, '0', '0', '0000-00-00 00:00:00', '0000-00-00 00:00:00', '0', '', '1', null);
INSERT INTO `db_goods` VALUES ('910', '德国进口  Squito free天然植物防蚊虫止痛止痒膏 15ml/支*2', '<p><img src=\"/ueditor/php/upload/image/20161230/1483094747484408.jpg\" alt=\"1483094747484408.jpg\"/></p>', '<p><img alt=\"2.jpg\" src=\"/ueditor/php/upload/image/20160829/1472456278115389.jpg\" title=\"1472456278115389.jpg\"/><img alt=\"2-1.jpg\" src=\"/ueditor/php/upload/image/20160829/1472456280126500.jpg\" title=\"1472456280126500.jpg\"/></p>', '1472456289', '', '/Uploads/goods/2016-08-26/58097a19bb50a.jpg', null, null, '168.00', '96.00', '99', '0', '1', '50', '103', '1', 'a:1:{i:0;s:28:\"2016-08-29/57c3e661d0188.jpg\";}', '0', '0', '0', '5', '', null, '19', '', null, null, null, null, '0', null, '0.00', null, null, '0', 'N;', null, '0', '0', '0000-00-00 00:00:00', '0000-00-00 00:00:00', '1', '', '1', null);
INSERT INTO `db_goods` VALUES ('911', '德国原装Fa 男士双效沐浴露250ml', '<p><img src=\"/ueditor/php/upload/image/20161230/1483094747484408.jpg\" alt=\"1483094747484408.jpg\"/></p>', '', '1472458524', '', '/Uploads/goods/2016-08-26/58097a19bb50a.jpg', null, '1472521724', '76.00', '36.00', '99', '0', '1', '50', '120', '1', 'a:5:{i:0;s:28:\"2016-08-30/57c4e5fc8692b.jpg\";i:1;s:28:\"2016-08-30/57c4e5fc885f0.jpg\";i:2;s:28:\"2016-08-30/57c4e5fc8a465.jpg\";i:3;s:28:\"2016-08-30/57c4e5fc8c189.jpg\";i:4;s:28:\"2016-08-30/57c4e5fc8dc76.jpg\";}', '0', '0', '0', '3', '', null, '17', '', null, null, null, null, '0', '0', '0.00', null, null, '0', 'a:4:{i:0;a:3:{s:11:\"guige_title\";s:20:\"沐浴露--薄荷味\";s:15:\"guige_price_new\";s:5:\"36.00\";s:16:\"guige_zhongliang\";s:0:\"\";}i:1;a:3:{s:11:\"guige_title\";s:26:\"沐浴露--黑暗的激情\";s:15:\"guige_price_new\";s:5:\"36.00\";s:16:\"guige_zhongliang\";s:0:\"\";}i:2;a:3:{s:11:\"guige_title\";s:29:\"沐浴露--炫彩冰爽醒肤\";s:15:\"guige_price_new\";s:5:\"36.00\";s:16:\"guige_zhongliang\";s:0:\"\";}i:3;a:3:{s:11:\"guige_title\";s:23:\"沐浴露--清爽银杏\";s:15:\"guige_price_new\";s:5:\"36.00\";s:16:\"guige_zhongliang\";s:0:\"\";}}', null, '0', '0', '0000-00-00 00:00:00', '0000-00-00 00:00:00', '0', '', '1', null);
INSERT INTO `db_goods` VALUES ('912', '怀府宴养生酒 一箱 500ML 6瓶', '<p><img src=\"/ueditor/php/upload/image/20161230/1483094747484408.jpg\" alt=\"1483094747484408.jpg\"/></p>', null, '1472459332', '', '/Uploads/goods/2016-08-26/58097a19bb50a.jpg', null, null, '500.00', '360.00', '99', '0', '1', '50', '128', '1', 'a:2:{i:0;s:28:\"2016-08-29/57c3f244984ba.jpg\";i:1;s:28:\"2016-08-29/57c3f2449a9b2.jpg\";}', '0', '0', '0', '40', '', null, '105', '', null, null, null, null, '0', null, '0.00', null, null, '0', 'N;', null, '0', '0', '0000-00-00 00:00:00', '0000-00-00 00:00:00', '0', '', '1', null);
INSERT INTO `db_goods` VALUES ('913', '德国进口 EVITA爱唯他 精油香氛沐浴露 持久留香 舒缓安睡500ml', '<p><img src=\"/ueditor/php/upload/image/20161230/1483094747484408.jpg\" alt=\"1483094747484408.jpg\"/></p>', null, '1472460631', '', '/Uploads/goods/2016-08-26/58097a19bb50a.jpg', null, '1472522171', '128.00', '58.00', '99', '0', '1', '50', '120', '1', 'a:4:{i:0;s:28:\"2016-08-30/57c4e7bb1afb8.jpg\";i:1;s:28:\"2016-08-30/57c4e7bb1d21d.jpg\";i:2;s:28:\"2016-08-30/57c4e7bb1f936.jpg\";i:3;s:28:\"2016-08-30/57c4e7bb220eb.jpg\";}', '0', '0', '0', '5', '', null, '17', '', null, null, null, null, '0', '0', '0.00', null, null, '0', 'a:6:{i:0;a:3:{s:11:\"guige_title\";s:27:\"香薰衣草精油沐浴露\";s:15:\"guige_price_new\";s:5:\"58.00\";s:16:\"guige_zhongliang\";s:0:\"\";}i:1;a:3:{s:11:\"guige_title\";s:21:\"桉树精油沐浴露\";s:15:\"guige_price_new\";s:5:\"58.00\";s:16:\"guige_zhongliang\";s:0:\"\";}i:2;a:3:{s:11:\"guige_title\";s:27:\"杏仁牛奶精油沐浴露\";s:15:\"guige_price_new\";s:5:\"58.00\";s:16:\"guige_zhongliang\";s:0:\"\";}i:3;a:3:{s:11:\"guige_title\";s:27:\"香草茴香精油沐浴露\";s:15:\"guige_price_new\";s:5:\"58.00\";s:16:\"guige_zhongliang\";s:0:\"\";}i:4;a:3:{s:11:\"guige_title\";s:21:\"香橙精油沐浴露\";s:15:\"guige_price_new\";s:5:\"58.00\";s:16:\"guige_zhongliang\";s:0:\"\";}i:5;a:3:{s:11:\"guige_title\";s:24:\"香蜂草精油沐浴露\";s:15:\"guige_price_new\";s:5:\"58.00\";s:16:\"guige_zhongliang\";s:0:\"\";}}', null, '0', '0', '0000-00-00 00:00:00', '0000-00-00 00:00:00', '0', '', '1', null);
INSERT INTO `db_goods` VALUES ('915', '德国进口 EVITA爱唯他 蕾丝花边精油香氛牛奶沐浴露持久留香500ml', '<p><img src=\"/ueditor/php/upload/image/20161230/1483094747484408.jpg\" alt=\"1483094747484408.jpg\"/></p>', '<p>品牌：EVITA爱唯他</p><p>规格：500ml</p><p>产地：德国<br/></p>', '1472461273', '', '/Uploads/goods/2016-08-26/58097a19bb50a.jpg', null, '1472521899', '128.00', '58.00', '99', '0', '1', '50', '120', '1', 'a:4:{i:0;s:28:\"2016-08-30/57c4e6abe2758.jpg\";i:1;s:28:\"2016-08-30/57c4e6abe432e.jpg\";i:2;s:28:\"2016-08-30/57c4e6abe5efd.jpg\";i:3;s:28:\"2016-08-30/57c4e6abe79ed.jpg\";}', '0', '0', '0', '5', '', null, '17', '', null, null, null, null, '0', '0', '0.00', null, null, '0', 'a:3:{i:0;a:3:{s:11:\"guige_title\";s:33:\"薄荷柠檬蕾丝香氛沐浴露\";s:15:\"guige_price_new\";s:5:\"58.00\";s:16:\"guige_zhongliang\";s:0:\"\";}i:1;a:3:{s:11:\"guige_title\";s:36:\"火龙果椰奶蕾丝香氛沐浴露\";s:15:\"guige_price_new\";s:5:\"58.00\";s:16:\"guige_zhongliang\";s:0:\"\";}i:2;a:3:{s:11:\"guige_title\";s:33:\"木瓜牛奶蕾丝香氛沐浴露\";s:15:\"guige_price_new\";s:5:\"58.00\";s:16:\"guige_zhongliang\";s:0:\"\";}}', null, '0', '0', '0000-00-00 00:00:00', '0000-00-00 00:00:00', '0', '', '1', null);
INSERT INTO `db_goods` VALUES ('916', '德国进口 S-quito free婴幼儿童成人防蚊虫叮咬水液驱蚊喷雾剂 100ml/瓶*2', '<p><img src=\"/ueditor/php/upload/image/20161230/1483094747484408.jpg\" alt=\"1483094747484408.jpg\"/></p>', '<p><img alt=\"7.png\" src=\"/ueditor/php/upload/image/20160829/1472461967509840.png\" title=\"1472461967509840.png\"/></p>', '1472462320', '', '/Uploads/goods/2016-08-26/58097a19bb50a.jpg', null, null, '138.00', '106.00', '99', '0', '1', '50', '103', '1', 'a:3:{i:0;s:28:\"2016-08-29/57c3fdf005520.jpg\";i:1;s:28:\"2016-08-29/57c3fdf00762b.jpg\";i:2;s:28:\"2016-08-29/57c3fdf00909b.jpg\";}', '0', '0', '0', '5', '', null, '19', '', null, null, null, null, '0', null, '0.00', null, null, '0', 'N;', null, '0', '0', '0000-00-00 00:00:00', '0000-00-00 00:00:00', '1', '', '1', null);
INSERT INTO `db_goods` VALUES ('918', '德国进口  Autan宝宝专用无毒驱蚊防蚊液喷雾  100ml/瓶*2', '<p><img src=\"/ueditor/php/upload/image/20161230/1483094747484408.jpg\" alt=\"1483094747484408.jpg\"/></p>', '<p><img alt=\"9.jpg\" src=\"/ueditor/php/upload/image/20160829/1472463717704215.jpg\" title=\"1472463717704215.jpg\"/></p>', '1472463692', '', '/Uploads/goods/2016-08-26/58097a19bb50a.jpg', null, '1472463843', '220.00', '145.00', '99', '0', '1', '50', '103', '1', 'a:2:{i:0;s:28:\"2016-08-29/57c4034c23e5f.jpg\";i:1;s:28:\"2016-08-29/57c4034c25d3a.jpg\";}', '0', '0', '0', '8', '', null, '19', '', null, null, null, null, '0', '0', '0.00', null, null, '0', 'N;', null, '0', '0', '0000-00-00 00:00:00', '0000-00-00 00:00:00', '1', '', '1', null);
INSERT INTO `db_goods` VALUES ('919', '德国进口  Autan热带防蚊喷 100ml/瓶*2', '<p><img src=\"/ueditor/php/upload/image/20161230/1483094747484408.jpg\" alt=\"1483094747484408.jpg\"/></p>', '<p><img alt=\"2.jpg\" src=\"/ueditor/php/upload/image/20160830/1472521699818034.jpg\" title=\"1472521699818034.jpg\"/></p>', '1472521720', '', '/Uploads/goods/2016-08-26/58097a19bb50a.jpg', null, null, '268.00', '168.00', '99', '0', '1', '50', '103', '1', 'a:2:{i:0;s:28:\"2016-08-30/57c4e5f8608a5.jpg\";i:1;s:28:\"2016-08-30/57c4e5f8626ba.jpg\";}', '0', '0', '0', '10', '', null, '19', '', null, null, null, null, '0', null, '0.00', null, null, '0', 'N;', null, '0', '0', '0000-00-00 00:00:00', '0000-00-00 00:00:00', '1', '', '1', null);
INSERT INTO `db_goods` VALUES ('924', '德国原装CD皂 牛油果鳄梨保湿滋润美白补水芦荟洁面香皂 125g', '<p><img src=\"/ueditor/php/upload/image/20161230/1483094747484408.jpg\" alt=\"1483094747484408.jpg\"/></p>', '<p><span style=\"font-family: 宋体,SimSun; color: rgb(255, 255, 255);\"><strong style=\"color: rgb(204, 0, 0); font-family: tahoma, arial, 宋体, sans-serif; font-size: 18px; font-style: normal; font-variant: normal; letter-spacing: normal; line-height: 27px; orphans: auto; text-align: start; text-indent: 0px; text-transform: none; white-space: normal; widows: 1; word-spacing: 0px; -webkit-text-stroke-width: 0px; background-color: rgb(255, 255, 255);\">产品名称：德国CD保湿滋润香皂&nbsp;牛油果鳄梨香型<br/>产品规格：125g<br/>保&nbsp;&nbsp;质&nbsp;&nbsp;期：打开后12个月内用完<br/>产品特点：皂体晶莹剔透，香气宜人，添加牛油果成分滋润保护皮肤，温和不刺激，适合各种肤质人群使用，敏感肌肤也同样适用，能够彻底清洁肌肤，保湿不干燥。</strong></span></p><p><br/></p><p><span style=\"font-family: simhei; font-size: 18px; color: rgb(0, 0, 0);\">产品名称：德国CD保湿美白补水香皂 芦荟型</span></p><p><span style=\"font-family: simhei; font-size: 18px; color: rgb(0, 0, 0);\">产品规格：125g</span></p><p><span style=\"font-family: simhei; font-size: 18px; color: rgb(0, 0, 0);\">保 &nbsp;质 &nbsp;期：打开后12个月内用完</span></p><p><span style=\"font-family: simhei; font-size: 18px; color: rgb(0, 0, 0);\">产品特点：1. 温和清洁 补水保湿 令肌肤富有水嫩光泽</span></p><p><span style=\"font-family: simhei; font-size: 18px; color: rgb(0, 0, 0);\">&nbsp; &nbsp; &nbsp; &nbsp; &nbsp; 2. 缓解皮肤紧绷 补充肌肤水份和油份 改善肌肤粗糙暗哑</span></p><p><span style=\"font-family: simhei; font-size: 18px; color: rgb(0, 0, 0);\">&nbsp; &nbsp; &nbsp; &nbsp; &nbsp; 3. 保湿滋养 令肌肤清爽润滑 享受自由深呼吸</span></p><p><span style=\"font-family: simhei; font-size: 18px; color: rgb(0, 0, 0);\">&nbsp; &nbsp; &nbsp; &nbsp; &nbsp; 4. 营养肌肤 无任何不良添加剂</span></p><p><span style=\"font-family: simhei; font-size: 18px; color: rgb(0, 0, 0);\">&nbsp; &nbsp; &nbsp; &nbsp; &nbsp; 5. 独特香味 清新淡雅气息 肌肤享受轻盈舒洁</span></p><p><br/></p>', '1472524470', '', '/Uploads/goods/2016-08-26/58097a19bb50a.jpg', null, null, '76.00', '32.00', '99', '0', '1', '50', '120', '1', 'a:3:{i:0;s:28:\"2016-08-30/57c4f0b62a508.jpg\";i:1;s:28:\"2016-08-30/57c4f0b62bfad.jpg\";i:2;s:28:\"2016-08-30/57c4f0b62da1b.jpg\";}', '0', '0', '0', '3', '', null, '17', '', null, null, null, null, '0', null, '0.00', null, null, '0', 'a:2:{i:0;a:3:{s:11:\"guige_title\";s:21:\"牛油果鄂梨香皂\";s:15:\"guige_price_new\";s:5:\"32.00\";s:16:\"guige_zhongliang\";s:0:\"\";}i:1;a:3:{s:11:\"guige_title\";s:12:\"芦荟香皂\";s:15:\"guige_price_new\";s:5:\"32.00\";s:16:\"guige_zhongliang\";s:0:\"\";}}', null, '0', '0', '0000-00-00 00:00:00', '0000-00-00 00:00:00', '0', '', '1', null);
INSERT INTO `db_goods` VALUES ('926', '德国原装进口 保黛宝香水嫩白沐浴露（翡翠凝香）500ml', '<p><img src=\"/ueditor/php/upload/image/20161230/1483094747484408.jpg\" alt=\"1483094747484408.jpg\"/></p>', '<p><img alt=\"5FBE.tmp.png\" src=\"/ueditor/php/upload/image/20160830/1472525830122292.png\" title=\"1472525830122292.png\"/></p>', '1472525839', '', '/Uploads/goods/2016-08-26/58097a19bb50a.jpg', null, '1476693852', '186.00', '85.00', '99', '0', '1', '50', '120', '1', 'a:1:{i:0;s:43:\"/Uploads/goods/2016-10-17/58048f5ceb0be.jpg\";}', '0', '0', '0', '8', '', null, '17', '', null, null, null, null, '0', '0', '0.00', null, null, '0', 'N;', null, '0', '0', '0000-00-00 00:00:00', '0000-00-00 00:00:00', '0', '', '1', null);
INSERT INTO `db_goods` VALUES ('928', '德国进口   danny洗洁精  750ml/瓶*2', '<p><img src=\"/ueditor/php/upload/image/20161230/1483094747484408.jpg\" alt=\"1483094747484408.jpg\"/></p>', '<p><img alt=\"4.jpg\" src=\"/ueditor/php/upload/image/20160830/1472526447134151.jpg\" title=\"1472526447134151.jpg\"/></p>', '1472526470', '', '/Uploads/goods/2016-08-26/58097a19bb50a.jpg', null, null, '138.00', '76.00', '99', '0', '1', '50', '149', '1', 'a:2:{i:0;s:28:\"2016-08-30/57c4f8862a89b.jpg\";i:1;s:28:\"2016-08-30/57c4f8862cd8c.jpg\";}', '0', '0', '0', '8', '', null, '20', '', null, null, null, null, '0', null, '0.00', null, null, '0', 'N;', null, '0', '0', '0000-00-00 00:00:00', '0000-00-00 00:00:00', '1', '', '1', null);
INSERT INTO `db_goods` VALUES ('930', '德国进口保黛宝香水嫩白沐浴啫喱（魔红诱惑）500ml', '<p><img src=\"/ueditor/php/upload/image/20161230/1483094747484408.jpg\" alt=\"1483094747484408.jpg\"/></p>', '<p><img alt=\"8DD2.tmp.jpg\" src=\"/ueditor/php/upload/image/20160830/1472526716247949.jpg\" title=\"1472526716247949.jpg\"/></p>', '1472526764', '', '/Uploads/goods/2016-08-26/58097a19bb50a.jpg', null, '1472527741', '186.00', '85.00', '99', '0', '1', '50', '120', '1', 'a:3:{i:0;s:28:\"2016-08-30/57c4f9ac6c11b.jpg\";i:1;s:28:\"2016-08-30/57c4f9ac6dd2f.jpg\";i:2;s:28:\"2016-08-30/57c4f9ac6fa75.jpg\";}', '0', '0', '0', '8', '', null, '17', '', null, null, null, null, '0', '0', '0.00', null, null, '0', 'N;', null, '0', '0', '0000-00-00 00:00:00', '0000-00-00 00:00:00', '0', '', '1', null);
INSERT INTO `db_goods` VALUES ('933', '德国原装进口保黛宝香水沐浴露(流金宝蓝）500ml', '<p><img src=\"/ueditor/php/upload/image/20161230/1483094747484408.jpg\" alt=\"1483094747484408.jpg\"/></p>', '<p><img alt=\"5AD3.tmp.jpg\" src=\"/ueditor/php/upload/image/20160830/1472527669134822.jpg\" title=\"1472527669134822.jpg\"/></p>', '1472527710', '', '/Uploads/goods/2016-08-26/58097a19bb50a.jpg', null, '1472527781', '186.00', '85.00', '99', '0', '1', '50', '120', '1', 'a:4:{i:0;s:28:\"2016-08-30/57c4fd5e77096.jpg\";i:1;s:28:\"2016-08-30/57c4fd5e78b69.jpg\";i:2;s:28:\"2016-08-30/57c4fd5e7a83a.jpg\";i:3;s:28:\"2016-08-30/57c4fd5e7c334.jpg\";}', '0', '0', '0', '8', '', null, '17', '', null, null, null, null, '0', '0', '0.00', null, null, '0', 'N;', null, '0', '0', '0000-00-00 00:00:00', '0000-00-00 00:00:00', '0', '', '1', null);
INSERT INTO `db_goods` VALUES ('934', '德国原装进口 保黛宝香水嫩白沐浴啫喱沐浴露（魅力经典 ）500ml', '<p><img src=\"/ueditor/php/upload/image/20161230/1483094747484408.jpg\" alt=\"1483094747484408.jpg\"/></p>', '<p><img alt=\"3D67.tmp.jpg\" src=\"/ueditor/php/upload/image/20160830/1472528580739113.jpg\" title=\"1472528580739113.jpg\"/></p>', '1472528623', '', '/Uploads/goods/2016-08-26/58097a19bb50a.jpg', null, null, '186.00', '85.00', '99', '0', '1', '50', '120', '1', 'a:2:{i:0;s:28:\"2016-08-30/57c500ef0a50b.jpg\";i:1;s:28:\"2016-08-30/57c500ef0bd4e.jpg\";}', '0', '0', '0', '8', '', null, '17', '', null, null, null, null, '0', null, '0.00', null, null, '0', 'N;', null, '0', '0', '0000-00-00 00:00:00', '0000-00-00 00:00:00', '0', '', '1', null);
INSERT INTO `db_goods` VALUES ('936', '德国进口 Spee丝贝洗衣液强效去污 1095ML/瓶*2', '<p><img src=\"/ueditor/php/upload/image/20161230/1483094747484408.jpg\" alt=\"1483094747484408.jpg\"/></p>', '<p><img alt=\"参数.jpg\" src=\"/ueditor/php/upload/image/20160830/1472529078821261.jpg\" title=\"1472529078821261.jpg\"/></p>', '1472529108', '', '/Uploads/goods/2016-08-26/58097a19bb50a.jpg', null, '1472534901', '210.00', '176.00', '99', '0', '1', '50', '149', '1', 'a:4:{i:0;s:28:\"2016-08-30/57c502d4043e9.jpg\";i:1;s:28:\"2016-08-30/57c502d4063af.jpg\";i:2;s:28:\"2016-08-30/57c502d408a94.jpg\";i:3;s:28:\"2016-08-30/57c502d40ab95.jpg\";}', '0', '0', '0', '20', '', null, '20', '', null, null, null, null, '0', '0', '0.00', null, null, '0', 'N;', null, '0', '0', '0000-00-00 00:00:00', '0000-00-00 00:00:00', '1', '', '1', null);
INSERT INTO `db_goods` VALUES ('938', '德国进口 Spee丝贝洗衣液强效去污（玫红） 1095ML/瓶*2', '<p><img src=\"/ueditor/php/upload/image/20161230/1483094747484408.jpg\" alt=\"1483094747484408.jpg\"/></p>', '<p><img alt=\"参数.jpg\" src=\"/ueditor/php/upload/image/20160830/1472537915131608.jpg\" title=\"1472537915131608.jpg\"/></p>', '1472537970', '', '/Uploads/goods/2016-08-26/58097a19bb50a.jpg', null, '1472540246', '210.00', '176.00', '99', '0', '1', '50', '149', '1', 'a:2:{i:0;s:28:\"2016-08-30/57c5257245ba6.jpg\";i:1;s:28:\"2016-08-30/57c5257247a27.jpg\";}', '0', '0', '0', '20', '', null, '20', '', null, null, null, null, '0', '0', '0.00', null, null, '0', 'a:2:{i:0;a:3:{s:11:\"guige_title\";s:66:\"德国进口 Spee丝贝洗衣液强效去污（绿） 1095ML/瓶*2\";s:15:\"guige_price_new\";s:3:\"176\";s:16:\"guige_zhongliang\";s:0:\"\";}i:1;a:3:{s:11:\"guige_title\";s:66:\"德国进口 Spee丝贝洗衣液强效去污（白） 1095ML/瓶*2\";s:15:\"guige_price_new\";s:3:\"176\";s:16:\"guige_zhongliang\";s:0:\"\";}}', null, '0', '0', '0000-00-00 00:00:00', '0000-00-00 00:00:00', '1', '', '1', null);
INSERT INTO `db_goods` VALUES ('939', '施华蔻女士修复洗发水 400ML', '<p><img src=\"/ueditor/php/upload/image/20161230/1483094747484408.jpg\" alt=\"1483094747484408.jpg\"/></p>', null, '1472542560', '', '/Uploads/goods/2016-08-26/58097a19bb50a.jpg', null, '1472543533', '150.00', '68.00', '99', '0', '1', '50', '122', '1', 'a:6:{i:0;s:28:\"2016-08-30/57c537604b8e9.jpg\";i:1;s:28:\"2016-08-30/57c537604d36d.jpg\";i:2;s:28:\"2016-08-30/57c537604ec91.jpg\";i:3;s:28:\"2016-08-30/57c537605070e.jpg\";i:4;s:28:\"2016-08-30/57c53760522bb.jpg\";i:5;s:28:\"2016-08-30/57c5376053ea0.jpg\";}', '0', '0', '0', '10', '', null, '17', '', null, null, null, null, '0', '0', '0.00', null, null, '0', 'a:5:{i:0;a:3:{s:11:\"guige_title\";s:51:\"施华蔻女士蛋白强效修复洗发水（紫）\";s:15:\"guige_price_new\";s:5:\"68.00\";s:16:\"guige_zhongliang\";s:0:\"\";}i:1;a:3:{s:11:\"guige_title\";s:42:\"施华蔻女士丰盈洗发水（青绿）\";s:15:\"guige_price_new\";s:5:\"68.00\";s:16:\"guige_zhongliang\";s:0:\"\";}i:2;a:3:{s:11:\"guige_title\";s:51:\"施华蔻女士强韧发质滋养洗发水（黄）\";s:15:\"guige_price_new\";s:5:\"68.00\";s:16:\"guige_zhongliang\";s:0:\"\";}i:3;a:3:{s:11:\"guige_title\";s:57:\"施华蔻女士水果维他命滋养洗发水（深黄）\";s:15:\"guige_price_new\";s:5:\"68.00\";s:16:\"guige_zhongliang\";s:0:\"\";}i:4;a:3:{s:11:\"guige_title\";s:51:\"施华蔻女士滋润超顺滑洗发水（淡黄）\";s:15:\"guige_price_new\";s:5:\"68.00\";s:16:\"guige_zhongliang\";s:0:\"\";}}', null, '0', '0', '0000-00-00 00:00:00', '0000-00-00 00:00:00', '0', '', '1', null);
INSERT INTO `db_goods` VALUES ('940', '德国进口    Persil  婴幼儿柔和抗敏全能洗衣液 1.095L/瓶*2', '<p><img src=\"/ueditor/php/upload/image/20161230/1483094747484408.jpg\" alt=\"1483094747484408.jpg\"/></p>', '<p><img alt=\"1-11.jpg\" src=\"/ueditor/php/upload/image/20160830/1472543920817603.jpg\" title=\"1472543920817603.jpg\"/></p>', '1472543644', '', '/Uploads/goods/2016-08-26/58097a19bb50a.jpg', null, '1472544091', '299.00', '256.00', '99', '0', '1', '50', '149', '1', 'a:3:{i:0;s:28:\"2016-08-30/57c53b9c4bf62.jpg\";i:1;s:28:\"2016-08-30/57c53b9c4dd67.jpg\";i:2;s:28:\"2016-08-30/57c53b9c4fe03.jpg\";}', '0', '0', '0', '20', '', null, '20', '', null, null, null, null, '0', '0', '0.00', null, null, '0', 'N;', null, '0', '0', '0000-00-00 00:00:00', '0000-00-00 00:00:00', '1', '', '1', null);

-- ----------------------------
-- Table structure for `db_goods_cart`
-- ----------------------------
DROP TABLE IF EXISTS `db_goods_cart`;
CREATE TABLE `db_goods_cart` (
  `id` int(11) NOT NULL AUTO_INCREMENT,
  `goods_id` int(11) DEFAULT NULL COMMENT '产品ID',
  `user_id` int(11) DEFAULT NULL COMMENT '用户ID',
  `create_time` int(11) DEFAULT NULL,
  `update_time` int(11) DEFAULT NULL,
  `goods_num` tinyint(4) NOT NULL DEFAULT '1' COMMENT '商品数量',
  `taocan_name` varchar(100) DEFAULT NULL COMMENT '套餐名称',
  `price_new` decimal(10,2) DEFAULT NULL COMMENT '套餐价',
  `fanli_jifen` int(11) DEFAULT NULL COMMENT '返利积分',
  PRIMARY KEY (`id`)
) ENGINE=InnoDB  DEFAULT CHARSET=utf8;

-- ----------------------------
-- Records of db_goods_cart
-- ----------------------------

-- ----------------------------
-- Table structure for `db_goods_class`
-- ----------------------------
DROP TABLE IF EXISTS `db_goods_class`;
CREATE TABLE `db_goods_class` (
  `id` int(11) NOT NULL AUTO_INCREMENT,
  `class_name` varchar(20) DEFAULT NULL,
  `create_time` int(11) DEFAULT NULL,
  `sort_num` tinyint(4) NOT NULL DEFAULT '50' COMMENT '排序',
  `update_time` int(11) DEFAULT NULL,
  `hide_status` tinyint(4) NOT NULL DEFAULT '1' COMMENT '//隐藏状态  0 显示  1 隐藏',
  `pic_url` varchar(800) NOT NULL,
  `fid` int(11) NOT NULL DEFAULT '0' COMMENT '父id',
  `type` enum('1','2','3','4') DEFAULT NULL COMMENT '1为商品 2旅游 3合伙人 4会员',
  `shoutui` tinyint(4) DEFAULT '0' COMMENT '0 为推荐   1为不推荐',
  `is_show_nav` tinyint(1) NOT NULL DEFAULT '0' COMMENT '是否显示在导航栏0：是；1：否',
  `description` varchar(50) DEFAULT NULL COMMENT '分类介绍',
  PRIMARY KEY (`id`)
) ENGINE=InnoDB  DEFAULT CHARSET=utf8;

-- ----------------------------
-- Records of db_goods_class
-- ----------------------------
INSERT INTO `db_goods_class` VALUES ('16', '粮油副食', null, '1', '1475901881', '1', '/Uploads/class/2016-10-21/580985842190b.jpg', '0', '1', '1', '0', 'FOOD & Grain');
INSERT INTO `db_goods_class` VALUES ('17', '洗护用品', null, '3', '1477036798', '0', '/Uploads/class/2016-10-21/580985842190b.jpg', '0', '1', '1', '0', null);
INSERT INTO `db_goods_class` VALUES ('19', '母婴用品', null, '2', '1471178416', '0', '/Uploads/class/2016-10-21/580985842190b.jpg', '0', '1', '1', '0', null);
INSERT INTO `db_goods_class` VALUES ('20', '厨具◆箱包◆洗涤', null, '4', '1472281000', '0', '/Uploads/class/2016-10-21/580985842190b.jpg', '0', '1', '1', '1', null);
INSERT INTO `db_goods_class` VALUES ('23', '会员定制', null, '96', '1471178445', '0', '/Uploads/class/2016-10-21/580985842190b.jpg', '0', '1', '0', '1', null);
INSERT INTO `db_goods_class` VALUES ('42', '合伙人测试', null, '50', '1466170229', '1', '/Uploads/class/2016-10-21/580985842190b.jpg', '0', '4', '0', '1', null);
INSERT INTO `db_goods_class` VALUES ('44', '养生保健', null, '9', '1471500005', '0', '/Uploads/class/2016-10-21/580985842190b.jpg', '0', '1', '1', '1', null);
INSERT INTO `db_goods_class` VALUES ('46', '米面杂粮', null, '7', '1477022402', '0', '/Uploads/class/2016-10-21/580985842190b.jpg', '16', '1', '0', '1', null);
INSERT INTO `db_goods_class` VALUES ('47', '食用油', null, '10', '1477036822', '0', '/Uploads/class/2016-10-21/580985842190b.jpg', '16', '1', '0', '1', null);
INSERT INTO `db_goods_class` VALUES ('48', '南北干货', null, '20', '1477036835', '0', '/Uploads/class/2016-10-21/580985842190b.jpg', '16', '1', '0', '1', null);
INSERT INTO `db_goods_class` VALUES ('51', '零食◆冲饮', null, '10', '1471178454', '0', '/Uploads/class/2016-10-21/580985842190b.jpg', '0', '1', '1', '1', null);
INSERT INTO `db_goods_class` VALUES ('52', '糕饼糖果', null, '1', '1472268470', '0', '/Uploads/class/2016-10-21/580985842190b.jpg', '51', '1', '0', '1', null);
INSERT INTO `db_goods_class` VALUES ('57', '乳品冲饮', null, '1', '1472268323', '0', '/Uploads/class/2016-10-21/580985842190b.jpg', '51', '1', '0', '1', null);
INSERT INTO `db_goods_class` VALUES ('58', '进口保健品', null, '1', '1472393595', '0', '/Uploads/class/2016-10-21/580985842190b.jpg', '44', '1', '0', '1', null);
INSERT INTO `db_goods_class` VALUES ('59', '进口水果', null, '91', '1468562963', '0', '/Uploads/class/2016-10-21/580985842190b.jpg', '22', '1', '0', '1', null);
INSERT INTO `db_goods_class` VALUES ('60', '国内短线', null, '50', '1472614015', '0', '/Uploads/class/2016-10-21/580985842190b.jpg', '0', '2', '0', '1', null);
INSERT INTO `db_goods_class` VALUES ('67', '风水鱼', null, '29', '1471312036', '0', '/Uploads/class/2016-10-21/580985842190b.jpg', '23', '1', '0', '1', null);
INSERT INTO `db_goods_class` VALUES ('69', '婴儿奶粉', null, '5', '1471243001', '0', '/Uploads/class/2016-10-21/580985842190b.jpg', '19', '1', '0', '1', null);
INSERT INTO `db_goods_class` VALUES ('70', '婴儿辅食', null, '6', '1471231259', '1', '/Uploads/class/2016-10-21/580985842190b.jpg', '19', '1', '0', '1', null);
INSERT INTO `db_goods_class` VALUES ('72', '日用品', null, '15', '1471311828', '1', '/Uploads/class/2016-10-21/580985842190b.jpg', '20', '1', '0', '1', null);
INSERT INTO `db_goods_class` VALUES ('74', '调味品', null, '22', '1471317041', '0', '/Uploads/class/2016-10-21/580985842190b.jpg', '16', '1', '0', '1', null);
INSERT INTO `db_goods_class` VALUES ('89', '定制高端旅行箱', null, '6', '1471315632', '0', '/Uploads/class/2016-10-21/580985842190b.jpg', '23', '1', '0', '1', null);
INSERT INTO `db_goods_class` VALUES ('90', '定制高端家纺', null, '5', '1471315594', '0', '/Uploads/class/2016-10-21/580985842190b.jpg', '23', '1', '0', '1', null);
INSERT INTO `db_goods_class` VALUES ('101', '机票+酒店', null, '50', '1468466034', '0', '/Uploads/class/2016-10-21/580985842190b.jpg', '0', '2', '0', '1', null);
INSERT INTO `db_goods_class` VALUES ('102', '定制旅游', null, '50', null, '0', '/Uploads/class/2016-10-21/580985842190b.jpg', '0', '2', '0', '1', null);
INSERT INTO `db_goods_class` VALUES ('103', '婴幼儿用品', null, '10', '1471318473', '0', '/Uploads/class/2016-10-21/580985842190b.jpg', '19', '1', '0', '1', null);
INSERT INTO `db_goods_class` VALUES ('104', '国产保健品', null, '4', '1471315522', '0', '/Uploads/class/2016-10-21/580985842190b.jpg', '44', '1', '0', '1', null);
INSERT INTO `db_goods_class` VALUES ('105', '酒水◆茗茶', null, '50', '1469954045', '0', '/Uploads/class/2016-10-21/580985842190b.jpg', '0', '1', '1', '1', null);
INSERT INTO `db_goods_class` VALUES ('106', '净水器', null, '50', null, '0', '/Uploads/class/2016-10-21/580985842190b.jpg', '18', '1', '0', '1', null);
INSERT INTO `db_goods_class` VALUES ('107', '床上用品', null, '50', null, '0', '/Uploads/class/2016-10-21/580985842190b.jpg', '0', '1', '1', '1', null);
INSERT INTO `db_goods_class` VALUES ('108', '国际', null, '50', null, '0', '/Uploads/class/2016-10-21/580985842190b.jpg', '101', '2', '0', '1', null);
INSERT INTO `db_goods_class` VALUES ('109', '国内', null, '50', null, '0', '/Uploads/class/2016-10-21/580985842190b.jpg', '101', '2', '0', '1', null);
INSERT INTO `db_goods_class` VALUES ('110', '家居用品', null, '50', null, '0', '/Uploads/class/2016-10-21/580985842190b.jpg', '21', '1', '0', '1', null);
INSERT INTO `db_goods_class` VALUES ('111', '箱包', null, '9', '1471318397', '0', '/Uploads/class/2016-10-21/580985842190b.jpg', '20', '1', '0', '1', null);
INSERT INTO `db_goods_class` VALUES ('115', '身体护理', null, '16', '1471318415', '0', '/Uploads/class/2016-10-21/580985842190b.jpg', '17', '1', '0', '1', null);
INSERT INTO `db_goods_class` VALUES ('116', '口腔护理', null, '10', '1471244288', '0', '/Uploads/class/2016-10-21/580985842190b.jpg', '17', '1', '0', '1', null);
INSERT INTO `db_goods_class` VALUES ('117', '其他母婴用品', null, '8', '1471231241', '1', '/Uploads/class/2016-10-21/580985842190b.jpg', '19', '1', '0', '1', null);
INSERT INTO `db_goods_class` VALUES ('118', '户外工具', null, '17', '1471311852', '1', '/Uploads/class/2016-10-21/580985842190b.jpg', '20', '1', '0', '1', null);
INSERT INTO `db_goods_class` VALUES ('119', '亿速网络净水器', null, '2', '1471315602', '0', '/Uploads/class/2016-10-21/580985842190b.jpg', '23', '1', '0', '1', null);
INSERT INTO `db_goods_class` VALUES ('120', '护肤品', null, '11', '1471244295', '0', '/Uploads/class/2016-10-21/580985842190b.jpg', '17', '1', '0', '1', null);
INSERT INTO `db_goods_class` VALUES ('121', '化妆品', null, '12', '1471244303', '0', '/Uploads/class/2016-10-21/580985842190b.jpg', '17', '1', '0', '1', null);
INSERT INTO `db_goods_class` VALUES ('122', '洗发护发', null, '13', '1471311794', '0', '/Uploads/class/2016-10-21/580985842190b.jpg', '17', '1', '0', '1', null);
INSERT INTO `db_goods_class` VALUES ('125', '厨房用具', null, '18', '1471311861', '0', '/Uploads/class/2016-10-21/580985842190b.jpg', '20', '1', '0', '1', null);
INSERT INTO `db_goods_class` VALUES ('126', '五官护理', null, '14', '1471427130', '0', '/Uploads/class/2016-10-21/580985842190b.jpg', '17', '1', '0', '1', null);
INSERT INTO `db_goods_class` VALUES ('128', '酒水', null, '24', '1471311966', '0', '/Uploads/class/2016-10-21/580985842190b.jpg', '105', '1', '0', '1', null);
INSERT INTO `db_goods_class` VALUES ('132', '布艺家纺', null, '27', '1471312015', '0', '/Uploads/class/2016-10-21/580985842190b.jpg', '107', '1', '0', '1', null);
INSERT INTO `db_goods_class` VALUES ('133', '乳胶床品', null, '8', '1471316931', '0', '/Uploads/class/2016-10-21/580985842190b.jpg', '107', '1', '0', '1', null);
INSERT INTO `db_goods_class` VALUES ('134', '茗茶', null, '7', '1471316914', '0', '/Uploads/class/2016-10-21/580985842190b.jpg', '105', '1', '0', '1', null);
INSERT INTO `db_goods_class` VALUES ('135', '新品推荐', null, '100', '1471921133', '0', '/Uploads/class/2016-10-21/580985842190b.jpg', '0', '1', '0', '1', null);
INSERT INTO `db_goods_class` VALUES ('138', '澳洲红酒', null, '2', '1471593564', '0', '/Uploads/class/2016-10-21/580985842190b.jpg', '105', '1', '0', '1', null);
INSERT INTO `db_goods_class` VALUES ('139', '玛咖活动', null, '3', '1471315622', '0', '/Uploads/class/2016-10-21/580985842190b.jpg', '44', '1', '0', '1', null);
INSERT INTO `db_goods_class` VALUES ('140', '千烨糖包', null, '2', '1471593546', '0', '/Uploads/class/2016-10-21/580985842190b.jpg', '135', '1', '0', '1', null);
INSERT INTO `db_goods_class` VALUES ('141', '胡子哥山茶油', null, '50', null, '0', '/Uploads/class/2016-10-21/580985842190b.jpg', '135', '1', '0', '1', null);
INSERT INTO `db_goods_class` VALUES ('142', '日本酵素', null, '3', '1471425950', '0', '/Uploads/class/2016-10-21/580985842190b.jpg', '44', '1', '0', '1', null);
INSERT INTO `db_goods_class` VALUES ('143', '佛子山石斛', null, '3', '1471514762', '0', '/Uploads/class/2016-10-21/580985842190b.jpg', '44', '1', '0', '1', null);
INSERT INTO `db_goods_class` VALUES ('144', '生命佰草牙膏', null, '2', '1472112450', '0', '/Uploads/class/2016-10-21/580985842190b.jpg', '17', '1', '0', '1', null);
INSERT INTO `db_goods_class` VALUES ('145', '高端苏绣定制', null, '1', '1472112476', '0', '/Uploads/class/2016-10-21/580985842190b.jpg', '23', '1', '0', '1', null);
INSERT INTO `db_goods_class` VALUES ('146', '天鹅蛋', null, '4', '1472393609', '0', '/Uploads/class/2016-10-21/580985842190b.jpg', '135', '1', '0', '1', null);
INSERT INTO `db_goods_class` VALUES ('147', '千烨饮品', null, '1', '1472112433', '0', '/Uploads/class/2016-10-21/580985842190b.jpg', '51', '1', '0', '1', null);
INSERT INTO `db_goods_class` VALUES ('148', '保健器具', null, '50', null, '0', '/Uploads/class/2016-10-21/580985842190b.jpg', '44', '1', '0', '1', null);
INSERT INTO `db_goods_class` VALUES ('149', '洗涤用品', null, '50', null, '0', '/Uploads/class/2016-10-21/580985842190b.jpg', '20', '1', '0', '1', null);

-- ----------------------------
-- Table structure for `db_goods_orders`
-- ----------------------------
DROP TABLE IF EXISTS `db_goods_orders`;
CREATE TABLE `db_goods_orders` (
  `id` int(11) NOT NULL AUTO_INCREMENT,
  `orders_num` varchar(25) DEFAULT NULL COMMENT '订单编号',
  `user_id` int(11) DEFAULT NULL,
  `coupons_id` int(11) DEFAULT NULL COMMENT '优惠券ID',
  `money_youhui` int(11) DEFAULT NULL COMMENT '优惠券金额',
  `price_sum` decimal(10,2) DEFAULT NULL COMMENT '应付金额',
  `price_shiji` int(11) DEFAULT NULL COMMENT '实付金额',
  `user_address` varchar(200) DEFAULT NULL COMMENT '收货地址',
  `realname` varchar(20) DEFAULT NULL COMMENT '收货人',
  `mobile` varchar(11) DEFAULT NULL COMMENT '收货人手机号',
  `pay_time` varchar(11) DEFAULT NULL COMMENT '支付时间',
  `pay_status` tinyint(1) NOT NULL DEFAULT '0' COMMENT '支付状态    1已支付   0未支付  2 待收货 3待评价',
  `update_time` int(11) DEFAULT NULL,
  `kuaidi_name` varchar(20) DEFAULT NULL COMMENT '快递名称',
  `kuaidi_num` varchar(30) DEFAULT NULL COMMENT '快递单号',
  `orders_status` tinyint(1) NOT NULL DEFAULT '0' COMMENT '订单状态     0正常    -1 取消状态    1 已发货',
  `fahuo_time` int(11) DEFAULT NULL COMMENT '发货时间',
  `create_time` int(11) DEFAULT NULL,
  `num_sum` smallint(6) NOT NULL DEFAULT '0' COMMENT '订单中商品数量',
  `rate_time` int(11) DEFAULT NULL COMMENT '评价时间',
  `rate_status` tinyint(4) NOT NULL DEFAULT '0' COMMENT '评价状态   0 未评价   1评价',
  `order_type` tinyint(4) NOT NULL DEFAULT '0' COMMENT '订单类型  0   商品   1  旅游   2  会员   3  事业合伙人',
  `is_used` smallint(1) DEFAULT '0' COMMENT '该订单是否已经用于提成',
  `use_jf_currency` decimal(16,4) unsigned DEFAULT '0.0000' COMMENT '使用掉的通用积分B',
  `use_jf_limit` decimal(16,4) unsigned DEFAULT '0.0000' COMMENT 'A',
  `order_remarks` varchar(200) DEFAULT NULL COMMENT '订单备注',
  `tuihuo_time` int(11) DEFAULT NULL COMMENT '退货时间',
  `shouhuo_time` int(11) DEFAULT NULL COMMENT '确认收货时间',
  `pingjia_time` int(11) DEFAULT NULL COMMENT '评价时间',
  `tuihuo_chuli_time` int(11) DEFAULT NULL COMMENT '退货处理时间',
  `tuihuo_chuli_status` tinyint(1) NOT NULL DEFAULT '0' COMMENT '退货处理状态',
  `fanli_jifen` decimal(10,4) DEFAULT '0.0000' COMMENT '返利积分',
  `yunfei` float(9,2) NOT NULL DEFAULT '0.00' COMMENT '运费价格',
  `chufa_address` varchar(20) DEFAULT NULL COMMENT '出发城市',
  `tuihuo_zhiqian_status` tinyint(1) DEFAULT NULL COMMENT '退货之前的状态   临时中转站',
  PRIMARY KEY (`id`)
) ENGINE=InnoDB  DEFAULT CHARSET=utf8;

-- ----------------------------
-- Records of db_goods_orders
-- ----------------------------

-- ----------------------------
-- Table structure for `db_goods_orders_record`
-- ----------------------------
DROP TABLE IF EXISTS `db_goods_orders_record`;
CREATE TABLE `db_goods_orders_record` (
  `id` int(11) NOT NULL AUTO_INCREMENT COMMENT '订单对应的商品记录表',
  `goods_id` int(11) DEFAULT NULL COMMENT '订单对应的商品ID',
  `goods_title` varchar(50) DEFAULT NULL COMMENT '订单对应的商品标题',
  `goods_num` tinyint(4) DEFAULT NULL COMMENT '商品数量',
  `price_new` decimal(10,2) DEFAULT NULL COMMENT '商品单价',
  `goods_orders_id` int(11) DEFAULT NULL COMMENT '商品订单ID',
  `user_id` int(11) DEFAULT NULL,
  `pic_url` varchar(50) DEFAULT NULL COMMENT '图片链接',
  `fanli_jifen` int(10) DEFAULT NULL COMMENT '积分返利',
  `taocan_name` varchar(100) DEFAULT NULL COMMENT '套餐名称',
  `chufa_date` date DEFAULT NULL COMMENT '出发日期',
  `chufa_address` varchar(20) DEFAULT NULL COMMENT '出发城市',
  `chufa_price` decimal(10,2) DEFAULT NULL COMMENT ' 出发价格',
  `pingjia_content` varchar(255) DEFAULT NULL COMMENT '评价内容   ',
  `pingjia_status` tinyint(1) DEFAULT NULL COMMENT ' 1 好评      2 中评     3 差评',
  `pingjia_time` int(11) DEFAULT NULL COMMENT '评价时间',
  PRIMARY KEY (`id`)
) ENGINE=InnoDB  DEFAULT CHARSET=utf8;

-- ----------------------------
-- Records of db_goods_orders_record
-- ----------------------------

-- ----------------------------
-- Table structure for `db_goods_shoucang`
-- ----------------------------
DROP TABLE IF EXISTS `db_goods_shoucang`;
CREATE TABLE `db_goods_shoucang` (
  `id` int(11) NOT NULL AUTO_INCREMENT,
  `goods_id` int(11) DEFAULT NULL,
  `user_id` int(11) DEFAULT NULL,
  `create_time` int(11) DEFAULT NULL,
  `pic_url` varchar(200) DEFAULT NULL COMMENT '商品图片',
  `price_old` decimal(10,2) DEFAULT NULL COMMENT '市场价',
  `detail_title` varchar(200) DEFAULT NULL COMMENT '商品标题',
  `price_new` decimal(10,2) DEFAULT NULL COMMENT '本店价',
  `is_type` tinyint(1) DEFAULT NULL COMMENT '商品为1 旅游为2 合伙人为3 会员为四',
  PRIMARY KEY (`id`)
) ENGINE=MyISAM  DEFAULT CHARSET=utf8;

-- ----------------------------
-- Records of db_goods_shoucang
-- ----------------------------

-- ----------------------------
-- Table structure for `db_hone_user`
-- ----------------------------
DROP TABLE IF EXISTS `db_hone_user`;
CREATE TABLE `db_hone_user` (
  `id` int(11) unsigned NOT NULL AUTO_INCREMENT,
  `username` varchar(64) NOT NULL,
  `phone` varchar(64) NOT NULL,
  `sex` enum('m','w') NOT NULL,
  `province` varchar(64) NOT NULL,
  `city` varchar(64) NOT NULL,
  `county` varchar(64) NOT NULL,
  `adress` varchar(64) NOT NULL,
  `email` varchar(64) NOT NULL,
  `password` varchar(64) NOT NULL,
  `newpassword` varchar(64) NOT NULL,
  PRIMARY KEY (`id`)
) ENGINE=MyISAM DEFAULT CHARSET=utf8;

-- ----------------------------
-- Records of db_hone_user
-- ----------------------------

-- ----------------------------
-- Table structure for `db_hot_words`
-- ----------------------------
DROP TABLE IF EXISTS `db_hot_words`;
CREATE TABLE `db_hot_words` (
  `id` int(11) NOT NULL AUTO_INCREMENT,
  `hot_words` varchar(50) DEFAULT NULL,
  `create_time` varchar(20) DEFAULT NULL,
  `update_time` varchar(20) DEFAULT NULL,
  `goods_class_id` int(11) DEFAULT NULL COMMENT '商品分类id',
  `is_hide` enum('1','0') DEFAULT '1' COMMENT '1为隐藏，0为显示',
  PRIMARY KEY (`id`),
  KEY `pk` (`goods_class_id`),
  CONSTRAINT `db_hot_words_ibfk_1` FOREIGN KEY (`goods_class_id`) REFERENCES `db_goods_class` (`id`) ON DELETE CASCADE ON UPDATE CASCADE
) ENGINE=InnoDB  DEFAULT CHARSET=utf8 COMMENT='商品热词表';

-- ----------------------------
-- Records of db_hot_words
-- ----------------------------
INSERT INTO `db_hot_words` VALUES ('9', '大米', '1477380693', '1477380693', '46', '0');
INSERT INTO `db_hot_words` VALUES ('10', '大油', '1477380931', '1477380931', '47', '1');
INSERT INTO `db_hot_words` VALUES ('11', '奶糖', '1477381010', '1477381010', '52', '1');
INSERT INTO `db_hot_words` VALUES ('12', '润滑液', '1477381338', '1477381338', '20', '1');
INSERT INTO `db_hot_words` VALUES ('13', 'i缓存', '1477381447', '1477381447', '20', '1');
INSERT INTO `db_hot_words` VALUES ('14', '偶就', '1477381792', '1477381792', '20', '1');
INSERT INTO `db_hot_words` VALUES ('15', '大米', '1477381873', '1477381873', '46', '1');
INSERT INTO `db_hot_words` VALUES ('18', '就好', '1477382067', '1477382067', '44', '0');
INSERT INTO `db_hot_words` VALUES ('19', '说的', '1477382513', '1477382513', '20', '1');
INSERT INTO `db_hot_words` VALUES ('20', '讲话稿', '1477382642', '1477382642', '23', '1');
INSERT INTO `db_hot_words` VALUES ('21', '爱疯', '1477382737', '1477382737', '20', '1');
INSERT INTO `db_hot_words` VALUES ('22', 'sss', '1477386529', '1477386529', '19', '1');
INSERT INTO `db_hot_words` VALUES ('23', 'azc', '1477386549', '1477386549', '57', '1');
INSERT INTO `db_hot_words` VALUES ('24', '核桃', '1477546212', '1477546212', '48', '0');

-- ----------------------------
-- Table structure for `db_integral`
-- ----------------------------
DROP TABLE IF EXISTS `db_integral`;
CREATE TABLE `db_integral` (
  `id` int(11) unsigned NOT NULL AUTO_INCREMENT COMMENT '积分表',
  `uid` int(11) DEFAULT NULL COMMENT '用户id',
  `integral` int(11) DEFAULT NULL COMMENT '积分',
  `type` tinyint(1) DEFAULT '0' COMMENT '0：获取            1：使用   ',
  `create_time` int(11) DEFAULT NULL COMMENT '使用/获取的时间',
  PRIMARY KEY (`id`)
) ENGINE=InnoDB  DEFAULT CHARSET=utf8;

-- ----------------------------
-- Records of db_integral
-- ----------------------------

-- ----------------------------
-- Table structure for `db_jiangpin`
-- ----------------------------
DROP TABLE IF EXISTS `db_jiangpin`;
CREATE TABLE `db_jiangpin` (
  `id` int(11) NOT NULL AUTO_INCREMENT,
  `jiangpin_id` int(11) NOT NULL COMMENT '奖品ID',
  `jiangpin_dengji` varchar(20) NOT NULL COMMENT '奖品等级',
  `jiangpin_name` varchar(100) NOT NULL COMMENT '奖品名称',
  `jiangpin_gailv` int(11) NOT NULL COMMENT '奖品概率',
  PRIMARY KEY (`id`)
) ENGINE=MyISAM  DEFAULT CHARSET=utf8;

-- ----------------------------
-- Records of db_jiangpin
-- ----------------------------
INSERT INTO `db_jiangpin` VALUES ('1', '1', '一等奖', 'IPHONE 6s plus', '1');
INSERT INTO `db_jiangpin` VALUES ('2', '2', '二等奖', '数码相机', '5');
INSERT INTO `db_jiangpin` VALUES ('3', '3', '三等奖', '小米手机5', '10');
INSERT INTO `db_jiangpin` VALUES ('4', '4', '四等奖', '移动电源', '15');
INSERT INTO `db_jiangpin` VALUES ('5', '5', '参与奖', '矿泉水', '20');

-- ----------------------------
-- Table structure for `db_news`
-- ----------------------------
DROP TABLE IF EXISTS `db_news`;
CREATE TABLE `db_news` (
  `id` int(11) unsigned NOT NULL AUTO_INCREMENT COMMENT '消息表',
  `news_info` text COMMENT '消息详情',
  `create_time` int(11) DEFAULT NULL COMMENT '时间',
  `sendto` int(8) DEFAULT '0' COMMENT '发送用户id,0:所有用户',
  PRIMARY KEY (`id`)
) ENGINE=InnoDB  DEFAULT CHARSET=utf8;

-- ----------------------------
-- Records of db_news
-- ----------------------------

-- ----------------------------
-- Table structure for `db_page`
-- ----------------------------
DROP TABLE IF EXISTS `db_page`;
CREATE TABLE `db_page` (
  `id` int(11) NOT NULL AUTO_INCREMENT,
  `title` varchar(30) DEFAULT NULL,
  `content` text,
  `update_time` int(11) DEFAULT NULL,
  `columu` varchar(20) DEFAULT NULL COMMENT '栏目名称',
  PRIMARY KEY (`id`)
) ENGINE=InnoDB  DEFAULT CHARSET=utf8;

-- ----------------------------
-- Records of db_page
-- ----------------------------
INSERT INTO `db_page` VALUES ('1', '关于我们', '', '1460391340', 'about_us');
INSERT INTO `db_page` VALUES ('2', '我的特权', '', '1460391321', 'my_tequan');
INSERT INTO `db_page` VALUES ('3', '网站公告', '亲爱的亿速网络用户，分享创业，分享积分，分享快乐！！！', null, 'gonggao');


-- ----------------------------
-- Records of db_pay
-- ----------------------------

-- ----------------------------
-- Table structure for `db_pay_type`
-- ----------------------------
DROP TABLE IF EXISTS `db_pay_type`;
CREATE TABLE `db_pay_type` (
  `pay_type_id` int(11) NOT NULL AUTO_INCREMENT,
  `type_name` char(20) DEFAULT NULL COMMENT '支付类型',
  `create_time` varchar(50) DEFAULT NULL,
  `update_time` varchar(50) DEFAULT NULL,
  PRIMARY KEY (`pay_type_id`)
) ENGINE=InnoDB  DEFAULT CHARSET=utf8;

-- ----------------------------
-- Table structure for `db_pay`
-- ----------------------------
DROP TABLE IF EXISTS `db_pay`;
CREATE TABLE `db_pay` (
  `id` int(11) NOT NULL AUTO_INCREMENT,
  `pay_type_id` int(11) DEFAULT '0' COMMENT '支付类型编号',
  `pay_account` varchar(50) DEFAULT NULL COMMENT '合作者身份Id',
  `pay_key` varchar(50) DEFAULT NULL COMMENT '支付秘钥',
  `seller_id` varchar(50) DEFAULT NULL COMMENT '收款方支付宝账号；一般情况下与合作这身份id一样',
  `create_time` varchar(50) DEFAULT NULL,
  `update_time` varchar(50) DEFAULT NULL,
  PRIMARY KEY (`id`),
  KEY `pk_type` (`pay_type_id`),
  CONSTRAINT `db_pay_ibfk_1` FOREIGN KEY (`pay_type_id`) REFERENCES `db_pay_type` (`pay_type_id`) ON DELETE SET NULL ON UPDATE NO ACTION
) ENGINE=InnoDB DEFAULT CHARSET=utf8;


-- ----------------------------
-- Records of db_pay_type
-- ----------------------------
INSERT INTO `db_pay_type` VALUES ('1', '微信支付', '1478882254', '1478882254');
INSERT INTO `db_pay_type` VALUES ('2', '支付宝', '1478882254', '1478882254');
INSERT INTO `db_pay_type` VALUES ('3', '银联', '1478882254', '1478882254');

-- ----------------------------
-- Table structure for `db_pwd`
-- ----------------------------
DROP TABLE IF EXISTS `db_pwd`;
CREATE TABLE `db_pwd` (
  `id` smallint(3) unsigned NOT NULL AUTO_INCREMENT,
  `password` varchar(32) DEFAULT NULL COMMENT '确认收货密码',
  PRIMARY KEY (`id`)
) ENGINE=MyISAM  DEFAULT CHARSET=utf8;

-- ----------------------------
-- Records of db_pwd
-- ----------------------------
INSERT INTO `db_pwd` VALUES ('1', 'e10adc3949ba59abbe56e057f20f883e');

-- ----------------------------
-- Table structure for `db_region`
-- ----------------------------
DROP TABLE IF EXISTS `db_region`;
CREATE TABLE `db_region` (
  `id` int(11) NOT NULL AUTO_INCREMENT,
  `name` varchar(45) DEFAULT NULL,
  `parentid` int(11) DEFAULT '0',
  `areaid` int(11) DEFAULT NULL,
  `child` int(11) DEFAULT '1',
  PRIMARY KEY (`id`)
) ENGINE=InnoDB  DEFAULT CHARSET=utf8 COMMENT='地区表';

-- ----------------------------
-- Records of db_region
-- ----------------------------
INSERT INTO `db_region`(id, name, parentid, areaid, child)  VALUES ('1', '北京市', '0', '10', '1'), ('2', '东城区', '10', '1001', '1'), ('3', '西城区', '10', '1002', '1'), ('4', '朝阳区', '10', '1005', '1'),('5', '海淀区', '10', '1006', '1'),('6', '丰台区', '10', '1007', '1'),('7', '石景山区', '10', '1008', '1'),('8', '顺义区', '10', '1009', '1'),  ('9', '昌平区', '10', '1010', '1'),  ('10', '门头沟区', '10', '1011', '1'),  ('11', '通州区', '10', '1012', '1'),  ('12', '房山区', '10', '1013', '1'),  ('13', '大兴区', '10', '1014', '1'),  ('14', '延庆县', '10', '1015', '1'),  ('15', '怀柔区', '10', '1016', '1'),  ('16', '平谷区', '10', '1017', '1'),  ('17', '密云县', '10', '1018', '1'),  ('18', '亦庄开发区', '10', '1019', '1'),  ('19', '天津市', '0', '11', '1'),  ('20', '和平区', '11', '1101', '1'),  ('21', '河北区', '11', '1102', '1'),  ('22', '河东区', '11', '1103', '1'),  ('23', '河西区', '11', '1104', '1'),  ('24', '南开区', '11', '1105', '1'),  ('25', '红桥区', '11', '1106', '1'),  ('26', '滨海新区', '11', '1107', '1'),  ('27', '东丽区', '11', '1110', '1'),  ('28', '西青区', '11', '1111', '1'),  ('29', '津南区', '11', '1112', '1'),  ('30', '北辰区', '11', '1113', '1'),  ('31', '武清区', '11', '1114', '1'),  ('32', '宝坻区', '11', '1115', '1'),  ('33', '蓟县', '11', '1116', '1'),  ('34', '宁河县', '11', '1117', '1'),  ('35', '静海县', '11', '1118', '1'),  ('36', '开发区', '11', '1119', '1'),  ('37', '河北省', '0', '12', '1'),  ('38', '石家庄市', '12', '1201', '1'),  ('39', '长安区', '1201', '120102', '1'),  ('40', '桥东区', '1201', '120103', '1'),  ('41', '桥西区', '1201', '120104', '1'),  ('42', '新华区', '1201', '120105', '1'),  ('43', '井陉矿区', '1201', '120106', '1'),  ('44', '裕华区', '1201', '120107', '1'),  ('45', '井陉县', '1201', '120108', '1'),  ('46', '正定县', '1201', '120109', '1'),  ('47', '栾城县', '1201', '120110', '1'),  ('48', '行唐县', '1201', '120111', '1'),  ('49', '灵寿县', '1201', '120112', '1'),  ('50', '高邑县', '1201', '120113', '1'),  ('51', '深泽县', '1201', '120114', '1'),  ('52', '赞皇县', '1201', '120115', '1'),  ('53', '无极县', '1201', '120116', '1'),  ('54', '平山县', '1201', '120117', '1'),  ('55', '元氏县', '1201', '120118', '1'),  ('56', '赵县', '1201', '120119', '1'),  ('57', '辛集市', '1201', '120120', '1'),  ('58', '藁城市', '1201', '120121', '1'),  ('59', '晋州市', '1201', '120122', '1'),  ('60', '新乐市', '1201', '120123', '1'),  ('61', '鹿泉市', '1201', '120124', '1'),  ('62', '高新区', '1201', '120125', '1'),  ('63', '秦皇岛市', '12', '1202', '1'),  ('64', '海港区', '1202', '120202', '1'),  ('65', '山海关区', '1202', '120203', '1'),  ('66', '北戴河区', '1202', '120204', '1'),  ('67', '青龙县', '1202', '120205', '1'),  ('68', '昌黎县', '1202', '120206', '1'),  ('69', '抚宁县', '1202', '120207', '1'),  ('70', '卢龙县', '1202', '120208', '1'),  ('71', '开发区', '1202', '120209', '1'),  ('72', '唐山市', '12', '1203', '1'),  ('73', '路南区', '1203', '120302', '1'),  ('74', '路北区', '1203', '120303', '1'),  ('75', '古冶区', '1203', '120304', '1'),  ('76', '开平区', '1203', '120305', '1'),  ('77', '丰南区', '1203', '120306', '1'),  ('78', '丰润区', '1203', '120307', '1'),  ('79', '滦县', '1203', '120308', '1'),  ('80', '滦南县', '1203', '120309', '1'),  ('81', '乐亭县', '1203', '120310', '1'),  ('82', '迁西县', '1203', '120311', '1'),  ('83', '玉田县', '1203', '120312', '1'),  ('84', '唐海县', '1203', '120313', '1'),  ('85', '遵化市', '1203', '120314', '1'),  ('86', '迁安市', '1203', '120315', '1'),  ('87', '张家口市', '12', '1204', '1'),  ('88', '桥东区', '1204', '120402', '1'),  ('89', '桥西区', '1204', '120403', '1'),  ('90', '宣化区', '1204', '120404', '1'),  ('91', '下花园区', '1204', '120405', '1'),  ('92', '宣化县', '1204', '120406', '1'),  ('93', '张北县', '1204', '120407', '1'),  ('94', '康保县', '1204', '120408', '1'),  ('95', '沽源县', '1204', '120409', '1'),  ('96', '尚义县', '1204', '120410', '1'),  ('97', '蔚县', '1204', '120411', '1'),  ('98', '阳原县', '1204', '120412', '1'),  ('99', '怀安县', '1204', '120413', '1'),  ('100', '万全县', '1204', '120414', '1'),  ('101', '怀来县', '1204', '120415', '1'),  ('102', '涿鹿县', '1204', '120416', '1'),  ('103', '赤城县', '1204', '120417', '1'),  ('104', '崇礼县', '1204', '120418', '1'),  ('105', '廊坊市', '12', '1205', '1'),  ('106', '安次区', '1205', '120502', '1'),  ('107', '广阳区', '1205', '120503', '1'),  ('108', '固安县', '1205', '120504', '1'),  ('109', '永清县', '1205', '120505', '1'),  ('110', '香河县', '1205', '120506', '1'),  ('111', '大城县', '1205', '120507', '1'),  ('112', '文安县', '1205', '120508', '1'),  ('113', '大厂县', '1205', '120509', '1'),  ('114', '霸州市', '1205', '120510', '1'),  ('115', '三河市', '1205', '120511', '1'),  ('116', '开发区', '1205', '120512', '1'),  ('117', '衡水市', '12', '1206', '1'),  ('118', '桃城区', '1206', '120602', '1'),  ('119', '枣强县', '1206', '120603', '1'),  ('120', '武邑县', '1206', '120604', '1'),  ('121', '武强县', '1206', '120605', '1'),  ('122', '饶阳县', '1206', '120606', '1'),  ('123', '安平县', '1206', '120607', '1'),  ('124', '故城县', '1206', '120608', '1'),  ('125', '景县', '1206', '120609', '1'),  ('126', '阜城县', '1206', '120610', '1'),  ('127', '冀州市', '1206', '120611', '1'),  ('128', '深州市', '1206', '120612', '1'),  ('129', '保定市', '12', '1207', '1'),  ('130', '新市区', '1207', '120701', '1'),  ('131', '北市区', '1207', '120702', '1'),  ('132', '南市区', '1207', '120703', '1'),  ('133', '满城县', '1207', '120705', '1'),  ('134', '清苑县', '1207', '120706', '1'),  ('135', '涞水县', '1207', '120707', '1'),  ('136', '阜平县', '1207', '120708', '1'),  ('137', '徐水县', '1207', '120709', '1'),  ('138', '定兴县', '1207', '120710', '1'),  ('139', '唐县', '1207', '120711', '1'),  ('140', '高阳县', '1207', '120712', '1'),  ('141', '容城县', '1207', '120713', '1'),  ('142', '涞源县', '1207', '120714', '1'),  ('143', '望都县', '1207', '120715', '1'),  ('144', '安新县', '1207', '120716', '1'),  ('145', '易县', '1207', '120717', '1'),  ('146', '曲阳县', '1207', '120718', '1'),  ('147', '蠡县', '1207', '120719', '1'),  ('148', '顺平县', '1207', '120720', '1'),  ('149', '博野县', '1207', '120721', '1'),  ('150', '雄县', '1207', '120722', '1'),  ('151', '涿州市', '1207', '120723', '1'),  ('152', '定州市', '1207', '120724', '1'),  ('153', '安国市', '1207', '120725', '1'),  ('154', '高碑店市', '1207', '120726', '1'),  ('155', '高新区', '1207', '120727', '1'),  ('156', '承德市', '12', '1208', '1'),  ('157', '双桥区', '1208', '120802', '1'),  ('158', '双滦区', '1208', '120803', '1'),  ('159', '鹰手营子', '1208', '120804', '1'),  ('160', '承德县', '1208', '120805', '1'),  ('161', '兴隆县', '1208', '120806', '1'),  ('162', '平泉县', '1208', '120807', '1'),  ('163', '滦平县', '1208', '120808', '1'),  ('164', '隆化县', '1208', '120809', '1'),  ('165', '丰宁县', '1208', '120810', '1'),  ('166', '宽城县', '1208', '120811', '1'),  ('167', '围场县', '1208', '120812', '1'),  ('168', '邢台市', '12', '1209', '1'),  ('169', '桥东区', '1209', '120902', '1'),  ('170', '桥西区', '1209', '120903', '1'),  ('171', '邢台县', '1209', '120904', '1'),  ('172', '临城县', '1209', '120905', '1'),  ('173', '内丘县', '1209', '120906', '1'),  ('174', '柏乡县', '1209', '120907', '1'),  ('175', '隆尧县', '1209', '120908', '1'),  ('176', '任县', '1209', '120909', '1'),  ('177', '南和县', '1209', '120910', '1'),  ('178', '宁晋县', '1209', '120911', '1'),  ('179', '巨鹿县', '1209', '120912', '1'),  ('180', '新河县', '1209', '120913', '1'),  ('181', '广宗县', '1209', '120914', '1'),  ('182', '平乡县', '1209', '120915', '1'),  ('183', '威县', '1209', '120916', '1'),  ('184', '清河县', '1209', '120917', '1'),  ('185', '临西县', '1209', '120918', '1'),  ('186', '南宫市', '1209', '120919', '1'),  ('187', '沙河市', '1209', '120920', '1'),  ('188', '沧州市', '12', '1210', '1'),  ('189', '新华区', '1210', '121002', '1'),  ('190', '运河区', '1210', '121003', '1'),  ('191', '沧县', '1210', '121004', '1'),  ('192', '青县', '1210', '121005', '1'),  ('193', '东光县', '1210', '121006', '1'),  ('194', '海兴县', '1210', '121007', '1'),  ('195', '盐山县', '1210', '121008', '1'),  ('196', '肃宁县', '1210', '121009', '1'),  ('197', '南皮县', '1210', '121010', '1'),  ('198', '吴桥县', '1210', '121011', '1'),  ('199', '献县', '1210', '121012', '1'),  ('200', '孟村县', '1210', '121013', '1'),  ('201', '泊头市', '1210', '121014', '1'),  ('202', '任丘市', '1210', '121015', '1'),  ('203', '黄骅市', '1210', '121016', '1'),  ('204', '河间市', '1210', '121017', '1'),  ('205', '开发区', '1210', '121018', '1'),  ('206', '邯郸市', '12', '1211', '1'),  ('207', '邯山区', '1211', '121102', '1'),  ('208', '丛台区', '1211', '121103', '1'),  ('209', '复兴区', '1211', '121104', '1'),  ('210', '峰峰矿区', '1211', '121105', '1'),  ('211', '邯郸县', '1211', '121106', '1'),  ('212', '临漳县', '1211', '121107', '1'),  ('213', '成安县', '1211', '121108', '1'),  ('214', '大名县', '1211', '121109', '1'),  ('215', '涉县', '1211', '121110', '1'),  ('216', '磁县', '1211', '121111', '1'),  ('217', '肥乡县', '1211', '121112', '1'),  ('218', '永年县', '1211', '121113', '1'),  ('219', '邱县', '1211', '121114', '1'),  ('220', '鸡泽县', '1211', '121115', '1'),  ('221', '广平县', '1211', '121116', '1'),  ('222', '馆陶县', '1211', '121117', '1'),  ('223', '魏县', '1211', '121118', '1'),  ('224', '曲周县', '1211', '121119', '1'),  ('225', '武安市', '1211', '121120', '1'),  ('226', '内蒙古', '0', '13', '1'),  ('227', '呼和浩特市', '13', '1301', '1'),  ('228', '新城区', '1301', '130102', '1'),  ('229', '回民区', '1301', '130103', '1'),  ('230', '玉泉区', '1301', '130104', '1'),  ('231', '赛罕区', '1301', '130105', '1'),  ('232', '土默特左旗', '1301', '130106', '1'),  ('233', '托克托县', '1301', '130107', '1'),  ('234', '和林格尔县', '1301', '130108', '1'),  ('235', '清水河县', '1301', '130109', '1'),  ('236', '武川县', '1301', '130110', '1'),  ('237', '开发区', '1301', '130111', '1'),  ('238', '包头市', '13', '1302', '1'),  ('239', '东河区', '1302', '130202', '1'),  ('240', '昆都仑区', '1302', '130203', '1'),  ('241', '青山区', '1302', '130204', '1'),  ('242', '石拐区', '1302', '130205', '1'),  ('243', '白云鄂博', '1302', '130206', '1'),  ('244', '九原区', '1302', '130207', '1'),  ('245', '土默特右旗', '1302', '130208', '1'),  ('246', '固阳县', '1302', '130209', '1'),  ('247', '达茂联合旗', '1302', '130210', '1'),  ('248', '高新区', '1302', '130211', '1'),  ('249', '呼伦贝尔市', '13', '1303', '1'),  ('250', '海拉尔区', '1303', '130302', '1'),  ('251', '阿荣旗', '1303', '130303', '1'),  ('252', '莫旗', '1303', '130304', '1'),  ('253', '鄂伦春自治旗', '1303', '130305', '1'),  ('254', '鄂温克旗', '1303', '130306', '1'),  ('255', '陈巴尔虎旗', '1303', '130307', '1'),  ('256', '新巴尔虎左旗', '1303', '130308', '1'),  ('257', '新巴尔虎右旗', '1303', '130309', '1'),  ('258', '牙克石市', '1303', '130311', '1'),  ('259', '扎兰屯市', '1303', '130312', '1'),  ('260', '额尔古纳市', '1303', '130313', '1'),  ('261', '根河市', '1303', '130314', '1'),  ('262', '兴安盟', '13', '1304', '1'),  ('263', '乌兰浩特市', '1304', '130401', '1'),  ('264', '阿尔山市', '1304', '130402', '1'),  ('265', '科右前旗', '1304', '130403', '1'),  ('266', '科右中旗', '1304', '130404', '1'),  ('267', '扎赉特旗', '1304', '130405', '1'),  ('268', '突泉县', '1304', '130406', '1'),  ('269', '通辽市', '13', '1305', '1'),  ('270', '科尔沁区', '1305', '130502', '1'),  ('271', '科左中旗', '1305', '130503', '1'),  ('272', '科左后旗', '1305', '130504', '1'),  ('273', '开鲁县', '1305', '130505', '1'),  ('274', '库伦旗', '1305', '130506', '1'),  ('275', '奈曼旗', '1305', '130507', '1'),  ('276', '扎鲁特旗', '1305', '130508', '1'),  ('277', '霍林郭勒市', '1305', '130509', '1'),  ('278', '赤峰市', '13', '1306', '1'),  ('279', '红山区', '1306', '130602', '1'),  ('280', '元宝山区', '1306', '130603', '1'),  ('281', '松山区', '1306', '130604', '1'),  ('282', '阿鲁科尔沁旗', '1306', '130605', '1'),  ('283', '巴林左旗', '1306', '130606', '1'),  ('284', '巴林右旗', '1306', '130607', '1'),  ('285', '林西县', '1306', '130608', '1'),  ('286', '克什克腾旗', '1306', '130609', '1'),  ('287', '翁牛特旗', '1306', '130610', '1'),  ('288', '喀喇沁旗', '1306', '130611', '1'),  ('289', '宁城县', '1306', '130612', '1'),  ('290', '敖汉旗', '1306', '130613', '1'),  ('291', '锡林郭勒盟', '13', '1307', '1'),  ('292', '锡林浩特市', '1307', '130702', '1'),  ('293', '阿巴嘎旗', '1307', '130703', '1'),  ('294', '苏尼特左旗', '1307', '130704', '1'),  ('295', '苏尼特右旗', '1307', '130705', '1'),  ('296', '东乌珠穆沁旗', '1307', '130706', '1'),  ('297', '西乌珠穆沁旗', '1307', '130707', '1'),  ('298', '太仆寺旗', '1307', '130708', '1'),  ('299', '镶黄旗', '1307', '130709', '1'),  ('300', '正镶白旗', '1307', '130710', '1'),  ('301', '正蓝旗', '1307', '130711', '1'),  ('302', '多伦县', '1307', '130712', '1'),  ('303', '乌兰察布市', '13', '1308', '1'),  ('304', '集宁区', '1308', '130802', '1'),  ('305', '卓资县', '1308', '130803', '1'),  ('306', '化德县', '1308', '130804', '1'),  ('307', '商都县', '1308', '130805', '1'),  ('308', '兴和县', '1308', '130806', '1'),  ('309', '凉城县', '1308', '130807', '1'),  ('310', '察右前旗', '1308', '130808', '1'),  ('311', '察右中旗', '1308', '130809', '1'),  ('312', '察右后旗', '1308', '130810', '1'),  ('313', '四子王旗', '1308', '130811', '1'),  ('314', '丰镇市', '1308', '130812', '1'),  ('315', '鄂尔多斯市', '13', '1309', '1'),  ('316', '东胜区', '1309', '130902', '1'),  ('317', '达拉特旗', '1309', '130903', '1'),  ('318', '准格尔旗', '1309', '130904', '1'),  ('319', '鄂托克前旗', '1309', '130905', '1'),  ('320', '鄂托克旗', '1309', '130906', '1'),  ('321', '杭锦旗', '1309', '130907', '1'),  ('322', '乌审旗', '1309', '130908', '1'),  ('323', '伊金霍洛旗', '1309', '130909', '1'),  ('324', '巴彦淖尔市', '13', '1310', '1'),  ('325', '临河区', '1310', '131002', '1'),  ('326', '五原县', '1310', '131003', '1'),  ('327', '磴口县', '1310', '131004', '1'),  ('328', '乌拉特前旗', '1310', '131005', '1'),  ('329', '乌拉特中旗', '1310', '131006', '1'),  ('330', '乌拉特后旗', '1310', '131007', '1'),  ('331', '杭锦后旗', '1310', '131008', '1'),  ('332', '乌海市', '13', '1311', '1'),  ('333', '海勃湾区', '1311', '131102', '1'),  ('334', '海南区', '1311', '131103', '1'),  ('335', '乌达区', '1311', '131104', '1'),  ('336', '阿拉善盟', '13', '1312', '1'),  ('337', '阿拉善左旗', '1312', '131201', '1'),  ('338', '阿拉善右旗', '1312', '131202', '1'),  ('339', '额济纳旗', '1312', '131203', '1'),  ('340', '满洲里', '13', '1313', '1'),  ('341', '二连浩特', '13', '1314', '1'),  ('342', '山西省', '0', '14', '1'),  ('343', '太原市', '14', '1401', '1'),  ('344', '小店区', '1401', '140102', '1'),  ('345', '迎泽区', '1401', '140103', '1'),  ('346', '杏花岭区', '1401', '140104', '1'),  ('347', '尖草坪区', '1401', '140105', '1'),  ('348', '万柏林区', '1401', '140106', '1'),  ('349', '晋源区', '1401', '140107', '1'),  ('350', '清徐县', '1401', '140108', '1'),  ('351', '阳曲县', '1401', '140109', '1'),  ('352', '娄烦县', '1401', '140110', '1'),  ('353', '古交市', '1401', '140111', '1'),  ('354', '开发区', '1401', '140112', '1'),  ('355', '大同市', '14', '1402', '1'),  ('356', '城区', '1402', '140202', '1'),  ('357', '矿区', '1402', '140203', '1'),  ('358', '南郊区', '1402', '140204', '1'),  ('359', '新荣区', '1402', '140205', '1'),  ('360', '阳高县', '1402', '140206', '1'),  ('361', '天镇县', '1402', '140207', '1'),  ('362', '广灵县', '1402', '140208', '1'),  ('363', '灵丘县', '1402', '140209', '1'),  ('364', '浑源县', '1402', '140210', '1'),  ('365', '左云县', '1402', '140211', '1'),  ('366', '大同县', '1402', '140212', '1'),  ('367', '开发区', '1402', '140213', '1'),  ('368', '阳泉市', '14', '1403', '1'),  ('369', '城区', '1403', '140302', '1'),  ('370', '矿区', '1403', '140303', '1'),  ('371', '郊区', '1403', '140304', '1'),  ('372', '平定县', '1403', '140305', '1'),  ('373', '盂县', '1403', '140306', '1'),  ('374', '长治市', '14', '1404', '1'),  ('375', '城区', '1404', '140402', '1'),  ('376', '郊区', '1404', '140403', '1'),  ('377', '长治县', '1404', '140404', '1'),  ('378', '襄垣县', '1404', '140405', '1'),  ('379', '屯留县', '1404', '140406', '1'),  ('380', '平顺县', '1404', '140407', '1'),  ('381', '黎城县', '1404', '140408', '1'),  ('382', '壶关县', '1404', '140409', '1'),  ('383', '长子县', '1404', '140410', '1'),  ('384', '武乡县', '1404', '140411', '1'),  ('385', '沁县', '1404', '140412', '1'),  ('386', '沁源县', '1404', '140413', '1'),  ('387', '潞城市', '1404', '140414', '1'),  ('388', '晋城市', '14', '1405', '1'),  ('389', '城区', '1405', '140502', '1'),  ('390', '沁水县', '1405', '140503', '1'),  ('391', '阳城县', '1405', '140504', '1'),  ('392', '陵川县', '1405', '140505', '1'),  ('393', '泽州县', '1405', '140506', '1'),  ('394', '高平市', '1405', '140507', '1'),  ('395', '朔州市', '14', '1406', '1'),  ('396', '朔城区', '1406', '140602', '1'),  ('397', '平鲁区', '1406', '140603', '1'),  ('398', '山阴县', '1406', '140604', '1'),  ('399', '应县', '1406', '140605', '1'),  ('400', '右玉县', '1406', '140606', '1'),  ('401', '怀仁县', '1406', '140607', '1'),  ('402', '忻州市', '14', '1407', '1'),  ('403', '忻府区', '1407', '140702', '1'),  ('404', '定襄县', '1407', '140703', '1'),  ('405', '五台县', '1407', '140704', '1'),  ('406', '代县', '1407', '140705', '1'),  ('407', '繁峙县', '1407', '140706', '1'),  ('408', '宁武县', '1407', '140707', '1'),  ('409', '静乐县', '1407', '140708', '1'),  ('410', '神池县', '1407', '140709', '1'),  ('411', '五寨县', '1407', '140710', '1'),  ('412', '岢岚县', '1407', '140711', '1'),  ('413', '河曲县', '1407', '140712', '1'),  ('414', '保德县', '1407', '140713', '1'),  ('415', '偏关县', '1407', '140714', '1'),  ('416', '原平市', '1407', '140715', '1'),  ('417', '晋中市', '14', '1408', '1'),  ('418', '榆次区', '1408', '140802', '1'),  ('419', '榆社县', '1408', '140803', '1'),  ('420', '左权县', '1408', '140804', '1'),  ('421', '和顺县', '1408', '140805', '1'),  ('422', '昔阳县', '1408', '140806', '1'),  ('423', '寿阳县', '1408', '140807', '1'),  ('424', '太谷县', '1408', '140808', '1'),  ('425', '祁县', '1408', '140809', '1'),  ('426', '平遥县', '1408', '140810', '1'),  ('427', '灵石县', '1408', '140811', '1'),  ('428', '介休市', '1408', '140812', '1'),  ('429', '临汾市', '14', '1409', '1'),  ('430', '尧都区', '1409', '140902', '1'),  ('431', '曲沃县', '1409', '140903', '1'),  ('432', '翼城县', '1409', '140904', '1'),  ('433', '襄汾县', '1409', '140905', '1'),  ('434', '洪洞县', '1409', '140906', '1'),  ('435', '古县', '1409', '140907', '1'),  ('436', '安泽县', '1409', '140908', '1'),  ('437', '浮山县', '1409', '140909', '1'),  ('438', '吉县', '1409', '140910', '1'),  ('439', '乡宁县', '1409', '140911', '1'),  ('440', '大宁县', '1409', '140912', '1'),  ('441', '隰县', '1409', '140913', '1'),  ('442', '永和县', '1409', '140914', '1'),  ('443', '蒲县', '1409', '140915', '1'),  ('444', '汾西县', '1409', '140916', '1'),  ('445', '侯马市', '1409', '140917', '1'),  ('446', '霍州市', '1409', '140918', '1'),  ('447', '吕梁市', '14', '1410', '1'),  ('448', '离石区', '1410', '141002', '1'),  ('449', '文水县', '1410', '141003', '1'),  ('450', '交城县', '1410', '141004', '1'),  ('451', '兴县', '1410', '141005', '1'),  ('452', '临县', '1410', '141006', '1'),  ('453', '柳林县', '1410', '141007', '1'),  ('454', '石楼县', '1410', '141008', '1'),  ('455', '岚县', '1410', '141009', '1'),  ('456', '方山县', '1410', '141010', '1'),  ('457', '中阳县', '1410', '141011', '1'),  ('458', '交口县', '1410', '141012', '1'),  ('459', '孝义市', '1410', '141013', '1'),  ('460', '汾阳市', '1410', '141014', '1'),  ('461', '运城市', '14', '1411', '1'),  ('462', '盐湖区', '1411', '141102', '1'),  ('463', '临猗县', '1411', '141103', '1'),  ('464', '万荣县', '1411', '141104', '1'),  ('465', '闻喜县', '1411', '141105', '1'),  ('466', '稷山县', '1411', '141106', '1'),  ('467', '新绛县', '1411', '141107', '1'),  ('468', '绛县', '1411', '141108', '1'),  ('469', '垣曲县', '1411', '141109', '1'),  ('470', '夏县', '1411', '141110', '1'),  ('471', '平陆县', '1411', '141111', '1'),  ('472', '芮城县', '1411', '141112', '1'),  ('473', '永济市', '1411', '141113', '1'),  ('474', '河津市', '1411', '141114', '1'),  ('475', '辽宁省', '0', '20', '1'),  ('476', '沈阳市', '20', '2001', '1'),  ('477', '和平区', '2001', '200102', '1'),  ('478', '沈河区', '2001', '200103', '1'),  ('479', '大东区', '2001', '200104', '1'),  ('480', '皇姑区', '2001', '200105', '1'),  ('481', '铁西区', '2001', '200106', '1'),  ('482', '苏家屯区', '2001', '200107', '1'),  ('483', '东陵区', '2001', '200108', '1'),  ('484', '沈北新区', '2001', '200109', '1'),  ('485', '于洪区', '2001', '200110', '1'),  ('486', '辽中县', '2001', '200111', '1'),  ('487', '康平县', '2001', '200112', '1'),  ('488', '法库县', '2001', '200113', '1'),  ('489', '新民市', '2001', '200114', '1'),  ('490', '浑南新区', '2001', '200115', '1'),  ('491', '大连市', '20', '2002', '1'),  ('492', '中山区', '2002', '200202', '1'),  ('493', '西岗区', '2002', '200203', '1'),  ('494', '沙河口区', '2002', '200204', '1'),  ('495', '甘井子区', '2002', '200205', '1'),  ('496', '旅顺口区', '2002', '200206', '1'),  ('497', '金州区', '2002', '200207', '1'),  ('498', '长海县', '2002', '200208', '1'),  ('499', '瓦房店市', '2002', '200209', '1'),  ('500', '普兰店市', '2002', '200210', '1'),  ('501', '庄河市', '2002', '200211', '1'),  ('502', '开发区', '2002', '200212', '1'),  ('503', '鞍山市', '20', '2003', '1'),  ('504', '铁东区', '2003', '200302', '1'),  ('505', '铁西区', '2003', '200303', '1'),  ('506', '立山区', '2003', '200304', '1'),  ('507', '千山区', '2003', '200305', '1'),  ('508', '台安县', '2003', '200306', '1'),  ('509', '岫岩县', '2003', '200307', '1'),  ('510', '海城市', '2003', '200308', '1'),  ('511', '高新区', '2003', '200309', '1'),  ('512', '锦州市', '20', '2004', '1'),  ('513', '古塔区', '2004', '200402', '1'),  ('514', '凌河区', '2004', '200403', '1'),  ('515', '太和区', '2004', '200404', '1'),  ('516', '黑山县', '2004', '200405', '1'),  ('517', '义县', '2004', '200406', '1'),  ('518', '凌海市', '2004', '200407', '1'),  ('519', '北镇市', '2004', '200408', '1'),  ('520', '开发区', '2004', '200409', '1'),  ('521', '丹东市', '20', '2005', '1'),  ('522', '元宝区', '2005', '200502', '1'),  ('523', '振兴区', '2005', '200503', '1'),  ('524', '振安区', '2005', '200504', '1'),  ('525', '宽甸县', '2005', '200505', '1'),  ('526', '东港市', '2005', '200506', '1'),  ('527', '凤城市', '2005', '200507', '1'),  ('528', '盘锦市', '20', '2006', '1'),  ('529', '双台子区', '2006', '200602', '1'),  ('530', '兴隆台区', '2006', '200603', '1'),  ('531', '大洼县', '2006', '200604', '1'),  ('532', '盘山县', '2006', '200605', '1'),  ('533', '铁岭市', '20', '2007', '1'),  ('534', '银州区', '2007', '200702', '1'),  ('535', '清河区', '2007', '200703', '1'),  ('536', '铁岭县', '2007', '200704', '1'),  ('537', '西丰县', '2007', '200705', '1'),  ('538', '昌图县', '2007', '200706', '1'),  ('539', '调兵山市', '2007', '200707', '1'),  ('540', '开原市', '2007', '200708', '1'),  ('541', '抚顺市', '20', '2008', '1'),  ('542', '新抚区', '2008', '200802', '1'),  ('543', '东洲区', '2008', '200803', '1'),  ('544', '望花区', '2008', '200804', '1'),  ('545', '顺城区', '2008', '200805', '1'),  ('546', '抚顺县', '2008', '200806', '1'),  ('547', '新宾县', '2008', '200807', '1'),  ('548', '清原县', '2008', '200808', '1'),  ('549', '营口市', '20', '2009', '1'),  ('550', '站前区', '2009', '200902', '1'),  ('551', '鲅鱼圈区', '2009', '200904', '1'),  ('552', '老边区', '2009', '200905', '1'),  ('553', '盖州市', '2009', '200906', '1'),  ('554', '大石桥市', '2009', '200907', '1'),  ('555', '开发区', '2009', '200908', '1'),  ('556', '辽阳市', '20', '2010', '1'),  ('557', '白塔区', '2010', '201002', '1'),  ('558', '文圣区', '2010', '201003', '1'),  ('559', '宏伟区', '2010', '201004', '1'),  ('560', '弓长岭区', '2010', '201005', '1'),  ('561', '太子河区', '2010', '201006', '1'),  ('562', '辽阳县', '2010', '201007', '1'),  ('563', '灯塔市', '2010', '201008', '1'),  ('564', '高新区', '2010', '201009', '1'),  ('565', '阜新市', '20', '2011', '1'),  ('566', '海州区', '2011', '201102', '1'),  ('567', '新邱区', '2011', '201103', '1'),  ('568', '太平区', '2011', '201104', '1'),  ('569', '清河门区', '2011', '201105', '1'),  ('570', '细河区', '2011', '201106', '1'),  ('571', '阜新县', '2011', '201107', '1'),  ('572', '彰武县', '2011', '201108', '1'),  ('573', '本溪市', '20', '2012', '1'),  ('574', '平山区', '2012', '201202', '1'),  ('575', '溪湖区', '2012', '201203', '1'),  ('576', '明山区', '2012', '201204', '1'),  ('577', '南芬区', '2012', '201205', '1'),  ('578', '本溪县', '2012', '201206', '1'),  ('579', '桓仁县', '2012', '201207', '1'),  ('580', '朝阳市', '20', '2013', '1'),  ('581', '双塔区', '2013', '201302', '1'),  ('582', '龙城区', '2013', '201303', '1'),  ('583', '朝阳县', '2013', '201304', '1'),  ('584', '建平县', '2013', '201305', '1'),  ('585', '喀左县', '2013', '201306', '1'),  ('586', '北票市', '2013', '201307', '1'),  ('587', '凌源市', '2013', '201308', '1'),  ('588', '葫芦岛市', '20', '2014', '1'),  ('589', '连山区', '2014', '201402', '1'),  ('590', '龙港区', '2014', '201403', '1'),  ('591', '南票区', '2014', '201404', '1'),  ('592', '绥中县', '2014', '201405', '1'),  ('593', '建昌县', '2014', '201406', '1'),  ('594', '兴城市', '2014', '201407', '1'),  ('595', '吉林省', '0', '21', '1'),  ('596', '长春市', '21', '2101', '1'),  ('597', '南关区', '2101', '210102', '1'),  ('598', '宽城区', '2101', '210103', '1'),  ('599', '朝阳区', '2101', '210104', '1'),  ('600', '二道区', '2101', '210105', '1'),  ('601', '绿园区', '2101', '210106', '1'),  ('602', '双阳区', '2101', '210107', '1'),  ('603', '农安县', '2101', '210108', '1'),  ('604', '九台市', '2101', '210109', '1'),  ('605', '榆树市', '2101', '210110', '1'),  ('606', '德惠市', '2101', '210111', '1'),  ('607', '开发区', '2101', '210112', '1'),  ('608', '吉林市', '21', '2102', '1'),  ('609', '昌邑区', '2102', '210202', '1'),  ('610', '龙潭区', '2102', '210203', '1'),  ('611', '船营区', '2102', '210204', '1'),  ('612', '丰满区', '2102', '210205', '1'),  ('613', '永吉县', '2102', '210206', '1'),  ('614', '蛟河市', '2102', '210207', '1'),  ('615', '桦甸市', '2102', '210208', '1'),  ('616', '舒兰市', '2102', '210209', '1'),  ('617', '磐石市', '2102', '210210', '1'),  ('618', '开发区', '2102', '210211', '1'),  ('619', '四平市', '21', '2103', '1'),  ('620', '铁西区', '2103', '210302', '1'),  ('621', '铁东区', '2103', '210303', '1'),  ('622', '梨树县', '2103', '210304', '1'),  ('623', '伊通县', '2103', '210305', '1'),  ('624', '公主岭市', '2103', '210306', '1'),  ('625', '双辽市', '2103', '210307', '1'),  ('626', '开发区', '2103', '210308', '1'),  ('627', '辽源市', '21', '2104', '1'),  ('628', '龙山区', '2104', '210402', '1'),  ('629', '西安区', '2104', '210403', '1'),  ('630', '东丰县', '2104', '210404', '1'),  ('631', '东辽县', '2104', '210405', '1'),  ('632', '通化市', '21', '2105', '1'),  ('633', '东昌区', '2105', '210502', '1'),  ('634', '二道江区', '2105', '210503', '1'),  ('635', '通化县', '2105', '210504', '1'),  ('636', '辉南县', '2105', '210505', '1'),  ('637', '柳河县', '2105', '210506', '1'),  ('638', '梅河口市', '2105', '210507', '1'),  ('639', '集安市', '2105', '210508', '1'),  ('640', '白山市', '21', '2106', '1'),  ('641', '八道江区', '2106', '210602', '1'),  ('642', '江源区', '2106', '210603', '1'),  ('643', '抚松县', '2106', '210604', '1'),  ('644', '靖宇县', '2106', '210605', '1'),  ('645', '长白县', '2106', '210606', '1'),  ('646', '临江市', '2106', '210607', '1'),  ('647', '松原市', '21', '2107', '1'),  ('648', '宁江区', '2107', '210702', '1'),  ('649', '前郭县', '2107', '210703', '1'),  ('650', '长岭县', '2107', '210704', '1'),  ('651', '乾安县', '2107', '210705', '1'),  ('652', '扶余县', '2107', '210706', '1'),  ('653', '白城市', '21', '2108', '1'),  ('654', '洮北区', '2108', '210802', '1'),  ('655', '镇赉县', '2108', '210803', '1'),  ('656', '通榆县', '2108', '210804', '1'),  ('657', '洮南市', '2108', '210805', '1'),  ('658', '大安市', '2108', '210806', '1'),  ('659', '延边州', '21', '2109', '1'),  ('660', '延吉市', '2109', '210901', '1'),  ('661', '图们市', '2109', '210902', '1'),  ('662', '敦化市', '2109', '210903', '1'),  ('663', '珲春市', '2109', '210904', '1'),  ('664', '龙井市', '2109', '210905', '1'),  ('665', '和龙市', '2109', '210906', '1'),  ('666', '汪清县', '2109', '210907', '1');
INSERT INTO `db_region`(id, name, parentid, areaid, child)   VALUES('667', '安图县', '2109', '210908', '1'),  ('668', '高新区', '2109', '210909', '1'),  ('669', '黑龙江省', '0', '22', '1'),  ('670', '哈尔滨市', '22', '2201', '1'),  ('671', '道里区', '2201', '220102', '1'),  ('672', '南岗区', '2201', '220103', '1'),  ('673', '道外区', '2201', '220104', '1'),  ('674', '平房区', '2201', '220105', '1'),  ('675', '松北区', '2201', '220106', '1'),  ('676', '香坊区', '2201', '220107', '1'),  ('677', '呼兰区', '2201', '220108', '1'),  ('678', '阿城区', '2201', '220109', '1'),  ('679', '依兰县', '2201', '220110', '1'),  ('680', '方正县', '2201', '220111', '1'),  ('681', '宾县', '2201', '220112', '1'),  ('682', '巴彦县', '2201', '220113', '1'),  ('683', '木兰县', '2201', '220114', '1'),  ('684', '通河县', '2201', '220115', '1'),  ('685', '延寿县', '2201', '220116', '1'),  ('686', '双城市', '2201', '220117', '1'),  ('687', '尚志市', '2201', '220118', '1'),  ('688', '五常市', '2201', '220119', '1'),  ('689', '开发区', '2201', '220120', '1'),  ('690', '齐齐哈尔市', '22', '2202', '1'),  ('691', '龙沙区', '2202', '220202', '1'),  ('692', '建华区', '2202', '220203', '1'),  ('693', '铁锋区', '2202', '220204', '1'),  ('694', '昂昂溪区', '2202', '220205', '1'),  ('695', '富拉尔基区', '2202', '220206', '1'),  ('696', '碾子山区', '2202', '220207', '1'),  ('697', '梅里斯区', '2202', '220208', '1'),  ('698', '龙江县', '2202', '220209', '1'),  ('699', '依安县', '2202', '220210', '1'),  ('700', '泰来县', '2202', '220211', '1'),  ('701', '甘南县', '2202', '220212', '1'),  ('702', '富裕县', '2202', '220213', '1'),  ('703', '克山县', '2202', '220214', '1'),  ('704', '克东县', '2202', '220215', '1'),  ('705', '拜泉县', '2202', '220216', '1'),  ('706', '讷河市', '2202', '220217', '1'),  ('707', '高新区', '2202', '220218', '1'),  ('708', '鸡西市', '22', '2203', '1'),  ('709', '鸡冠区', '2203', '220302', '1'),  ('710', '恒山区', '2203', '220303', '1'),  ('711', '滴道区', '2203', '220304', '1'),  ('712', '梨树区', '2203', '220305', '1'),  ('713', '城子河区', '2203', '220306', '1'),  ('714', '麻山区', '2203', '220307', '1'),  ('715', '鸡东县', '2203', '220308', '1'),  ('716', '虎林市', '2203', '220309', '1'),  ('717', '密山市', '2203', '220310', '1'),  ('718', '鹤岗市', '22', '2204', '1'),  ('719', '向阳区', '2204', '220402', '1'),  ('720', '工农区', '2204', '220403', '1'),  ('721', '南山区', '2204', '220404', '1'),  ('722', '兴安区', '2204', '220405', '1'),  ('723', '东山区', '2204', '220406', '1'),  ('724', '兴山区', '2204', '220407', '1'),  ('725', '萝北县', '2204', '220408', '1'),  ('726', '绥滨县', '2204', '220409', '1'),  ('727', '双鸭山市', '22', '2205', '1'),  ('728', '尖山区', '2205', '220502', '1'),  ('729', '岭东区', '2205', '220503', '1'),  ('730', '四方台区', '2205', '220504', '1'),  ('731', '宝山区', '2205', '220505', '1'),  ('732', '集贤县', '2205', '220506', '1'),  ('733', '友谊县', '2205', '220507', '1'),  ('734', '宝清县', '2205', '220508', '1'),  ('735', '饶河县', '2205', '220509', '1'),  ('736', '大庆市', '22', '2206', '1'),  ('737', '萨尔图区', '2206', '220602', '1'),  ('738', '龙凤区', '2206', '220603', '1'),  ('739', '让胡路区', '2206', '220604', '1'),  ('740', '红岗区', '2206', '220605', '1'),  ('741', '大同区', '2206', '220606', '1'),  ('742', '肇州县', '2206', '220607', '1'),  ('743', '肇源县', '2206', '220608', '1'),  ('744', '林甸县', '2206', '220609', '1'),  ('745', '杜尔伯特县', '2206', '220610', '1'),  ('746', '高新区', '2206', '220611', '1'),  ('747', '伊春市', '22', '2207', '1'),  ('748', '伊春区', '2207', '220702', '1'),  ('749', '南岔区', '2207', '220703', '1'),  ('750', '友好区', '2207', '220704', '1'),  ('751', '西林区', '2207', '220705', '1'),  ('752', '翠峦区', '2207', '220706', '1'),  ('753', '新青区', '2207', '220707', '1'),  ('754', '美溪区', '2207', '220708', '1'),  ('755', '金山屯区', '2207', '220709', '1'),  ('756', '五营区', '2207', '220710', '1'),  ('757', '乌马河区', '2207', '220711', '1'),  ('758', '汤旺河区', '2207', '220712', '1'),  ('759', '带岭区', '2207', '220713', '1'),  ('760', '乌伊岭区', '2207', '220714', '1'),  ('761', '红星区', '2207', '220715', '1'),  ('762', '上甘岭区', '2207', '220716', '1'),  ('763', '嘉荫县', '2207', '220717', '1'),  ('764', '铁力市', '2207', '220718', '1'),  ('765', '佳木斯市', '22', '2208', '1'),  ('766', '向阳区', '2208', '220802', '1'),  ('767', '前进区', '2208', '220803', '1'),  ('768', '东风区', '2208', '220804', '1'),  ('769', '郊区', '2208', '220805', '1'),  ('770', '桦南县', '2208', '220806', '1'),  ('771', '桦川县', '2208', '220807', '1'),  ('772', '汤原县', '2208', '220808', '1'),  ('773', '抚远县', '2208', '220809', '1'),  ('774', '同江市', '2208', '220810', '1'),  ('775', '富锦市', '2208', '220811', '1'),  ('776', '七台河市', '22', '2209', '1'),  ('777', '新兴区', '2209', '220902', '1'),  ('778', '桃山区', '2209', '220903', '1'),  ('779', '茄子河区', '2209', '220904', '1'),  ('780', '勃利县', '2209', '220905', '1'),  ('781', '牡丹江市', '22', '2210', '1'),  ('782', '东安区', '2210', '221002', '1'),  ('783', '阳明区', '2210', '221003', '1'),  ('784', '爱民区', '2210', '221004', '1'),  ('785', '西安区', '2210', '221005', '1'),  ('786', '东宁县', '2210', '221006', '1'),  ('787', '林口县', '2210', '221007', '1'),  ('788', '绥芬河市', '2210', '221008', '1'),  ('789', '海林市', '2210', '221009', '1'),  ('790', '宁安市', '2210', '221010', '1'),  ('791', '穆棱市', '2210', '221011', '1'),  ('792', '黑河市', '22', '2211', '1'),  ('793', '爱辉区', '2211', '221102', '1'),  ('794', '嫩江县', '2211', '221103', '1'),  ('795', '逊克县', '2211', '221104', '1'),  ('796', '孙吴县', '2211', '221105', '1'),  ('797', '北安市', '2211', '221106', '1'),  ('798', '五大连池市', '2211', '221107', '1'),  ('799', '绥化市', '22', '2212', '1'),  ('800', '北林区', '2212', '221202', '1'),  ('801', '望奎县', '2212', '221203', '1'),  ('802', '兰西县', '2212', '221204', '1'),  ('803', '青冈县', '2212', '221205', '1'),  ('804', '庆安县', '2212', '221206', '1'),  ('805', '明水县', '2212', '221207', '1'),  ('806', '绥棱县', '2212', '221208', '1'),  ('807', '安达市', '2212', '221209', '1'),  ('808', '肇东市', '2212', '221210', '1'),  ('809', '海伦市', '2212', '221211', '1'),  ('810', '大兴安岭地区', '22', '2213', '1'),  ('811', '加格达奇区', '2213', '221301', '1'),  ('812', '松岭区', '2213', '221302', '1'),  ('813', '新林区', '2213', '221303', '1'),  ('814', '呼中区', '2213', '221304', '1'),  ('815', '呼玛县', '2213', '221305', '1'),  ('816', '塔河县', '2213', '221306', '1'),  ('817', '漠河县', '2213', '221307', '1'),  ('818', '上海市', '0', '30', '1'),  ('819', '宝山区', '30', '3001', '1'),  ('820', '金山区', '30', '3002', '1'),  ('821', '长宁区', '30', '3004', '1'),  ('822', '静安区', '30', '3005', '1'),  ('823', '青浦区', '30', '3006', '1'),  ('824', '崇明县', '30', '3007', '1'),  ('825', '松江区', '30', '3009', '1'),  ('826', '奉贤区', '30', '3010', '1'),  ('827', '浦东新区', '30', '3011', '1'),  ('828', '杨浦区', '30', '3012', '1'),  ('829', '虹口区', '30', '3013', '1'),  ('830', '普陀区', '30', '3014', '1'),  ('831', '闸北区', '30', '3015', '1'),  ('832', '黄浦区', '30', '3016', '1'),  ('833', '闵行区', '30', '3017', '1'),  ('834', '徐汇区', '30', '3018', '1'),  ('835', '嘉定区', '30', '3019', '1'),  ('836', '江苏省', '0', '31', '1'),  ('837', '南京市', '31', '3101', '1'),  ('838', '玄武区', '3101', '310102', '1'),  ('839', '白下区', '3101', '310103', '1'),  ('840', '秦淮区', '3101', '310104', '1'),  ('841', '建邺区', '3101', '310105', '1'),  ('842', '鼓楼区', '3101', '310106', '1'),  ('843', '下关区', '3101', '310107', '1'),  ('844', '浦口区', '3101', '310108', '1'),  ('845', '栖霞区', '3101', '310109', '1'),  ('846', '雨花台区', '3101', '310110', '1'),  ('847', '江宁区', '3101', '310111', '1'),  ('848', '六合区', '3101', '310112', '1'),  ('849', '溧水县', '3101', '310113', '1'),  ('850', '高淳县', '3101', '310114', '1'),  ('851', '开发区', '3101', '310115', '1'),  ('852', '苏州市', '31', '3102', '1'),  ('853', '沧浪区', '3102', '310202', '1'),  ('854', '平江区', '3102', '310203', '1'),  ('855', '金阊区', '3102', '310204', '1'),  ('856', '虎丘区', '3102', '310205', '1'),  ('857', '吴中区', '3102', '310206', '1'),  ('858', '相城区', '3102', '310207', '1'),  ('859', '常熟市', '3102', '310208', '1'),  ('860', '张家港市', '3102', '310209', '1'),  ('861', '昆山市', '3102', '310210', '1'),  ('862', '吴江市', '3102', '310211', '1'),  ('863', '太仓市', '3102', '310212', '1'),  ('864', '工业园区', '3102', '310213', '1'),  ('865', '高新区', '3102', '310214', '1'),  ('866', '无锡市', '31', '3103', '1'),  ('867', '崇安区', '3103', '310302', '1'),  ('868', '南长区', '3103', '310303', '1'),  ('869', '北塘区', '3103', '310304', '1'),  ('870', '锡山区', '3103', '310305', '1'),  ('871', '惠山区', '3103', '310306', '1'),  ('872', '滨湖区', '3103', '310307', '1'),  ('873', '江阴市', '3103', '310308', '1'),  ('874', '宜兴市', '3103', '310309', '1'),  ('875', '高新区', '3103', '310310', '1'),  ('876', '镇江市', '31', '3104', '1'),  ('877', '京口区', '3104', '310402', '1'),  ('878', '润州区', '3104', '310403', '1'),  ('879', '丹徒区', '3104', '310404', '1'),  ('880', '丹阳市', '3104', '310405', '1'),  ('881', '扬中市', '3104', '310406', '1'),  ('882', '句容市', '3104', '310407', '1'),  ('883', '开发区', '3104', '310408', '1'),  ('884', '扬州市', '31', '3105', '1'),  ('885', '广陵区', '3105', '310502', '1'),  ('886', '邗江区', '3105', '310503', '1'),  ('887', '宝应县', '3105', '310505', '1'),  ('888', '仪征市', '3105', '310506', '1'),  ('889', '高邮市', '3105', '310507', '1'),  ('890', '江都区', '3105', '310508', '1'),  ('891', '开发区', '3105', '310509', '1'),  ('892', '南通市', '31', '3106', '1'),  ('893', '崇川区', '3106', '310602', '1'),  ('894', '港闸区', '3106', '310603', '1'),  ('895', '海安县', '3106', '310604', '1'),  ('896', '如东县', '3106', '310605', '1'),  ('897', '启东市', '3106', '310606', '1'),  ('898', '如皋市', '3106', '310607', '1'),  ('899', '通州市', '3106', '310608', '1'),  ('900', '海门市', '3106', '310609', '1'),  ('901', '开发区', '3106', '310610', '1'),  ('902', '常州市', '31', '3107', '1'),  ('903', '天宁区', '3107', '310702', '1'),  ('904', '钟楼区', '3107', '310703', '1'),  ('905', '戚墅堰区', '3107', '310704', '1'),  ('906', '新北区', '3107', '310705', '1'),  ('907', '武进区', '3107', '310706', '1'),  ('908', '溧阳市', '3107', '310707', '1'),  ('909', '金坛市', '3107', '310708', '1'),  ('910', '徐州市', '31', '3108', '1'),  ('911', '鼓楼区', '3108', '310802', '1'),  ('912', '云龙区', '3108', '310803', '1'),  ('913', '九里区', '3108', '310804', '1'),  ('914', '贾汪区', '3108', '310805', '1'),  ('915', '泉山区', '3108', '310806', '1'),  ('916', '丰县', '3108', '310807', '1'),  ('917', '沛县', '3108', '310808', '1'),  ('918', '铜山县', '3108', '310809', '1'),  ('919', '睢宁县', '3108', '310810', '1'),  ('920', '新沂市', '3108', '310811', '1'),  ('921', '邳州市', '3108', '310812', '1'),  ('922', '开发区', '3108', '310813', '1'),  ('923', '连云港市', '31', '3109', '1'),  ('924', '连云区', '3109', '310902', '1'),  ('925', '新浦区', '3109', '310903', '1'),  ('926', '海州区', '3109', '310904', '1'),  ('927', '赣榆县', '3109', '310905', '1'),  ('928', '东海县', '3109', '310906', '1'),  ('929', '灌云县', '3109', '310907', '1'),  ('930', '灌南县', '3109', '310908', '1'),  ('931', '开发区', '3109', '310909', '1'),  ('932', '盐城市', '31', '3110', '1'),  ('933', '亭湖区', '3110', '311002', '1'),  ('934', '盐都区', '3110', '311003', '1'),  ('935', '响水县', '3110', '311004', '1'),  ('936', '滨海县', '3110', '311005', '1'),  ('937', '阜宁县', '3110', '311006', '1'),  ('938', '射阳县', '3110', '311007', '1'),  ('939', '建湖县', '3110', '311008', '1'),  ('940', '东台市', '3110', '311009', '1'),  ('941', '大丰市', '3110', '311010', '1'),  ('942', '开发区', '3110', '311011', '1'),  ('943', '淮安市', '31', '3111', '1'),  ('944', '清河区', '3111', '311102', '1'),  ('945', '楚州区', '3111', '311103', '1'),  ('946', '淮阴区', '3111', '311104', '1'),  ('947', '清浦区', '3111', '311105', '1'),  ('948', '涟水县', '3111', '311106', '1'),  ('949', '洪泽县', '3111', '311107', '1'),  ('950', '盱眙县', '3111', '311108', '1'),  ('951', '金湖县', '3111', '311109', '1'),  ('952', '开发区', '3111', '311110', '1'),  ('953', '泰州市', '31', '3112', '1'),  ('954', '海陵区', '3112', '311202', '1'),  ('955', '高港区', '3112', '311203', '1'),  ('956', '兴化市', '3112', '311204', '1'),  ('957', '靖江市', '3112', '311205', '1'),  ('958', '泰兴市', '3112', '311206', '1'),  ('959', '姜堰市', '3112', '311207', '1'),  ('960', '高新区', '3112', '311208', '1'),  ('961', '宿迁市', '31', '3113', '1'),  ('962', '宿城区', '3113', '311302', '1'),  ('963', '宿豫区', '3113', '311303', '1'),  ('964', '沭阳县', '3113', '311304', '1'),  ('965', '泗阳县', '3113', '311305', '1'),  ('966', '泗洪县', '3113', '311306', '1'),  ('967', '山东省', '0', '32', '1'),  ('968', '济南市', '32', '3201', '1'),  ('969', '历下区', '3201', '320102', '1'),  ('970', '市中区', '3201', '320103', '1'),  ('971', '槐荫区', '3201', '320104', '1'),  ('972', '天桥区', '3201', '320105', '1'),  ('973', '历城区', '3201', '320106', '1'),  ('974', '长清区', '3201', '320107', '1'),  ('975', '平阴县', '3201', '320108', '1'),  ('976', '济阳县', '3201', '320109', '1'),  ('977', '商河县', '3201', '320110', '1'),  ('978', '章丘市', '3201', '320111', '1'),  ('979', '高新区', '3201', '320112', '1'),  ('980', '青岛市', '32', '3202', '1'),  ('981', '市南区', '3202', '320202', '1'),  ('982', '市北区', '3202', '320203', '1'),  ('983', '四方区', '3202', '320204', '1'),  ('984', '黄岛区', '3202', '320205', '1'),  ('985', '崂山区', '3202', '320206', '1'),  ('986', '李沧区', '3202', '320207', '1'),  ('987', '城阳区', '3202', '320208', '1'),  ('988', '胶州市', '3202', '320209', '1'),  ('989', '即墨市', '3202', '320210', '1'),  ('990', '平度市', '3202', '320211', '1'),  ('991', '胶南市', '3202', '320212', '1'),  ('992', '莱西市', '3202', '320213', '1'),  ('993', '开发区', '3202', '320214', '1'),  ('994', '烟台市', '32', '3203', '1'),  ('995', '芝罘区', '3203', '320302', '1'),  ('996', '福山区', '3203', '320303', '1'),  ('997', '牟平区', '3203', '320304', '1'),  ('998', '莱山区', '3203', '320305', '1'),  ('999', '长岛县', '3203', '320306', '1'),  ('1000', '龙口市', '3203', '320307', '1'),  ('1001', '莱阳市', '3203', '320308', '1'),  ('1002', '莱州市', '3203', '320309', '1'),  ('1003', '蓬莱市', '3203', '320310', '1'),  ('1004', '招远市', '3203', '320311', '1'),  ('1005', '栖霞市', '3203', '320312', '1'),  ('1006', '海阳市', '3203', '320313', '1'),  ('1007', '高新区', '3203', '320314', '1'),  ('1008', '开发区', '3203', '320315', '1'),  ('1009', '淄博市', '32', '3204', '1'),  ('1010', '淄川区', '3204', '320402', '1'),  ('1011', '张店区', '3204', '320403', '1'),  ('1012', '博山区', '3204', '320404', '1'),  ('1013', '临淄区', '3204', '320405', '1'),  ('1014', '周村区', '3204', '320406', '1'),  ('1015', '桓台县', '3204', '320407', '1'),  ('1016', '高青县', '3204', '320408', '1'),  ('1017', '沂源县', '3204', '320409', '1'),  ('1018', '高新区', '3204', '320410', '1'),  ('1019', '泰安市', '32', '3205', '1'),  ('1020', '泰山区', '3205', '320502', '1'),  ('1021', '岱岳区', '3205', '320503', '1'),  ('1022', '宁阳县', '3205', '320504', '1'),  ('1023', '东平县', '3205', '320505', '1'),  ('1024', '新泰市', '3205', '320506', '1'),  ('1025', '肥城市', '3205', '320507', '1'),  ('1026', '潍坊市', '32', '3206', '1'),  ('1027', '潍城区', '3206', '320602', '1'),  ('1028', '寒亭区', '3206', '320603', '1'),  ('1029', '坊子区', '3206', '320604', '1'),  ('1030', '奎文区', '3206', '320605', '1'),  ('1031', '临朐县', '3206', '320606', '1'),  ('1032', '昌乐县', '3206', '320607', '1'),  ('1033', '青州市', '3206', '320608', '1'),  ('1034', '诸城市', '3206', '320609', '1'),  ('1035', '寿光市', '3206', '320610', '1'),  ('1036', '安丘市', '3206', '320611', '1'),  ('1037', '高密市', '3206', '320612', '1'),  ('1038', '昌邑市', '3206', '320613', '1'),  ('1039', '开发区', '3206', '320614', '1'),  ('1040', '济宁市', '32', '3207', '1'),  ('1041', '市中区', '3207', '320702', '1'),  ('1042', '任城区', '3207', '320703', '1'),  ('1043', '微山县', '3207', '320704', '1'),  ('1044', '鱼台县', '3207', '320705', '1'),  ('1045', '金乡县', '3207', '320706', '1'),  ('1046', '嘉祥县', '3207', '320707', '1'),  ('1047', '汶上县', '3207', '320708', '1'),  ('1048', '泗水县', '3207', '320709', '1'),  ('1049', '梁山县', '3207', '320710', '1'),  ('1050', '曲阜市', '3207', '320711', '1'),  ('1051', '兖州市', '3207', '320712', '1'),  ('1052', '邹城市', '3207', '320713', '1'),  ('1053', '高新区', '3207', '320714', '1'),  ('1054', '枣庄市', '32', '3208', '1'),  ('1055', '市中区', '3208', '320802', '1'),  ('1056', '薛城区', '3208', '320803', '1'),  ('1057', '峄城区', '3208', '320804', '1'),  ('1058', '台儿庄区', '3208', '320805', '1'),  ('1059', '山亭区', '3208', '320806', '1'),  ('1060', '滕州市', '3208', '320807', '1'),  ('1061', '高新区', '3208', '320808', '1'),  ('1062', '德州市', '32', '3209', '1'),  ('1063', '德城区', '3209', '320902', '1'),  ('1064', '陵县', '3209', '320903', '1'),  ('1065', '宁津县', '3209', '320904', '1'),  ('1066', '庆云县', '3209', '320905', '1'),  ('1067', '临邑县', '3209', '320906', '1'),  ('1068', '齐河县', '3209', '320907', '1'),  ('1069', '平原县', '3209', '320908', '1'),  ('1070', '夏津县', '3209', '320909', '1'),  ('1071', '武城县', '3209', '320910', '1'),  ('1072', '乐陵市', '3209', '320911', '1'),  ('1073', '禹城市', '3209', '320912', '1'),  ('1074', '威海市', '32', '3210', '1'),  ('1075', '环翠区', '3210', '321002', '1'),  ('1076', '文登市', '3210', '321003', '1'),  ('1077', '荣成市', '3210', '321004', '1'),  ('1078', '乳山市', '3210', '321005', '1'),  ('1079', '开发区', '3210', '321006', '1'),  ('1080', '日照市', '32', '3211', '1'),  ('1081', '东港区', '3211', '321102', '1'),  ('1082', '岚山区', '3211', '321103', '1'),  ('1083', '五莲县', '3211', '321104', '1'),  ('1084', '莒县', '3211', '321105', '1'),  ('1085', '开发区', '3211', '321106', '1'),  ('1086', '莱芜市', '32', '3212', '1'),  ('1087', '莱城区', '3212', '321202', '1'),  ('1088', '钢城区', '3212', '321203', '1'),  ('1089', '滨州市', '32', '3213', '1'),  ('1090', '滨城区', '3213', '321302', '1'),  ('1091', '惠民县', '3213', '321303', '1'),  ('1092', '阳信县', '3213', '321304', '1'),  ('1093', '无棣县', '3213', '321305', '1'),  ('1094', '沾化县', '3213', '321306', '1'),  ('1095', '博兴县', '3213', '321307', '1'),  ('1096', '邹平县', '3213', '321308', '1'),  ('1097', '东营市', '32', '3214', '1'),  ('1098', '东营区', '3214', '321402', '1'),  ('1099', '河口区', '3214', '321403', '1'),  ('1100', '垦利县', '3214', '321404', '1'),  ('1101', '利津县', '3214', '321405', '1'),  ('1102', '广饶县', '3214', '321406', '1'),  ('1103', '开发区', '3214', '321407', '1'),  ('1104', '聊城市', '32', '3215', '1'),  ('1105', '东昌府区', '3215', '321502', '1'),  ('1106', '阳谷县', '3215', '321503', '1');
INSERT INTO `db_region`(id, name, parentid, areaid, child)  VALUES ('1107', '莘县', '3215', '321504', '1'),  ('1108', '茌平县', '3215', '321505', '1'),  ('1109', '东阿县', '3215', '321506', '1'),  ('1110', '冠县', '3215', '321507', '1'),  ('1111', '高唐县', '3215', '321508', '1'),  ('1112', '临清市', '3215', '321509', '1'),  ('1113', '高新区', '3215', '321510', '1'),  ('1114', '菏泽市', '32', '3216', '1'),  ('1115', '牡丹区', '3216', '321602', '1'),  ('1116', '曹县', '3216', '321603', '1'),  ('1117', '单县', '3216', '321604', '1'),  ('1118', '成武县', '3216', '321605', '1'),  ('1119', '巨野县', '3216', '321606', '1'),  ('1120', '郓城县', '3216', '321607', '1'),  ('1121', '鄄城县', '3216', '321608', '1'),  ('1122', '定陶县', '3216', '321609', '1'),  ('1123', '东明县', '3216', '321610', '1'),  ('1124', '临沂市', '32', '3217', '1'),  ('1125', '兰山区', '3217', '321702', '1'),  ('1126', '罗庄区', '3217', '321703', '1'),  ('1127', '河东区', '3217', '321704', '1'),  ('1128', '沂南县', '3217', '321705', '1'),  ('1129', '郯城县', '3217', '321706', '1'),  ('1130', '沂水县', '3217', '321707', '1'),  ('1131', '苍山县', '3217', '321708', '1'),  ('1132', '费县', '3217', '321709', '1'),  ('1133', '平邑县', '3217', '321710', '1'),  ('1134', '莒南县', '3217', '321711', '1'),  ('1135', '蒙阴县', '3217', '321712', '1'),  ('1136', '临沭县', '3217', '321713', '1'),  ('1137', '开发区', '3217', '321714', '1'),  ('1138', '安徽省', '0', '33', '1'),  ('1139', '合肥市', '33', '3301', '1'),  ('1140', '瑶海区', '3301', '330102', '1'),  ('1141', '庐阳区', '3301', '330103', '1'),  ('1142', '蜀山区', '3301', '330104', '1'),  ('1143', '包河区', '3301', '330105', '1'),  ('1144', '长丰县', '3301', '330106', '1'),  ('1145', '肥东县', '3301', '330107', '1'),  ('1146', '肥西县', '3301', '330108', '1'),  ('1147', '开发区', '3301', '330109', '1'),  ('1148', '芜湖市', '33', '3302', '1'),  ('1149', '镜湖区', '3302', '330202', '1'),  ('1150', '弋江区', '3302', '330203', '1'),  ('1151', '鸠江区', '3302', '330204', '1'),  ('1152', '三山区', '3302', '330205', '1'),  ('1153', '芜湖县', '3302', '330206', '1'),  ('1154', '繁昌县', '3302', '330207', '1'),  ('1155', '南陵县', '3302', '330208', '1'),  ('1156', '开发区', '3302', '330209', '1'),  ('1157', '蚌埠市', '33', '3303', '1'),  ('1158', '龙子湖区', '3303', '330302', '1'),  ('1159', '蚌山区', '3303', '330303', '1'),  ('1160', '禹会区', '3303', '330304', '1'),  ('1161', '淮上区', '3303', '330305', '1'),  ('1162', '怀远县', '3303', '330306', '1'),  ('1163', '五河县', '3303', '330307', '1'),  ('1164', '固镇县', '3303', '330308', '1'),  ('1165', '高新区', '3303', '330309', '1'),  ('1166', '马鞍山市', '33', '3304', '1'),  ('1167', '金家庄区', '3304', '330402', '1'),  ('1168', '花山区', '3304', '330403', '1'),  ('1169', '雨山区', '3304', '330404', '1'),  ('1170', '当涂县', '3304', '330405', '1'),  ('1171', '开发区', '3304', '330406', '1'),  ('1172', '淮北市', '33', '3305', '1'),  ('1173', '杜集区', '3305', '330502', '1'),  ('1174', '相山区', '3305', '330503', '1'),  ('1175', '烈山区', '3305', '330504', '1'),  ('1176', '濉溪县', '3305', '330505', '1'),  ('1177', '铜陵市', '33', '3306', '1'),  ('1178', '铜官山区', '3306', '330602', '1'),  ('1179', '狮子山区', '3306', '330603', '1'),  ('1180', '郊区', '3306', '330604', '1'),  ('1181', '铜陵县', '3306', '330605', '1'),  ('1182', '开发区', '3306', '330606', '1'),  ('1183', '安庆市', '33', '3307', '1'),  ('1184', '迎江区', '3307', '330702', '1'),  ('1185', '大观区', '3307', '330703', '1'),  ('1186', '宜秀区', '3307', '330704', '1'),  ('1187', '怀宁县', '3307', '330705', '1'),  ('1188', '枞阳县', '3307', '330706', '1'),  ('1189', '潜山县', '3307', '330707', '1'),  ('1190', '太湖县', '3307', '330708', '1'),  ('1191', '宿松县', '3307', '330709', '1'),  ('1192', '望江县', '3307', '330710', '1'),  ('1193', '岳西县', '3307', '330711', '1'),  ('1194', '桐城市', '3307', '330712', '1'),  ('1195', '开发区', '3307', '330713', '1'),  ('1196', '黄山市', '33', '3308', '1'),  ('1197', '屯溪区', '3308', '330802', '1'),  ('1198', '黄山区', '3308', '330803', '1'),  ('1199', '徽州区', '3308', '330804', '1'),  ('1200', '歙县', '3308', '330805', '1'),  ('1201', '休宁县', '3308', '330806', '1'),  ('1202', '黟县', '3308', '330807', '1'),  ('1203', '祁门县', '3308', '330808', '1'),  ('1204', '滁州市', '33', '3309', '1'),  ('1205', '琅琊区', '3309', '330902', '1'),  ('1206', '南谯区', '3309', '330903', '1'),  ('1207', '来安县', '3309', '330904', '1'),  ('1208', '全椒县', '3309', '330905', '1'),  ('1209', '定远县', '3309', '330906', '1'),  ('1210', '凤阳县', '3309', '330907', '1'),  ('1211', '天长市', '3309', '330908', '1'),  ('1212', '明光市', '3309', '330909', '1'),  ('1213', '宿州市', '33', '3310', '1'),  ('1214', '埇桥区', '3310', '331002', '1'),  ('1215', '砀山县', '3310', '331003', '1'),  ('1216', '萧县', '3310', '331004', '1'),  ('1217', '灵璧县', '3310', '331005', '1'),  ('1218', '泗县', '3310', '331006', '1'),  ('1219', '池州市', '33', '3311', '1'),  ('1220', '贵池区', '3311', '331102', '1'),  ('1221', '东至县', '3311', '331103', '1'),  ('1222', '石台县', '3311', '331104', '1'),  ('1223', '青阳县', '3311', '331105', '1'),  ('1224', '淮南市', '33', '3312', '1'),  ('1225', '大通区', '3312', '331202', '1'),  ('1226', '田家庵区', '3312', '331203', '1'),  ('1227', '谢家集区', '3312', '331204', '1'),  ('1228', '八公山区', '3312', '331205', '1'),  ('1229', '潘集区', '3312', '331206', '1'),  ('1230', '凤台县', '3312', '331207', '1'),  ('1231', '巢湖市', '33', '3313', '1'),  ('1232', '居巢区', '3313', '331302', '1'),  ('1233', '庐江县', '3313', '331303', '1'),  ('1234', '无为县', '3313', '331304', '1'),  ('1235', '含山县', '3313', '331305', '1'),  ('1236', '和县', '3313', '331306', '1'),  ('1237', '阜阳市', '33', '3314', '1'),  ('1238', '颍州区', '3314', '331402', '1'),  ('1239', '颍东区', '3314', '331403', '1'),  ('1240', '颍泉区', '3314', '331404', '1'),  ('1241', '临泉县', '3314', '331405', '1'),  ('1242', '太和县', '3314', '331406', '1'),  ('1243', '阜南县', '3314', '331407', '1'),  ('1244', '颍上县', '3314', '331408', '1'),  ('1245', '界首市', '3314', '331409', '1'),  ('1246', '六安市', '33', '3315', '1'),  ('1247', '金安区', '3315', '331502', '1'),  ('1248', '裕安区', '3315', '331503', '1'),  ('1249', '寿县', '3315', '331504', '1'),  ('1250', '霍邱县', '3315', '331505', '1'),  ('1251', '舒城县', '3315', '331506', '1'),  ('1252', '金寨县', '3315', '331507', '1'),  ('1253', '霍山县', '3315', '331508', '1'),  ('1254', '宣城市', '33', '3316', '1'),  ('1255', '宣州区', '3316', '331602', '1'),  ('1256', '郎溪县', '3316', '331603', '1'),  ('1257', '广德县', '3316', '331604', '1'),  ('1258', '泾县', '3316', '331605', '1'),  ('1259', '绩溪县', '3316', '331606', '1'),  ('1260', '旌德县', '3316', '331607', '1'),  ('1261', '宁国市', '3316', '331608', '1'),  ('1262', '亳州市', '33', '3317', '1'),  ('1263', '谯城区', '3317', '331702', '1'),  ('1264', '涡阳县', '3317', '331703', '1'),  ('1265', '蒙城县', '3317', '331704', '1'),  ('1266', '利辛县', '3317', '331705', '1'),  ('1267', '福建省', '0', '34', '1'),  ('1268', '福州市', '34', '3401', '1'),  ('1269', '鼓楼区', '3401', '340102', '1'),  ('1270', '台江区', '3401', '340103', '1'),  ('1271', '仓山区', '3401', '340104', '1'),  ('1272', '马尾区', '3401', '340105', '1'),  ('1273', '晋安区', '3401', '340106', '1'),  ('1274', '闽侯县', '3401', '340107', '1'),  ('1275', '连江县', '3401', '340108', '1'),  ('1276', '罗源县', '3401', '340109', '1'),  ('1277', '闽清县', '3401', '340110', '1'),  ('1278', '永泰县', '3401', '340111', '1'),  ('1279', '平潭县', '3401', '340112', '1'),  ('1280', '福清市', '3401', '340113', '1'),  ('1281', '长乐市', '3401', '340114', '1'),  ('1282', '开发区', '3401', '340115', '1'),  ('1283', '厦门市', '34', '3402', '1'),  ('1284', '思明区', '3402', '340202', '1'),  ('1285', '海沧区', '3402', '340203', '1'),  ('1286', '湖里区', '3402', '340204', '1'),  ('1287', '集美区', '3402', '340205', '1'),  ('1288', '同安区', '3402', '340206', '1'),  ('1289', '翔安区', '3402', '340207', '1'),  ('1290', '开发区', '3402', '340208', '1'),  ('1291', '漳州市', '34', '3403', '1'),  ('1292', '芗城区', '3403', '340302', '1'),  ('1293', '龙文区', '3403', '340303', '1'),  ('1294', '云霄县', '3403', '340304', '1'),  ('1295', '漳浦县', '3403', '340305', '1'),  ('1296', '诏安县', '3403', '340306', '1'),  ('1297', '长泰县', '3403', '340307', '1'),  ('1298', '东山县', '3403', '340308', '1'),  ('1299', '南靖县', '3403', '340309', '1'),  ('1300', '平和县', '3403', '340310', '1'),  ('1301', '华安县', '3403', '340311', '1'),  ('1302', '龙海市', '3403', '340312', '1'),  ('1303', '开发区', '3403', '340313', '1'),  ('1304', '泉州市', '34', '3404', '1'),  ('1305', '鲤城区', '3404', '340402', '1'),  ('1306', '丰泽区', '3404', '340403', '1'),  ('1307', '洛江区', '3404', '340404', '1'),  ('1308', '泉港区', '3404', '340405', '1'),  ('1309', '惠安县', '3404', '340406', '1'),  ('1310', '安溪县', '3404', '340407', '1'),  ('1311', '永春县', '3404', '340408', '1'),  ('1312', '德化县', '3404', '340409', '1'),  ('1313', '金门县', '3404', '340410', '1'),  ('1314', '石狮市', '3404', '340411', '1'),  ('1315', '晋江市', '3404', '340412', '1'),  ('1316', '南安市', '3404', '340413', '1'),  ('1317', '开发区', '3404', '340414', '1'),  ('1318', '莆田市', '34', '3405', '1'),  ('1319', '城厢区', '3405', '340502', '1'),  ('1320', '涵江区', '3405', '340503', '1'),  ('1321', '荔城区', '3405', '340504', '1'),  ('1322', '秀屿区', '3405', '340505', '1'),  ('1323', '仙游县', '3405', '340506', '1'),  ('1324', '三明市', '34', '3406', '1'),  ('1325', '梅列区', '3406', '340602', '1'),  ('1326', '三元区', '3406', '340603', '1'),  ('1327', '明溪县', '3406', '340604', '1'),  ('1328', '清流县', '3406', '340605', '1'),  ('1329', '宁化县', '3406', '340606', '1'),  ('1330', '大田县', '3406', '340607', '1'),  ('1331', '尤溪县', '3406', '340608', '1');
INSERT INTO `db_region`(id, name, parentid, areaid, child)  VALUES ('2543', '新乡县', '7005', '700506', '1'),  ('2544', '获嘉县', '7005', '700507', '1'),  ('2545', '原阳县', '7005', '700508', '1'),  ('2546', '延津县', '7005', '700509', '1'),  ('2547', '封丘县', '7005', '700510', '1'),  ('2548', '长垣县', '7005', '700511', '1'),  ('2549', '卫辉市', '7005', '700512', '1'),  ('2550', '辉县市', '7005', '700513', '1'),  ('2551', '濮阳市', '70', '7006', '1'),  ('2552', '华龙区', '7006', '700602', '1'),  ('2553', '清丰县', '7006', '700603', '1'),  ('2554', '南乐县', '7006', '700604', '1'),  ('2555', '范县', '7006', '700605', '1'),  ('2556', '台前县', '7006', '700606', '1'),  ('2557', '濮阳县', '7006', '700607', '1'),  ('2558', '焦作市', '70', '7007', '1'),  ('2559', '解放区', '7007', '700702', '1'),  ('2560', '中站区', '7007', '700703', '1'),  ('2561', '马村区', '7007', '700704', '1'),  ('2562', '山阳区', '7007', '700705', '1'),  ('2563', '修武县', '7007', '700706', '1'),  ('2564', '博爱县', '7007', '700707', '1'),  ('2565', '武陟县', '7007', '700708', '1'),  ('2566', '温县', '7007', '700709', '1'),  ('2567', '沁阳市', '7007', '700710', '1'),  ('2568', '孟州市', '7007', '700711', '1'),  ('2569', '鹤壁市', '70', '7008', '1'),  ('2570', '鹤山区', '7008', '700802', '1'),  ('2571', '山城区', '7008', '700803', '1'),  ('2572', '淇滨区', '7008', '700804', '1'),  ('2573', '浚县', '7008', '700805', '1'),  ('2574', '淇县', '7008', '700806', '1'),  ('2575', '开发区', '7008', '700807', '1'),  ('2576', '三门峡市', '70', '7009', '1'),  ('2577', '湖滨区', '7009', '700902', '1'),  ('2578', '渑池县', '7009', '700903', '1'),  ('2579', '陕县', '7009', '700904', '1'),  ('2580', '卢氏县', '7009', '700905', '1'),  ('2581', '义马市', '7009', '700906', '1'),  ('2582', '灵宝市', '7009', '700907', '1'),  ('2583', '商丘市', '70', '7010', '1'),  ('2584', '梁园区', '7010', '701002', '1'),  ('2585', '睢阳区', '7010', '701003', '1'),  ('2586', '民权县', '7010', '701004', '1'),  ('2587', '睢县', '7010', '701005', '1'),  ('2588', '宁陵县', '7010', '701006', '1'),  ('2589', '柘城县', '7010', '701007', '1'),  ('2590', '虞城县', '7010', '701008', '1'),  ('2591', '夏邑县', '7010', '701009', '1'),  ('2592', '永城市', '7010', '701010', '1'),  ('2593', '许昌市', '70', '7011', '1'),  ('2594', '魏都区', '7011', '701102', '1'),  ('2595', '许昌县', '7011', '701103', '1'),  ('2596', '鄢陵县', '7011', '701104', '1'),  ('2597', '襄城县', '7011', '701105', '1'),  ('2598', '禹州市', '7011', '701106', '1'),  ('2599', '长葛市', '7011', '701107', '1'),  ('2600', '开发区', '7011', '701108', '1'),  ('2601', '漯河市', '70', '7012', '1'),  ('2602', '源汇区', '7012', '701202', '1'),  ('2603', '郾城区', '7012', '701203', '1'),  ('2604', '召陵区', '7012', '701204', '1'),  ('2605', '舞阳县', '7012', '701205', '1'),  ('2606', '临颍县', '7012', '701206', '1'),  ('2607', '开发区', '7012', '701207', '1'),  ('2608', '平顶山市', '70', '7013', '1'),  ('2609', '新华区', '7013', '701302', '1'),  ('2610', '卫东区', '7013', '701303', '1'),  ('2611', '石龙区', '7013', '701304', '1'),  ('2612', '湛河区', '7013', '701305', '1'),  ('2613', '宝丰县', '7013', '701306', '1'),  ('2614', '叶县', '7013', '701307', '1'),  ('2615', '鲁山县', '7013', '701308', '1'),  ('2616', '郏县', '7013', '701309', '1'),  ('2617', '舞钢市', '7013', '701310', '1'),  ('2618', '汝州市', '7013', '701311', '1'),  ('2619', '驻马店市', '70', '7014', '1'),  ('2620', '驿城区', '7014', '701402', '1'),  ('2621', '西平县', '7014', '701403', '1'),  ('2622', '上蔡县', '7014', '701404', '1'),  ('2623', '平舆县', '7014', '701405', '1'),  ('2624', '正阳县', '7014', '701406', '1'),  ('2625', '确山县', '7014', '701407', '1'),  ('2626', '泌阳县', '7014', '701408', '1'),  ('2627', '汝南县', '7014', '701409', '1'),  ('2628', '遂平县', '7014', '701410', '1'),  ('2629', '新蔡县', '7014', '701411', '1'),  ('2630', '周口市', '70', '7015', '1'),  ('2631', '川汇区', '7015', '701502', '1'),  ('2632', '扶沟县', '7015', '701503', '1'),  ('2633', '西华县', '7015', '701504', '1'),  ('2634', '商水县', '7015', '701505', '1'),  ('2635', '沈丘县', '7015', '701506', '1'),  ('2636', '郸城县', '7015', '701507', '1'),  ('2637', '淮阳县', '7015', '701508', '1'),  ('2638', '太康县', '7015', '701509', '1'),  ('2639', '鹿邑县', '7015', '701510', '1'),  ('2640', '项城市', '7015', '701511', '1'),  ('2641', '南阳市', '70', '7016', '1'),  ('2642', '宛城区', '7016', '701602', '1'),  ('2643', '卧龙区', '7016', '701603', '1'),  ('2644', '南召县', '7016', '701604', '1'),  ('2645', '方城县', '7016', '701605', '1'),  ('2646', '西峡县', '7016', '701606', '1'),  ('2647', '镇平县', '7016', '701607', '1'),  ('2648', '内乡县', '7016', '701608', '1'),  ('2649', '淅川县', '7016', '701609', '1'),  ('2650', '社旗县', '7016', '701610', '1'),  ('2651', '唐河县', '7016', '701611', '1'),  ('2652', '新野县', '7016', '701612', '1'),  ('2653', '桐柏县', '7016', '701613', '1'),  ('2654', '邓州市', '7016', '701614', '1'),  ('2655', '高新区', '7016', '701615', '1'),  ('2656', '信阳市', '70', '7017', '1'),  ('2657', '浉河区', '7017', '701702', '1'),  ('2658', '平桥区', '7017', '701703', '1'),  ('2659', '罗山县', '7017', '701704', '1'),  ('2660', '光山县', '7017', '701705', '1'),  ('2661', '新县', '7017', '701706', '1'),  ('2662', '商城县', '7017', '701707', '1'),  ('2663', '固始县', '7017', '701708', '1'),  ('2664', '潢川县', '7017', '701709', '1'),  ('2665', '淮滨县', '7017', '701710', '1'),  ('2666', '息县', '7017', '701711', '1'),  ('2667', '济源市', '70', '7018', '1'),  ('2668', '湖北省', '0', '71', '1'),  ('2669', '武汉市', '71', '7101', '1'),  ('2670', '江岸区', '7101', '710102', '1'),  ('2671', '江汉区', '7101', '710103', '1'),  ('2672', '硚口区', '7101', '710104', '1'),  ('2673', '汉阳区', '7101', '710105', '1'),  ('2674', '武昌区', '7101', '710106', '1'),  ('2675', '青山区', '7101', '710107', '1'),  ('2676', '洪山区', '7101', '710108', '1'),  ('2677', '东西湖区', '7101', '710109', '1'),  ('2678', '汉南区', '7101', '710110', '1'),  ('2679', '蔡甸区', '7101', '710111', '1'),  ('2680', '江夏区', '7101', '710112', '1'),  ('2681', '黄陂区', '7101', '710113', '1'),  ('2682', '新洲区', '7101', '710114', '1'),  ('2683', '开发区', '7101', '710115', '1'),  ('2684', '黄石市', '71', '7102', '1'),  ('2685', '黄石港区', '7102', '710202', '1'),  ('2686', '西塞山区', '7102', '710203', '1'),  ('2687', '下陆区', '7102', '710204', '1'),  ('2688', '铁山区', '7102', '710205', '1'),  ('2689', '阳新县', '7102', '710206', '1'),  ('2690', '大冶市', '7102', '710207', '1'),  ('2691', '开发区', '7102', '710208', '1'),  ('2692', '襄阳市', '71', '7103', '1'),  ('2693', '襄城区', '7103', '710302', '1'),  ('2694', '樊城区', '7103', '710303', '1'),  ('2695', '襄州区', '7103', '710304', '1'),  ('2696', '南漳县', '7103', '710305', '1'),  ('2697', '谷城县', '7103', '710306', '1'),  ('2698', '保康县', '7103', '710307', '1'),  ('2699', '老河口市', '7103', '710308', '1'),  ('2700', '枣阳市', '7103', '710309', '1'),  ('2701', '宜城市', '7103', '710310', '1'),  ('2702', '开发区', '7103', '710311', '1'),  ('2703', '十堰市', '71', '7104', '1'),  ('2704', '茅箭区', '7104', '710402', '1'),  ('2705', '张湾区', '7104', '710403', '1'),  ('2706', '郧县', '7104', '710404', '1'),  ('2707', '郧西县', '7104', '710405', '1'),  ('2708', '竹山县', '7104', '710406', '1'),  ('2709', '竹溪县', '7104', '710407', '1'),  ('2710', '房县', '7104', '710408', '1'),  ('2711', '丹江口市', '7104', '710409', '1'),  ('2712', '荆州市', '71', '7105', '1'),  ('2713', '荆州区', '7105', '710503', '1'),  ('2714', '公安县', '7105', '710504', '1'),  ('2715', '监利县', '7105', '710505', '1'),  ('2716', '江陵县', '7105', '710506', '1'),  ('2717', '石首市', '7105', '710507', '1'),  ('2718', '洪湖市', '7105', '710508', '1'),  ('2719', '松滋市', '7105', '710509', '1'),  ('2720', '宜昌市', '71', '7106', '1'),  ('2721', '西陵区', '7106', '710602', '1'),  ('2722', '伍家岗区', '7106', '710603', '1'),  ('2723', '点军区', '7106', '710604', '1'),  ('2724', '猇亭区', '7106', '710605', '1'),  ('2725', '夷陵区', '7106', '710606', '1'),  ('2726', '远安县', '7106', '710607', '1'),  ('2727', '兴山县', '7106', '710608', '1'),  ('2728', '秭归县', '7106', '710609', '1'),  ('2729', '长阳县', '7106', '710610', '1'),  ('2730', '五峰县', '7106', '710611', '1'),  ('2731', '宜都市', '7106', '710612', '1'),  ('2732', '当阳市', '7106', '710613', '1'),  ('2733', '枝江市', '7106', '710614', '1'),  ('2734', '高新区', '7106', '710615', '1'),  ('2735', '荆门市', '71', '7107', '1'),  ('2736', '东宝区', '7107', '710702', '1'),  ('2737', '掇刀区', '7107', '710703', '1'),  ('2738', '京山县', '7107', '710704', '1'),  ('2739', '沙洋县', '7107', '710705', '1'),  ('2740', '钟祥市', '7107', '710706', '1'),  ('2741', '鄂州市', '71', '7108', '1'),  ('2742', '梁子湖区', '7108', '710802', '1'),  ('2743', '华容区', '7108', '710803', '1'),  ('2744', '鄂城区', '7108', '710804', '1'),  ('2745', '孝感市', '71', '7109', '1'),  ('2746', '孝南区', '7109', '710902', '1'),  ('2747', '孝昌县', '7109', '710903', '1'),  ('2748', '大悟县', '7109', '710904', '1'),  ('2749', '云梦县', '7109', '710905', '1'),  ('2750', '应城市', '7109', '710906', '1'),  ('2751', '安陆市', '7109', '710907', '1'),  ('2752', '汉川市', '7109', '710908', '1'),  ('2753', '黄冈市', '71', '7110', '1'),  ('2754', '黄州区', '7110', '711002', '1'),  ('2755', '团风县', '7110', '711003', '1'),  ('2756', '红安县', '7110', '711004', '1'),  ('2757', '罗田县', '7110', '711005', '1'),  ('2758', '英山县', '7110', '711006', '1'),  ('2759', '浠水县', '7110', '711007', '1'),  ('2760', '蕲春县', '7110', '711008', '1'),  ('2761', '黄梅县', '7110', '711009', '1'),  ('2762', '麻城市', '7110', '711010', '1'),  ('2763', '武穴市', '7110', '711011', '1'),  ('2764', '咸宁市', '71', '7111', '1'),  ('2765', '咸安区', '7111', '711102', '1'),  ('2766', '嘉鱼县', '7111', '711103', '1'),  ('2767', '通城县', '7111', '711104', '1'),  ('2768', '崇阳县', '7111', '711105', '1'),  ('2769', '通山县', '7111', '711106', '1'),  ('2770', '赤壁市', '7111', '711107', '1'),  ('2771', '随州市', '71', '7112', '1'),  ('2772', '曾都区', '7112', '711202', '1'),  ('2773', '广水市', '7112', '711203', '1'),  ('2774', '恩施', '71', '7113', '1'),  ('2775', '恩施市', '7113', '711301', '1'),  ('2776', '利川市', '7113', '711302', '1'),  ('2777', '建始县', '7113', '711303', '1'),  ('2778', '巴东县', '7113', '711304', '1'),  ('2779', '宣恩县', '7113', '711305', '1'),  ('2780', '咸丰县', '7113', '711306', '1'),  ('2781', '来凤县', '7113', '711307', '1'),  ('2782', '鹤峰县', '7113', '711308', '1'),  ('2783', '潜江市', '71', '7114', '1'),  ('2784', '仙桃市', '71', '7115', '1'),  ('2785', '天门市', '71', '7116', '1'),  ('2786', '神农架林区', '71', '7117', '1'),  ('2787', '湖南省', '0', '72', '1'),  ('2788', '长沙市', '72', '7201', '1'),  ('2789', '芙蓉区', '7201', '720102', '1'),  ('2790', '天心区', '7201', '720103', '1'),  ('2791', '岳麓区', '7201', '720104', '1'),  ('2792', '开福区', '7201', '720105', '1'),  ('2793', '雨花区', '7201', '720106', '1'),  ('2794', '长沙县', '7201', '720107', '1'),  ('2795', '望城县', '7201', '720108', '1'),  ('2796', '宁乡县', '7201', '720109', '1'),  ('2797', '浏阳市', '7201', '720110', '1'),  ('2798', '开发区', '7201', '720111', '1'),  ('2799', '株洲市', '72', '7202', '1'),  ('2800', '荷塘区', '7202', '720202', '1'),  ('2801', '芦淞区', '7202', '720203', '1'),  ('2802', '石峰区', '7202', '720204', '1'),  ('2803', '天元区', '7202', '720205', '1'),  ('2804', '株洲县', '7202', '720206', '1'),  ('2805', '攸县', '7202', '720207', '1'),  ('2806', '茶陵县', '7202', '720208', '1'),  ('2807', '炎陵县', '7202', '720209', '1'),  ('2808', '醴陵市', '7202', '720210', '1'),  ('2809', '高新区', '7202', '720211', '1'),  ('2810', '湘潭市', '72', '7203', '1'),  ('2811', '雨湖区', '7203', '720302', '1'),  ('2812', '岳塘区', '7203', '720303', '1'),  ('2813', '湘潭县', '7203', '720304', '1'),  ('2814', '湘乡市', '7203', '720305', '1'),  ('2815', '韶山市', '7203', '720306', '1'),  ('2816', '高新区', '7203', '720307', '1'),  ('2817', '衡阳市', '72', '7204', '1'),  ('2818', '珠晖区', '7204', '720402', '1'),  ('2819', '雁峰区', '7204', '720403', '1'),  ('2820', '石鼓区', '7204', '720404', '1'),  ('2821', '蒸湘区', '7204', '720405', '1'),  ('2822', '南岳区', '7204', '720406', '1'),  ('2823', '衡阳县', '7204', '720407', '1'),  ('2824', '衡南县', '7204', '720408', '1'),  ('2825', '衡山县', '7204', '720409', '1'),  ('2826', '衡东县', '7204', '720410', '1'),  ('2827', '祁东县', '7204', '720411', '1'),  ('2828', '耒阳市', '7204', '720412', '1'),  ('2829', '常宁市', '7204', '720413', '1'),  ('2830', '益阳市', '72', '7205', '1'),  ('2831', '资阳区', '7205', '720502', '1'),  ('2832', '赫山区', '7205', '720503', '1'),  ('2833', '南县', '7205', '720504', '1'),  ('2834', '桃江县', '7205', '720505', '1'),  ('2835', '安化县', '7205', '720506', '1'),  ('2836', '沅江市', '7205', '720507', '1'),  ('2837', '高新区', '7205', '720508', '1'),  ('2838', '常德市', '72', '7206', '1'),  ('2839', '武陵区', '7206', '720602', '1'),  ('2840', '鼎城区', '7206', '720603', '1'),  ('2841', '安乡县', '7206', '720604', '1'),  ('2842', '汉寿县', '7206', '720605', '1'),  ('2843', '澧县', '7206', '720606', '1'),  ('2844', '临澧县', '7206', '720607', '1'),  ('2845', '桃源县', '7206', '720608', '1'),  ('2846', '石门县', '7206', '720609', '1'),  ('2847', '津市市', '7206', '720610', '1'),  ('2848', '开发区', '7206', '720611', '1'),  ('2849', '岳阳市', '72', '7207', '1'),  ('2850', '岳阳楼区', '7207', '720702', '1'),  ('2851', '云溪区', '7207', '720703', '1'),  ('2852', '君山区', '7207', '720704', '1'),  ('2853', '岳阳县', '7207', '720705', '1'),  ('2854', '华容县', '7207', '720706', '1'),  ('2855', '湘阴县', '7207', '720707', '1'),  ('2856', '平江县', '7207', '720708', '1'),  ('2857', '汨罗市', '7207', '720709', '1'),  ('2858', '临湘市', '7207', '720710', '1'),  ('2859', '开发区', '7207', '720711', '1'),  ('2860', '邵阳市', '72', '7208', '1'),  ('2861', '双清区', '7208', '720802', '1'),  ('2862', '大祥区', '7208', '720803', '1'),  ('2863', '北塔区', '7208', '720804', '1'),  ('2864', '邵东县', '7208', '720805', '1'),  ('2865', '新邵县', '7208', '720806', '1'),  ('2866', '邵阳县', '7208', '720807', '1'),  ('2867', '隆回县', '7208', '720808', '1'),  ('2868', '洞口县', '7208', '720809', '1'),  ('2869', '绥宁县', '7208', '720810', '1'),  ('2870', '新宁县', '7208', '720811', '1'),  ('2871', '城步县', '7208', '720812', '1'),  ('2872', '武冈市', '7208', '720813', '1'),  ('2873', '郴州市', '72', '7209', '1'),  ('2874', '北湖区', '7209', '720902', '1'),  ('2875', '苏仙区', '7209', '720903', '1'),  ('2876', '桂阳县', '7209', '720904', '1'),  ('2877', '宜章县', '7209', '720905', '1'),  ('2878', '永兴县', '7209', '720906', '1'),  ('2879', '嘉禾县', '7209', '720907', '1'),  ('2880', '临武县', '7209', '720908', '1'),  ('2881', '汝城县', '7209', '720909', '1'),  ('2882', '桂东县', '7209', '720910', '1'),  ('2883', '安仁县', '7209', '720911', '1'),  ('2884', '资兴市', '7209', '720912', '1'),  ('2885', '娄底市', '72', '7210', '1'),  ('2886', '娄星区', '7210', '721002', '1'),  ('2887', '双峰县', '7210', '721003', '1'),  ('2888', '新化县', '7210', '721004', '1'),  ('2889', '冷水江市', '7210', '721005', '1'),  ('2890', '涟源市', '7210', '721006', '1'),  ('2891', '永州市', '72', '7211', '1'),  ('2892', '零陵区', '7211', '721102', '1'),  ('2893', '冷水滩区', '7211', '721103', '1'),  ('2894', '祁阳县', '7211', '721104', '1'),  ('2895', '东安县', '7211', '721105', '1'),  ('2896', '双牌县', '7211', '721106', '1'),  ('2897', '道县', '7211', '721107', '1'),  ('2898', '江永县', '7211', '721108', '1'),  ('2899', '宁远县', '7211', '721109', '1'),  ('2900', '蓝山县', '7211', '721110', '1'),  ('2901', '新田县', '7211', '721111', '1'),  ('2902', '江华县', '7211', '721112', '1'),  ('2903', '怀化市', '72', '7212', '1'),  ('2904', '鹤城区', '7212', '721202', '1'),  ('2905', '中方县', '7212', '721203', '1'),  ('2906', '沅陵县', '7212', '721204', '1'),  ('2907', '辰溪县', '7212', '721205', '1'),  ('2908', '溆浦县', '7212', '721206', '1'),  ('2909', '会同县', '7212', '721207', '1'),  ('2910', '麻阳县', '7212', '721208', '1'),  ('2911', '新晃县', '7212', '721209', '1'),  ('2912', '芷江县', '7212', '721210', '1'),  ('2913', '靖州苗族县', '7212', '721211', '1'),  ('2914', '通道县', '7212', '721212', '1'),  ('2915', '洪江市', '7212', '721213', '1'),  ('2916', '张家界市', '72', '7213', '1'),  ('2917', '永定区', '7213', '721302', '1'),  ('2918', '武陵源区', '7213', '721303', '1'),  ('2919', '慈利县', '7213', '721304', '1'),  ('2920', '桑植县', '7213', '721305', '1'),  ('2921', '湘西', '72', '7214', '1'),  ('2922', '吉首市', '7214', '721401', '1'),  ('2923', '泸溪县', '7214', '721402', '1'),  ('2924', '凤凰县', '7214', '721403', '1'),  ('2925', '花垣县', '7214', '721404', '1'),  ('2926', '保靖县', '7214', '721405', '1'),  ('2927', '古丈县', '7214', '721406', '1'),  ('2928', '永顺县', '7214', '721407', '1'),  ('2929', '龙山县', '7214', '721408', '1'),  ('2930', '陕西省', '0', '80', '1'),  ('2931', '西安市', '80', '8001', '1'),  ('2932', '新城区', '8001', '800102', '1'),  ('2933', '碑林区', '8001', '800103', '1'),  ('2934', '莲湖区', '8001', '800104', '1'),  ('2935', '灞桥区', '8001', '800105', '1'),  ('2936', '未央区', '8001', '800106', '1'),  ('2937', '雁塔区', '8001', '800107', '1'),  ('2938', '阎良区', '8001', '800108', '1'),  ('2939', '临潼区', '8001', '800109', '1'),  ('2940', '长安区', '8001', '800110', '1'),  ('2941', '蓝田县', '8001', '800111', '1'),  ('2942', '周至县', '8001', '800112', '1'),  ('2943', '户县', '8001', '800113', '1'),  ('2944', '高陵县', '8001', '800114', '1'),  ('2945', '经济开发区', '8001', '800115', '1'),  ('2946', '高新区', '8001', '800116', '1'),  ('2947', '宝鸡市', '80', '8002', '1'),  ('2948', '渭滨区', '8002', '800202', '1'),  ('2949', '金台区', '8002', '800203', '1'),  ('2950', '陈仓区', '8002', '800204', '1'),  ('2951', '凤翔县', '8002', '800205', '1'),  ('2952', '岐山县', '8002', '800206', '1'),  ('2953', '扶风县', '8002', '800207', '1'),  ('2954', '眉县', '8002', '800208', '1'),  ('2955', '陇县', '8002', '800209', '1'),  ('2956', '千阳县', '8002', '800210', '1'),  ('2957', '麟游县', '8002', '800211', '1'),  ('2958', '凤县', '8002', '800212', '1'),  ('2959', '太白县', '8002', '800213', '1'),  ('2960', '高新区', '8002', '800214', '1'),  ('2961', '咸阳市', '80', '8003', '1'),  ('2962', '秦都区', '8003', '800302', '1'),  ('2963', '渭城区', '8003', '800304', '1'),  ('2964', '三原县', '8003', '800305', '1'),  ('2965', '泾阳县', '8003', '800306', '1'),  ('2966', '乾县', '8003', '800307', '1'),  ('2967', '礼泉县', '8003', '800308', '1'),  ('2968', '永寿县', '8003', '800309', '1'),  ('2969', '彬县', '8003', '800310', '1'),  ('2970', '长武县', '8003', '800311', '1'),  ('2971', '旬邑县', '8003', '800312', '1'),  ('2972', '淳化县', '8003', '800313', '1'),  ('2973', '武功县', '8003', '800314', '1'),  ('2974', '兴平市', '8003', '800315', '1'),  ('2975', '渭南市', '80', '8004', '1'),  ('2976', '临渭区', '8004', '800402', '1'),  ('2977', '华县', '8004', '800403', '1'),  ('2978', '潼关县', '8004', '800404', '1'),  ('2979', '大荔县', '8004', '800405', '1'),  ('2980', '合阳县', '8004', '800406', '1'),  ('2981', '澄城县', '8004', '800407', '1'),  ('2982', '蒲城县', '8004', '800408', '1'),  ('2983', '白水县', '8004', '800409', '1'),  ('2984', '富平县', '8004', '800410', '1'),  ('2985', '韩城市', '8004', '800411', '1'),  ('2986', '华阴市', '8004', '800412', '1'),  ('2987', '高新区', '8004', '800413', '1'),  ('2988', '延安市', '80', '8005', '1'),  ('2989', '宝塔区', '8005', '800502', '1'),  ('2990', '延长县', '8005', '800503', '1'),  ('2991', '延川县', '8005', '800504', '1'),  ('2992', '子长县', '8005', '800505', '1'),  ('2993', '安塞县', '8005', '800506', '1'),  ('2994', '志丹县', '8005', '800507', '1'),  ('2995', '吴起县', '8005', '800508', '1'),  ('2996', '甘泉县', '8005', '800509', '1'),  ('2997', '富县', '8005', '800510', '1'),  ('2998', '洛川县', '8005', '800511', '1'),  ('2999', '宜川县', '8005', '800512', '1'),  ('3000', '黄龙县', '8005', '800513', '1'),  ('3001', '黄陵县', '8005', '800514', '1'),  ('3002', '榆林市', '80', '8006', '1'),  ('3003', '榆阳区', '8006', '800602', '1'),  ('3004', '神木县', '8006', '800603', '1'),  ('3005', '府谷县', '8006', '800604', '1'),  ('3006', '横山县', '8006', '800605', '1'),  ('3007', '靖边县', '8006', '800606', '1'),  ('3008', '定边县', '8006', '800607', '1'),  ('3009', '绥德县', '8006', '800608', '1'),  ('3010', '米脂县', '8006', '800609', '1'),  ('3011', '佳县', '8006', '800610', '1'),  ('3012', '吴堡县', '8006', '800611', '1'),  ('3013', '清涧县', '8006', '800612', '1'),  ('3014', '子洲县', '8006', '800613', '1'),  ('3015', '铜川市', '80', '8007', '1'),  ('3016', '王益区', '8007', '800702', '1'),  ('3017', '印台区', '8007', '800703', '1'),  ('3018', '耀州区', '8007', '800704', '1'),  ('3019', '宜君县', '8007', '800705', '1'),  ('3020', '汉中市', '80', '8008', '1'),  ('3021', '汉台区', '8008', '800802', '1'),  ('3022', '南郑县', '8008', '800803', '1'),  ('3023', '城固县', '8008', '800804', '1'),  ('3024', '洋县', '8008', '800805', '1'),  ('3025', '西乡县', '8008', '800806', '1'),  ('3026', '勉县', '8008', '800807', '1'),  ('3027', '宁强县', '8008', '800808', '1'),  ('3028', '略阳县', '8008', '800809', '1'),  ('3029', '镇巴县', '8008', '800810', '1'),  ('3030', '留坝县', '8008', '800811', '1'),  ('3031', '佛坪县', '8008', '800812', '1'),  ('3032', '安康市', '80', '8009', '1'),  ('3033', '汉滨区', '8009', '800902', '1'),  ('3034', '汉阴县', '8009', '800903', '1'),  ('3035', '石泉县', '8009', '800904', '1'),  ('3036', '宁陕县', '8009', '800905', '1'),  ('3037', '紫阳县', '8009', '800906', '1'),  ('3038', '岚皋县', '8009', '800907', '1'),  ('3039', '平利县', '8009', '800908', '1'),  ('3040', '镇坪县', '8009', '800909', '1'),  ('3041', '旬阳县', '8009', '800910', '1'),  ('3042', '白河县', '8009', '800911', '1'),  ('3043', '商洛市', '80', '8010', '1'),  ('3044', '商州区', '8010', '801002', '1'),  ('3045', '洛南县', '8010', '801003', '1'),  ('3046', '丹凤县', '8010', '801004', '1'),  ('3047', '商南县', '8010', '801005', '1'),  ('3048', '山阳县', '8010', '801006', '1'),  ('3049', '镇安县', '8010', '801007', '1'),  ('3050', '柞水县', '8010', '801008', '1'),  ('3051', '杨凌', '80', '8011', '1'),  ('3052', '农业示范区', '8011', '801101', '1'),  ('3053', '青海省', '0', '81', '1'),  ('3054', '西宁市', '81', '8101', '1'),  ('3055', '城东区', '8101', '810102', '1'),  ('3056', '城中区', '8101', '810103', '1'),  ('3057', '城西区', '8101', '810104', '1'),  ('3058', '城北区', '8101', '810105', '1'),  ('3059', '大通县', '8101', '810106', '1'),  ('3060', '湟中县', '8101', '810107', '1'),  ('3061', '湟源县', '8101', '810108', '1'),  ('3062', '开发区', '8101', '810109', '1'),  ('3063', '海东地区', '81', '8102', '1'),  ('3064', '平安县', '8102', '810201', '1'),  ('3065', '民和县', '8102', '810202', '1'),  ('3066', '乐都县', '8102', '810203', '1'),  ('3067', '互助县', '8102', '810204', '1'),  ('3068', '化隆县', '8102', '810205', '1'),  ('3069', '循化县', '8102', '810206', '1'),  ('3070', '海南州', '81', '8103', '1'),  ('3071', '共和县', '8103', '810301', '1'),  ('3072', '同德县', '8103', '810302', '1'),  ('3073', '贵德县', '8103', '810303', '1'),  ('3074', '兴海县', '8103', '810304', '1'),  ('3075', '贵南县', '8103', '810305', '1'),  ('3076', '海北州', '81', '8104', '1'),  ('3077', '门源县', '8104', '810401', '1'),  ('3078', '祁连县', '8104', '810402', '1'),  ('3079', '海晏县', '8104', '810403', '1'),  ('3080', '刚察县', '8104', '810404', '1'),  ('3081', '海西蒙古族州', '81', '8105', '1'),  ('3082', '格尔木市', '8105', '810501', '1'),  ('3083', '德令哈市', '8105', '810502', '1'),  ('3084', '乌兰县', '8105', '810503', '1'),  ('3085', '都兰县', '8105', '810504', '1'),  ('3086', '天峻县', '8105', '810505', '1'),  ('3087', '黄南州', '81', '8106', '1'),  ('3088', '同仁县', '8106', '810601', '1'),  ('3089', '尖扎县', '8106', '810602', '1'),  ('3090', '泽库县', '8106', '810603', '1'),  ('3091', '河南县', '8106', '810604', '1'),  ('3092', '果洛州', '81', '8107', '1'),  ('3093', '玛沁县', '8107', '810701', '1'),  ('3094', '班玛县', '8107', '810702', '1'),  ('3095', '甘德县', '8107', '810703', '1'),  ('3096', '达日县', '8107', '810704', '1'),  ('3097', '久治县', '8107', '810705', '1'),  ('3098', '玛多县', '8107', '810706', '1'),  ('3099', '玉树州', '81', '8108', '1'),  ('3100', '玉树县', '8108', '810801', '1'),  ('3101', '杂多县', '8108', '810802', '1'),  ('3102', '称多县', '8108', '810803', '1'),  ('3103', '治多县', '8108', '810804', '1'),  ('3104', '囊谦县', '8108', '810805', '1'),  ('3105', '曲麻莱县', '8108', '810806', '1'),  ('3106', '宁夏', '0', '82', '1'),  ('3107', '银川市', '82', '8201', '1'),  ('3108', '兴庆区', '8201', '820102', '1'),  ('3109', '西夏区', '8201', '820103', '1'),  ('3110', '金凤区', '8201', '820104', '1'),  ('3111', '永宁县', '8201', '820105', '1'),  ('3112', '贺兰县', '8201', '820106', '1'),  ('3113', '灵武市', '8201', '820107', '1'),  ('3114', '开发区', '8201', '820108', '1'),  ('3115', '石嘴山市', '82', '8202', '1'),  ('3116', '大武口区', '8202', '820202', '1'),  ('3117', '惠农区', '8202', '820203', '1'),  ('3118', '平罗县', '8202', '820204', '1'),  ('3119', '吴忠市', '82', '8203', '1'),  ('3120', '利通区', '8203', '820302', '1'),  ('3121', '盐池县', '8203', '820303', '1'),  ('3122', '同心县', '8203', '820304', '1'),  ('3123', '青铜峡市', '8203', '820305', '1'),  ('3124', '固原市', '82', '8204', '1'),  ('3125', '原州区', '8204', '820402', '1'),  ('3126', '西吉县', '8204', '820403', '1'),  ('3127', '隆德县', '8204', '820404', '1'),  ('3128', '泾源县', '8204', '820405', '1'),  ('3129', '彭阳县', '8204', '820406', '1'),  ('3130', '中卫市', '82', '8205', '1'),  ('3131', '沙坡头区', '8205', '820502', '1'),  ('3132', '中宁县', '8205', '820503', '1'),  ('3133', '海原县', '8205', '820504', '1'),  ('3134', '新疆', '0', '83', '1'),  ('3135', '乌鲁木齐市', '83', '8301', '1'),  ('3136', '天山区', '8301', '830102', '1'),  ('3137', '沙依巴克区', '8301', '830103', '1'),  ('3138', '水磨沟区', '8301', '830105', '1'),  ('3139', '头屯河区(开发区)', '8301', '830106', '1'),  ('3140', '达坂城区', '8301', '830107', '1'),  ('3141', '米东区', '8301', '830108', '1'),  ('3142', '乌鲁木齐县', '8301', '830109', '1'),  ('3143', '新市区(高新区)', '8301', '830110', '1'),  ('3144', '伊犁州', '83', '8302', '1'),  ('3145', '伊宁市', '8302', '830201', '1'),  ('3146', '奎屯市', '8302', '830202', '1'),  ('3147', '伊宁县', '8302', '830203', '1'),  ('3148', '察布查尔', '8302', '830204', '1'),  ('3149', '霍城县', '8302', '830205', '1'),  ('3150', '巩留县', '8302', '830206', '1'),  ('3151', '新源县', '8302', '830207', '1'),  ('3152', '昭苏县', '8302', '830208', '1'),  ('3153', '特克斯县', '8302', '830209', '1'),  ('3154', '尼勒克县', '8302', '830210', '1'),  ('3155', '阿勒泰地区', '83', '8303', '1'),  ('3156', '阿勒泰市', '8303', '830301', '1'),  ('3157', '布尔津县', '8303', '830302', '1'),  ('3158', '富蕴县', '8303', '830303', '1'),  ('3159', '福海县', '8303', '830304', '1'),  ('3160', '哈巴河县', '8303', '830305', '1'),  ('3161', '青河县', '8303', '830306', '1'),  ('3162', '吉木乃县', '8303', '830307', '1'),  ('3163', '塔城地区', '83', '8304', '1'),  ('3164', '塔城市', '8304', '830401', '1'),  ('3165', '乌苏市', '8304', '830402', '1'),  ('3166', '额敏县', '8304', '830403', '1'),  ('3167', '沙湾县', '8304', '830404', '1'),  ('3168', '托里县', '8304', '830405', '1'),  ('3169', '裕民县', '8304', '830406', '1'),  ('3170', '和布克赛尔', '8304', '830407', '1'),  ('3171', '博尔塔拉', '83', '8305', '1'),  ('3172', '博乐市', '8305', '830501', '1'),  ('3173', '精河县', '8305', '830502', '1'),  ('3174', '温泉县', '8305', '830503', '1'),  ('3175', '昌吉', '83', '8306', '1'),  ('3176', '昌吉市', '8306', '830601', '1'),  ('3177', '阜康市', '8306', '830602', '1'),  ('3178', '呼图壁县', '8306', '830603', '1'),  ('3179', '玛纳斯县', '8306', '830604', '1'),  ('3180', '奇台县', '8306', '830605', '1'),  ('3181', '吉木萨尔县', '8306', '830606', '1'),  ('3182', '木垒县', '8306', '830607', '1'),  ('3183', '高新区', '8306', '830608', '1'),  ('3184', '吐鲁番地区', '83', '8307', '1'),  ('3185', '吐鲁番市', '8307', '830701', '1'),  ('3186', '鄯善县', '8307', '830702', '1'),  ('3187', '托克逊县', '8307', '830703', '1'),  ('3188', '巴音郭楞', '83', '8308', '1'),  ('3189', '库尔勒市', '8308', '830801', '1'),  ('3190', '轮台县', '8308', '830802', '1'),  ('3191', '尉犁县', '8308', '830803', '1'),  ('3192', '若羌县', '8308', '830804', '1'),  ('3193', '且末县', '8308', '830805', '1'),  ('3194', '焉耆县', '8308', '830806', '1'),  ('3195', '和静县', '8308', '830807', '1'),  ('3196', '和硕县', '8308', '830808', '1'),  ('3197', '博湖县', '8308', '830809', '1'),  ('3198', '哈密地区', '83', '8309', '1'),  ('3199', '哈密市', '8309', '830901', '1'),  ('3200', '巴里坤县', '8309', '830902', '1'),  ('3201', '伊吾县', '8309', '830903', '1'),  ('3202', '和田地区', '83', '8310', '1'),  ('3203', '和田市', '8310', '831001', '1'),  ('3204', '和田县', '8310', '831002', '1'),  ('3205', '墨玉县', '8310', '831003', '1'),  ('3206', '皮山县', '8310', '831004', '1'),  ('3207', '洛浦县', '8310', '831005', '1'),  ('3208', '策勒县', '8310', '831006', '1'),  ('3209', '于田县', '8310', '831007', '1'),  ('3210', '民丰县', '8310', '831008', '1'),  ('3211', '阿克苏地区', '83', '8311', '1'),  ('3212', '阿克苏市', '8311', '831101', '1'),  ('3213', '温宿县', '8311', '831102', '1'),  ('3214', '库车县', '8311', '831103', '1'),  ('3215', '沙雅县', '8311', '831104', '1'),  ('3216', '新和县', '8311', '831105', '1'),  ('3217', '拜城县', '8311', '831106', '1'),  ('3218', '乌什县', '8311', '831107', '1'),  ('3219', '阿瓦提县', '8311', '831108', '1'),  ('3220', '柯坪县', '8311', '831109', '1'),  ('3221', '克孜勒苏', '83', '8312', '1'),  ('3222', '阿图什市', '8312', '831201', '1'),  ('3223', '阿克陶县', '8312', '831202', '1'),  ('3224', '阿合奇县', '8312', '831203', '1'),  ('3225', '乌恰县', '8312', '831204', '1'),  ('3226', '喀什地区', '83', '8313', '1'),  ('3227', '喀什市', '8313', '831301', '1'),  ('3228', '疏附县', '8313', '831302', '1'),  ('3229', '疏勒县', '8313', '831303', '1'),  ('3230', '英吉沙县', '8313', '831304', '1'),  ('3231', '泽普县', '8313', '831305', '1'),  ('3232', '莎车县', '8313', '831306', '1'),  ('3233', '叶城县', '8313', '831307', '1'),  ('3234', '麦盖提县', '8313', '831308', '1'),  ('3235', '岳普湖县', '8313', '831309', '1'),  ('3236', '伽师县', '8313', '831310', '1'),  ('3237', '巴楚县', '8313', '831311', '1'),  ('3238', '塔什库尔干', '8313', '831312', '1'),  ('3239', '克拉玛依市', '83', '8314', '1'),  ('3240', '独山子区', '8314', '831402', '1'),  ('3241', '克拉玛依区', '8314', '831403', '1'),  ('3242', '白碱滩区', '8314', '831404', '1'),  ('3243', '乌尔禾区', '8314', '831405', '1'),  ('3244', '石河子市', '83', '8315', '1'),  ('3245', '五家渠市', '83', '8316', '1'),  ('3246', '阿拉尔市', '83', '8317', '1'),  ('3247', '图木舒克市', '83', '8318', '1'),  ('3248', '甘肃省', '0', '84', '1'),  ('3249', '兰州市', '84', '8401', '1'),  ('3250', '城关区', '8401', '840102', '1'),  ('3251', '七里河区', '8401', '840103', '1'),  ('3252', '西固区', '8401', '840104', '1'),  ('3253', '安宁区', '8401', '840105', '1'),  ('3254', '红古区', '8401', '840106', '1'),  ('3255', '永登县', '8401', '840107', '1'),  ('3256', '皋兰县', '8401', '840108', '1'),  ('3257', '榆中县', '8401', '840109', '1'),  ('3258', '开发区', '8401', '840110', '1'),  ('3259', '天水市', '84', '8402', '1'),  ('3260', '秦州区', '8402', '840202', '1'),  ('3261', '麦积区', '8402', '840203', '1'),  ('3262', '清水县', '8402', '840204', '1'),  ('3263', '秦安县', '8402', '840205', '1'),  ('3264', '甘谷县', '8402', '840206', '1'),  ('3265', '武山县', '8402', '840207', '1'),  ('3266', '张家川县', '8402', '840208', '1'),  ('3267', '开发区', '8402', '840209', '1'),  ('3268', '嘉峪关市', '84', '8403', '1'),  ('3269', '武威市', '84', '8404', '1'),  ('3270', '凉州区', '8404', '840402', '1'),  ('3271', '民勤县', '8404', '840403', '1'),  ('3272', '古浪县', '8404', '840404', '1'),  ('3273', '天祝县', '8404', '840405', '1'),  ('3274', '金昌市', '84', '8405', '1'),  ('3275', '金川区', '8405', '840502', '1'),  ('3276', '永昌县', '8405', '840503', '1'),  ('3277', '开发区', '8405', '840504', '1'),  ('3278', '酒泉市', '84', '8406', '1'),  ('3279', '肃州区', '8406', '840602', '1'),  ('3280', '金塔县', '8406', '840603', '1'),  ('3281', '瓜州县', '8406', '840604', '1'),  ('3282', '肃北县', '8406', '840605', '1'),  ('3283', '阿克塞县', '8406', '840606', '1'),  ('3284', '玉门市', '8406', '840607', '1'),  ('3285', '敦煌市', '8406', '840608', '1'),  ('3286', '张掖市', '84', '8407', '1'),  ('3287', '甘州区', '8407', '840702', '1'),  ('3288', '肃南县', '8407', '840703', '1'),  ('3289', '民乐县', '8407', '840704', '1'),  ('3290', '临泽县', '8407', '840705', '1'),  ('3291', '高台县', '8407', '840706', '1'),  ('3292', '山丹县', '8407', '840707', '1'),  ('3293', '庆阳市', '84', '8408', '1'),  ('3294', '西峰区', '8408', '840802', '1'),  ('3295', '庆城县', '8408', '840803', '1'),  ('3296', '环县', '8408', '840804', '1'),  ('3297', '华池县', '8408', '840805', '1'),  ('3298', '合水县', '8408', '840806', '1'),  ('3299', '正宁县', '8408', '840807', '1'),  ('3300', '宁县', '8408', '840808', '1'),  ('3301', '镇原县', '8408', '840809', '1'),  ('3302', '平凉市', '84', '8409', '1'),  ('3303', '崆峒区', '8409', '840902', '1'),  ('3304', '泾川县', '8409', '840903', '1'),  ('3305', '灵台县', '8409', '840904', '1'),  ('3306', '崇信县', '8409', '840905', '1'),  ('3307', '华亭县', '8409', '840906', '1'),  ('3308', '庄浪县', '8409', '840907', '1'),  ('3309', '静宁县', '8409', '840908', '1'),  ('3310', '白银市', '84', '8410', '1'),  ('3311', '白银区', '8410', '841002', '1'),  ('3312', '平川区', '8410', '841003', '1'),  ('3313', '靖远县', '8410', '841004', '1'),  ('3314', '会宁县', '8410', '841005', '1'),  ('3315', '景泰县', '8410', '841006', '1'),  ('3316', '高新区', '8410', '841007', '1'),  ('3317', '定西市', '84', '8411', '1'),  ('3318', '安定区', '8411', '841102', '1'),  ('3319', '通渭县', '8411', '841103', '1'),  ('3320', '陇西县', '8411', '841104', '1'),  ('3321', '渭源县', '8411', '841105', '1'),  ('3322', '临洮县', '8411', '841106', '1'),  ('3323', '漳县', '8411', '841107', '1'),  ('3324', '岷县', '8411', '841108', '1'),  ('3325', '陇南市', '84', '8412', '1'),  ('3326', '武都区', '8412', '841202', '1'),  ('3327', '成县', '8412', '841203', '1'),  ('3328', '文县', '8412', '841204', '1'),  ('3329', '宕昌县', '8412', '841205', '1'),  ('3330', '康县', '8412', '841206', '1'),  ('3331', '西和县', '8412', '841207', '1'),  ('3332', '礼县', '8412', '841208', '1'),  ('3333', '徽县', '8412', '841209', '1'),  ('3334', '两当县', '8412', '841210', '1'),  ('3335', '临夏', '84', '8413', '1'),  ('3336', '临夏市', '8413', '841301', '1'),  ('3337', '临夏县', '8413', '841302', '1'),  ('3338', '康乐县', '8413', '841303', '1'),  ('3339', '永靖县', '8413', '841304', '1'),  ('3340', '广河县', '8413', '841305', '1'),  ('3341', '和政县', '8413', '841306', '1'),  ('3342', '东乡族自治县', '8413', '841307', '1'),  ('3343', '积石山县', '8413', '841308', '1'),  ('3344', '甘南州', '84', '8414', '1'),  ('3345', '合作市', '8414', '841401', '1'),  ('3346', '临潭县', '8414', '841402', '1'),  ('3347', '卓尼县', '8414', '841403', '1'),  ('3348', '舟曲县', '8414', '841404', '1'),  ('3349', '迭部县', '8414', '841405', '1'),  ('3350', '玛曲县', '8414', '841406', '1'),  ('3351', '碌曲县', '8414', '841407', '1'),  ('3352', '夏河县', '8414', '841408', '1'),  ('3353', '香港', '0', '90', '0'),  ('3354', '澳门', '0', '91', '0'),  ('3355', '台湾', '0', '92', '0'),  ('3356', '国外', '0', '93', '0');
-- ----------------------------
-- Table structure for `db_shoper`
-- ----------------------------
DROP TABLE IF EXISTS `db_shoper`;
CREATE TABLE `db_shoper` (
  `id` int(11) NOT NULL AUTO_INCREMENT COMMENT '供应商ID',
  `mobile` varchar(11) DEFAULT NULL COMMENT '供应商手机号',
  `shoper_name` varchar(30) DEFAULT NULL COMMENT '供应商名称',
  `pwd` varchar(40) DEFAULT NULL COMMENT '供应商密码',
  `create_time` int(11) DEFAULT NULL,
  `status` tinyint(1) NOT NULL DEFAULT '1' COMMENT '登陆状态    1  可用   0  禁用',
  PRIMARY KEY (`id`)
) ENGINE=MyISAM  DEFAULT CHARSET=utf8;

-- ----------------------------
-- Records of db_shoper
-- ----------------------------
INSERT INTO `db_shoper` VALUES ('1', '18656971230', '测试供应商11', '202cb962ac59075b964b07152d234b70', '1473341467', '1');
INSERT INTO `db_shoper` VALUES ('2', '18656971231', '测试供应商22', '202cb962ac59075b964b07152d234b70', '1473409073', '1');
INSERT INTO `db_shoper` VALUES ('3', '13989999999', 'zzumall', 'c7ac423b075aef8481a1e105098eb38c', '1475328482', '1');

-- ----------------------------
-- Table structure for `db_single`
-- ----------------------------
DROP TABLE IF EXISTS `db_single`;
CREATE TABLE `db_single` (
  `id` int(11) unsigned NOT NULL AUTO_INCREMENT COMMENT '单页表',
  `single_title` varchar(20) DEFAULT NULL COMMENT '标题',
  `single_info` text COMMENT '内容',
  `create_time` int(11) DEFAULT NULL COMMENT '创建时间',
  `type` varchar(10) DEFAULT NULL,
  PRIMARY KEY (`id`)
) ENGINE=InnoDB  DEFAULT CHARSET=utf8;

-- ----------------------------
-- Records of db_single
-- ----------------------------
INSERT INTO `db_single` VALUES ('10', '会员注册', '<p><strong><span style=\"font-size: 24px;\">会员注册流程</span></strong></p><p><br/></p><p style=\"text-align:left;margin-top: 8px; margin-bottom: 0px; padding: 0px; border: 0px none; color: rgb(116, 111, 111); font-family: 宋体; font-size: 12px; white-space: normal;\"><span style=\"font-size: 18px;\">请点击&nbsp;会员注册&nbsp;，按照流程提示操作即可！&nbsp;<br/><br/></span></p><p style=\"text-align:left;margin-top: 8px; margin-bottom: 0px; padding: 0px; border: 0px none; color: rgb(116, 111, 111); font-family: 宋体; font-size: 12px; white-space: normal;\"><span style=\"font-size: 18px;\">注册步骤详解如下：</span></p><p style=\"margin-top: 8px; margin-bottom: 0px; padding: 0px; border: 0px none; color: rgb(116, 111, 111); font-family: 宋体; font-size: 12px; white-space: normal;\"><span style=\"font-size: 18px;\">1、进入亿速网络商城首页，点击左上角的“会员注册” 。<br/><br/>2、按照网页提示，填写手机号码并设置登录密码，此手机号码将作为您的用户名用于下次登录，一旦保存后不可修改。请仔细阅读“亿速网络用户注册协议”！</span></p><p><img src=\"/ueditor/php/upload/image/20160731/1469895975575593.png\" title=\"1469895975575593.png\" alt=\"QQ截图20160731002337.png\"/><span style=\"font-size: 16px; color: rgb(116, 111, 111); font-family: 宋体;\">温馨提示：请务必填写正确有效手机号码！</span></p>', '1469896346', '新手指南');
INSERT INTO `db_single` VALUES ('11', '会员积分计划', '<p><img src=\"/ueditor/php/upload/image/20160731/1469897050993775.png\" title=\"1469897050993775.png\" alt=\"2.png\"/></p>', '1469897061', '新手指南');
INSERT INTO `db_single` VALUES ('12', '找回密码', '<p><span style=\"font-size: 24px;\">找回密码</span></p><p><br/></p><p><span style=\"font-size: 20px;\">当您忘记密码时，请点击“登录”界面中的“忘记密码”，根据提示完成密码找回。</span></p><p><span style=\"font-size: 20px;\">温馨提示：一定要记住注册时的手机号码哦。</span></p><p><span style=\"font-size: 20px;\"><img src=\"/ueditor/php/upload/image/20160731/1469897357128768.png\" title=\"1469897357128768.png\" alt=\"QQ截图20160731004651.png\"/></span></p>', '1469897368', '新手指南');
INSERT INTO `db_single` VALUES ('13', '订单查询', null, null, '新手指南');
INSERT INTO `db_single` VALUES ('14', '常见热点问题', null, null, '新手指南');
INSERT INTO `db_single` VALUES ('15', '购物流程', '<p style=\"margin-top: 8px; margin-bottom: 0px; padding: 0px; border: 0px none; color: rgb(116, 111, 111); font-family: 宋体; font-size: 12px; white-space: normal;\"><span style=\"font-family: 微软雅黑, &quot;Microsoft YaHei&quot;;\"><strong><span style=\"font-size: 20px;\">购物流程</span></strong></span></p><p style=\"margin-top: 8px; margin-bottom: 0px; padding: 0px; border: 0px none; color: rgb(116, 111, 111); font-family: 宋体; font-size: 12px; white-space: normal;\"><span style=\"font-family: 微软雅黑, &quot;Microsoft YaHei&quot;; font-size: 16px;\"><br/></span></p><p style=\"margin-top: 8px; margin-bottom: 0px; padding: 0px; border: 0px none; color: rgb(116, 111, 111); font-family: 宋体; font-size: 12px; white-space: normal;\"><span style=\"font-family: 微软雅黑, &quot;Microsoft YaHei&quot;; font-size: 16px;\">1、挑选商品&nbsp;<br/><span style=\"font-family: 微软雅黑, &quot;Microsoft YaHei&quot;;\">亿速网络为您提供了方便快捷的商品搜索功能</span>：&nbsp;<br/>（1）您可以通过在首页输入关键字的方法来搜索您想要购买的商品。&nbsp;<br/>（2）您还可以通过首页的分类导航栏来找到您想要购买的商品分类，根据分类找到您的商品。</span></p><p style=\"margin-top: 8px; margin-bottom: 0px; padding: 0px; border: 0px none; color: rgb(116, 111, 111); font-family: 宋体; font-size: 12px; white-space: normal;\"><span style=\"font-family: 微软雅黑, &quot;Microsoft YaHei&quot;; font-size: 16px;\">2、放入购物车&nbsp;<br/>在您想要购买的商品的详情页点击“立即购买”，商品会添加到您的购物车中；您还可以继续挑选商品放入购物车，一起结算。&nbsp;<br/>（1）在购物车中，系统默认每件商品的订购数量为一件，如果您想购买多件商品，可修改购买数量。&nbsp;<br/>（2）在购物车中，您可以将商品移至我的收藏&nbsp;，或是选择删除。&nbsp;<br/><br/>温馨提示：&nbsp;<br/>（1）商品价格会不定期调整，最终价格以您提交订单后订单中的价格为准。&nbsp;<br/>（2）优惠政策、配送时间、运费收取标准等都有可能进行调整，最终成交信息以您提交订单时网站公布的最新信息为准。&nbsp;<br/></span></p><p style=\"margin-top: 8px; margin-bottom: 0px; padding: 0px; border: 0px none; color: rgb(116, 111, 111); font-family: 宋体; font-size: 12px; white-space: normal;\"><span style=\"font-family: 微软雅黑, &quot;Microsoft YaHei&quot;; font-size: 16px;\">3、注册登录&nbsp;<br/>（1）已注册会员：请在登录输入手机号码、注册密码进行登录。&nbsp;<br/>（2）新会员：请在新用户注册页面按照提示完成注册。&nbsp;<br/></span></p><p style=\"margin-top: 8px; margin-bottom: 0px; padding: 0px; border: 0px none; color: rgb(116, 111, 111); font-family: 宋体; font-size: 12px; white-space: normal;\"><span style=\"font-family: 微软雅黑, &quot;Microsoft YaHei&quot;; font-size: 16px;\">4、填写收货人信息&nbsp;<br/>（1）请填写正确完整的收货人姓名、收货人联系方式、详细的收货地址和邮编，否则将会影响您订单的处理或配送。&nbsp;<br/>（2）会员对可通过会员中心我的配送信息，对自己的配送信息进行管理。配送信息在会员每次购物订单生成时，系统会自动进行记录。会员可在此对记录的配送地址进行修改或添加新的配送地址。&nbsp;<br/></span></p><p style=\"margin-top: 8px; margin-bottom: 0px; padding: 0px; border: 0px none; color: rgb(116, 111, 111); font-family: 宋体; font-size: 12px; white-space: normal;\"><span style=\"font-family: 微软雅黑, &quot;Microsoft YaHei&quot;; font-size: 16px;\">5、提交订单&nbsp;<br/>（1）以上信息核实无误后，请点击“提交订单”，系统生成一个订单号，就说明您已经成功提交订单。&nbsp;<br/>（2）订单提交成功后，您可以登录“我的订单”查看订单信息或为订单进行支付。&nbsp;</span></p><p style=\"margin-top: 8px; margin-bottom: 0px; padding: 0px; border: 0px none; color: rgb(116, 111, 111); font-family: 宋体; font-size: 12px; white-space: normal;\"><span style=\"font-family: 微软雅黑, &quot;Microsoft YaHei&quot;; font-size: 16px;\">6、进入支付页面，输入支付要素进行支付！</span></p><p><br/></p>', '1469893370', '购物指南');
INSERT INTO `db_single` VALUES ('16', '配送查询', null, null, '购物指南');
INSERT INTO `db_single` VALUES ('17', '验货验收', '<p style=\"margin-top: 0;margin-right: 0;margin-bottom: 0;padding: 0;line-height: 20px;background: rgb(255, 255, 255)\"><span style=\"font-family: 宋体;letter-spacing: 0;font-size: 14px\">当您在收到有亿速网络商城的商品后，请当场开箱验货。如发现包装破损、商品短缺、配送错误、商品存在表面质量问题等，请勿拆开包裹，将问题向配送人员指出，并当场拒收全部商品，同时在送货单上注明原因。相应的赠品和优惠商品应同时拒收。当商品存在上述问题时，请您务必于24小时内与亿速网络商城客服联系，服务电话021-52218886,超过24小时后，亿速网络商城将不再为以上问题负责，商品存在质量问题除外。</span></p><p style=\";text-indent: 28px;padding: 0;line-height: 20px;background: rgb(255, 255, 255)\"><span style=\"font-family: 宋体;letter-spacing: 0;font-size: 14px\">如您验收商品后确认商品的名称、数量、价格等信息无误，商品包装和商品没有缺损等表面质量问题，请在发货单正面客户签收处签字，您或您委托收货人的签字表示您已确认上述内容无误，亿速网络商城有权不接受您以此为理由提出的退换货行为。</span></p><p style=\";text-indent: 28px;padding: 0;line-height: 20px;background: rgb(255, 255, 255)\"><span style=\"font-family: 宋体;letter-spacing: 0;font-size: 14px\">签收商品后，如果商品出现质量问题，请参照“</span><strong><span style=\"font-family: 宋体;font-size: 14px\">退换货政策</span></strong><span style=\"font-family: 宋体;letter-spacing: 0;font-size: 14px\">”通过</span><span style=\"font-family: 宋体;letter-spacing: 0;font-size: 14px\">在线退换货中心</span><span style=\"font-family: 宋体;letter-spacing: 0;font-size: 14px\">自助进行退换货。</span></p><p style=\";text-indent: 28px;padding: 0;line-height: 20px;background: rgb(255, 255, 255)\"><span style=\"font-family: 宋体;letter-spacing: 0;font-size: 14px\">为保障大家的切身利益，我们在此提醒您，收到商品时需要注意以下各项：</span></p><p style=\"margin-top:0;margin-right:0;margin-bottom:0;margin-left:0;text-indent:0;padding:0 0 0 0 ;line-height:20px;background:rgb(255,255,255)\"><span style=\"font-family: 宋体;letter-spacing: 0;font-size: 14px\">（1）下单时，请</span><span style=\"font-family: 宋体;letter-spacing: 0;font-size: 14px\">务必</span><span style=\"font-family: 宋体;letter-spacing: 0;font-size: 14px\">留下本人能够签收的地址与联系电话。</span></p><p style=\"margin-top:0;margin-right:0;margin-bottom:0;margin-left:0;text-indent:0;padding:0 0 0 0 ;line-height:20px;background:rgb(255,255,255)\"><span style=\"font-family: 宋体;letter-spacing: 0;font-size: 14px\">（2）收到商品时请当场验货，检查外包装是否完好，商品种类数量是否与订单明细相符。</span></p><p style=\"margin-top:0;margin-right:0;margin-bottom:0;margin-left:0;text-indent:0;padding:0 0 0 0 ;line-height:20px;background:rgb(255,255,255)\"><span style=\"font-family: 宋体;letter-spacing: 0;font-size: 14px\">（3）不支持签收前拆包装验货，您可以签收后要求投递员在场共同检验包装内商品是否齐全。</span></p><p style=\"margin-top:0;margin-right:0;margin-bottom:0;margin-left:0;text-indent:0;padding:0 0 0 0 ;line-height:20px;background:rgb(255,255,255)\"><span style=\"font-family: 宋体;letter-spacing: 0;font-size: 14px\">（4）在本人不能亲自签收的情况下，请委托他人签收并严格按照第（2）（3）项内容操作。</span></p><p style=\"margin-top:0;margin-right:0;margin-bottom:0;margin-left:0;text-indent:0;padding:0 0 0 0 ;line-height:20px;background:rgb(255,255,255)\"><span style=\"font-family: 宋体;letter-spacing: 0;font-size: 14px\">（5）如签收后商品出现质量问题，如功能性故障，请您及时联系</span><span style=\"font-family: 宋体;letter-spacing: 0;font-size: 14px\">亿速网络</span><span style=\"font-family: 宋体;letter-spacing: 0;font-size: 14px\">客服中心</span><span style=\"font-family: 宋体;letter-spacing: 0;font-size: 14px\">电话</span><span style=\"font-family: 宋体;letter-spacing: 0;font-size: 14px\"><span style=\"font-family: 宋体; font-size: 14px; background-color: rgb(255, 255, 255);\">021-52218886</span></span><span style=\"font-family: 宋体;letter-spacing: 0;font-size: 14px\">。&nbsp;</span></p><p><br/></p>', '1469987442', '购物指南');
INSERT INTO `db_single` VALUES ('18', '售后咨询', null, null, '购物指南');
INSERT INTO `db_single` VALUES ('19', '退款说明', '<h3 style=\"margin-top:0;margin-right:0;margin-bottom:0;margin-left:0;text-indent:0;background:rgb(255,255,255)\"><strong><span style=\"font-family: 宋体;letter-spacing: 0;font-size: 14px\">&nbsp;</span></strong><strong><span style=\"font-family: 宋体;letter-spacing: 0;font-size: 14px\">1.七天无理由退换货&nbsp;&nbsp;</span></strong></h3><p style=\";text-indent: 0;padding: 0;line-height: 20px;background: rgb(255, 255, 255)\"><span style=\"font-family: 宋体;letter-spacing: 0;font-size: 14px\">我们在此承诺，商品自您签收之日起7天内，如商品保持完好，外包装完整，产品配件完整，不影响二次销售的情况下，或存在质量缺陷（可能检货遗漏或物流运送抛、压等因素造成质量问题）可享受7天内无理由退换货服务。</span></p><h3 style=\"margin-top:0;margin-right:0;margin-bottom:0;margin-left:0;text-indent:0;background:rgb(255,255,255)\"><strong><span style=\"font-family: 宋体;letter-spacing: 0;font-size: 14px\">&nbsp;</span></strong><strong><span style=\"font-family: 宋体;letter-spacing: 0;font-size: 14px\">2.&nbsp;退换货须知</span></strong></h3><p style=\";text-indent: 0;padding: 0;line-height: 20px;background: rgb(255, 255, 255)\"><span style=\"font-family: 宋体;letter-spacing: 0;font-size: 14px\">(1)&nbsp;一张订单我们只为您提供一次退换货服务，为了确保您的权益，请考虑周全后开始退换货流程。</span></p><p style=\";text-indent: 0;padding: 0;line-height: 20px;background: rgb(255, 255, 255)\"><span style=\"font-family: 宋体;letter-spacing: 0;font-size: 14px\">(2)&nbsp;特殊商品（活动商品，打折商品，积分商品）非质量问题不予退换。</span></p><p style=\";text-indent: 0;padding: 0;line-height: 20px;background: rgb(255, 255, 255)\"><span style=\"font-family: 宋体;letter-spacing: 0;font-size: 14px\">(3)&nbsp;参加买赠活动的商品一经退货如不符合条件需将赠品一同寄回。礼包或套装中的商品部分退货，原礼包或套装中其他商品将无法享受购买时优惠。</span></p><p style=\";text-indent: 0;padding: 0;line-height: 20px;background: rgb(255, 255, 255)\"><span style=\"font-family: 宋体;letter-spacing: 0;font-size: 14px\">(4)&nbsp;如您购买时索要发票，一经退货请将发票随商品一同寄回，如发票丢失退款时会扣掉相应的税点。</span></p><p style=\";text-indent: 0;padding: 0;line-height: 20px;background: rgb(255, 255, 255)\"><span style=\"font-family: 宋体;letter-spacing: 0;font-size: 14px\">(5)&nbsp;退换货运费：质量问题，发错商品，由我方承担；若是买家换货，则由买家承担。另外，恕不支持到付、平邮以及【包裹】自取，只支持送货上门的快递（运费请控制在15元以内，超过15元需提供正规发票）。</span></p><p style=\";text-indent: 0;padding: 0;line-height: 20px;background: rgb(255, 255, 255)\"><span style=\"font-family: 宋体;letter-spacing: 0;font-size: 14px\">(6)退货地址：请及时联系在线客服，我们将竭诚为您服务。</span></p><p style=\";text-indent: 0;padding: 0;line-height: 20px;background: rgb(255, 255, 255)\"><span style=\"font-family: 宋体;letter-spacing: 0;font-size: 14px\">(7)&nbsp;请在退货物流单中注明以下任一信息：订单号，购买者账号，手机号，收件人名称。</span></p><p style=\";text-indent: 0;padding: 0;line-height: 20px;background: rgb(255, 255, 255)\"><span style=\"font-family: 宋体;letter-spacing: 0;font-size: 14px\">(8)&nbsp;处理时间：自收到您退回的商品至商品处理完毕，退款完毕需要7~10个工作日。</span></p><p><br/></p>', '1468205909', '购物指南');
INSERT INTO `db_single` VALUES ('20', '银联在线支付', '<p><strong><span style=\"font-size: 24px;\">银联在线支付</span></strong></p><p><strong><span style=\"font-size: 24px;\"><img src=\"/ueditor/php/upload/image/20160730/1469892109105492.png\" title=\"1469892109105492.png\" alt=\"QQ截图20160730231933.png\" width=\"538\" height=\"103\" style=\"width: 538px; height: 103px; float: left;\"/></span></strong></p><p><span style=\"font-size: 16px;\">　　“银联在线支付”是中国银联为满足各方网上支付需求而打造的银行卡网上交易转接清算平台，也是中国首个具有金融级预授权担保交易功能、全面支持所有类型银联卡的集成化、综合性网上支付平台。涵盖认证支付、快捷支付、小额支付、储值卡支付、网银支付等多种支付方式，可为用户境内外网上购物、水电气缴费、商旅预订、转账还款、基金申购、慈善捐款以及企业代收付等提供“安全、快捷、多选择、全球化”的支付服务。</span></p><p><span style=\"font-size: 16px;\">　　“银联在线支付”作为银联互联网支付的集成化、综合性工具，涵盖认证支付、快捷支付、储值卡支付、网银支付等多种支付方式，广泛应用于购物缴费、还款转账、商旅服务、基金申购、企业代收付等诸多领域。具有方便快捷、安全可靠、全球通用、金融级担保交易、综合性商户服务、无门槛网上支付等六大特点。简单灵活的快捷支付模式，无需开通网银，加快交易进程，提升用户体验，有助银行、商户吸引更多客户，促进网上交易。多重安全技术保障，实时风险监控，充分保证支付安全。与其它担保交易提前划款给第三方账户不同，“银联在线支付”的金融级预授权担保交易，是在持卡人自有银行账户内冻结交易资金，免除利息损失和资金挪用风险，最大化保证了银行、商户和持卡人权益。延伸全球的银联网络，越来越多的银联境外网上商户让持卡人“轻点鼠标，网购全球”。</span></p><p><span style=\"font-size: 16px;\">　　银联在线支付是中国银联重点创新业务，对于中国电子支付和电子商务产业的发展具有深远的意义，也将中国银行卡网上支付推进到一个崭新的时代。中国银联将继续本着“服务、创新、责任、共赢”的理念，与各合作机构精诚合作，携手努力，不断满足日益多元化、个性化的网上支付需求，共同推动中国电子支付产业快速、健康发展。</span></p><p><br/></p>', '1469892191', '支付方式');
INSERT INTO `db_single` VALUES ('21', '支付宝支付', '<p style=\"text-align: center;\"><span style=\"font-size: 20px;\"><strong>支付宝快捷支付</strong></span></p><p><img src=\"/ueditor/php/upload/image/20160730/1469891090490002.png\" title=\"1469891090490002.png\" alt=\"1.png\"/></p><p><img src=\"/ueditor/php/upload/image/20160730/1469891365705204.png\" title=\"1469891365705204.png\" alt=\"2.png\"/></p><p style=\"text-align: center;\"><strong><span style=\"font-size: 20px;\">支付宝扫码支付</span></strong></p><p><strong><span style=\"font-size: 20px;\"><img src=\"/ueditor/php/upload/image/20160730/1469891418105630.png\" title=\"1469891418105630.png\" alt=\"3.png\"/></span></strong></p><p><br/></p>', '1469891436', '支付方式');
INSERT INTO `db_single` VALUES ('22', '微信支付', '<ul class=\"lemmaWgt-lemmaTitle lemmaWgt-lemmaTitle- list-paddingleft-2\" style=\"margin: 0px 0px 10px; padding: 0px; width: 700px; font-family: arial, tahoma, \" microsoft=\"\" color:=\"\" font-size:=\"\" white-space:=\"\" background-color:=\"\"><li><h1 style=\"margin: 0px 10px 0px 0px; padding: 0px; font-size: 34px; display: inline; line-height: 1.15; font-weight: 400; vertical-align: sub; text-align: left;\">微信支付</h1></li></ul><p><br/></p><p style=\"text-align: left;\"><span style=\"font-size: 16px;\">　　微信支付是集成在微信客户端的支付功能，用户可以通过手机完成快速的支付流程。微信支付以绑定银行卡的快捷支付为基础，向用户提供安全、快捷、高效的支付服务。</span></p><p style=\"text-align: left;\"><span style=\"font-size: 16px;\"><br/></span></p><p style=\"text-align: left;\"><span style=\"font-size: 16px;\">　　用户只需在微信中关联一张银行卡，并完成身份认证，即可将装有微信app的智能手机变成一个全能钱包，之后即可购买合作商户的商品及服务，用户在支付时只需在自己的智能手机上输入密码，无需任何刷卡步骤即可完成支付，整个过程简便流畅。</span></p><p style=\"text-align: left;\"><span style=\"font-size: 16px;\"><br/></span></p><p style=\"text-align: left;\"><span style=\"font-size: 16px;\">　　目前微信支付已实现刷卡支付、扫码支付、公众号支付、APP支付，并提供企业红包、代金券、立减优惠等营销新工具，满足用户及商户的不同支付场景。&nbsp;</span></p><p style=\"text-align: left;\"><span style=\"font-size: 16px;\"><br/></span></p><p style=\"text-align: left;\"><span style=\"font-size: 16px;\">　　微信支付支持以下银行发卡的贷记卡：深圳发展银行、宁波银行。此外，微信支付还支持以下银行的借记卡及信用卡：招商银行、建设银行、光大银行、中信银行、农业银行、广发银行、平安银行、兴业银行、民生银行。</span></p><p style=\"text-align: left;\"><span style=\"font-size: 22px;\"><br/></span></p><p style=\"text-align: left;\"><span style=\"font-size: 24px;\"><strong>用户绑卡教程</strong></span></p><p><br/></p><p><br/></p><p style=\"text-align: left;\"><span style=\"font-size: 18px;\">1、打开微信，进入到”我”选项，点击“钱包”；&nbsp;</span></p><p><br/></p><p style=\"text-align: left;\"><span style=\"font-size: 18px;\">2、进入到“钱包”选项后，点击右上角“银行卡”；</span></p><p><br/></p><p style=\"text-align: left;\"><span style=\"font-size: 18px;\">3、进入到“我的银行卡”选项后，点击“添加银行卡”可设置密码；</span></p><p><br/></p><p style=\"text-align: left;\"><span style=\"font-size: 18px;\">4、根据提示输入银行卡的持卡人姓名和卡号；</span></p><p style=\"text-align: left;\"><br/></p><p style=\"text-align: left;\"><span style=\"font-size: 18px;\">5、填写卡类型、手机号码，进行绑定；</span></p><p><br/></p><p style=\"text-align: left;\"><span style=\"font-size: 18px;\">6、手机会收到一条附带验证码的短信，填写后确认；</span></p><p><br/></p><p style=\"text-align: left;\"><span style=\"font-size: 18px;\">7、两次输入，完成设置支付密码，银行卡绑定成功。</span></p><p><br/></p><p><br/></p><p style=\"text-align: left;\"><span style=\"font-size: 20px;\"><br/></span><br/></p><p><br/></p>', '1469892284', '支付方式');
INSERT INTO `db_single` VALUES ('23', '积分支付', '<p><span style=\"font-size: 24px;\">积分支付</span><br/></p><p><br/></p><p><span style=\"font-size: 18px; font-family: 微软雅黑, &quot;Microsoft YaHei&quot;;\">积分支付是指您在本商城中，可以使用您拥有的积分直接进行购物。</span></p><p><span style=\"font-size: 18px; font-family: 微软雅黑, &quot;Microsoft YaHei&quot;;\">在本商城中，１积分＝１元人民币。努力去获取积分吧！</span></p><p><br/></p><p><span style=\"font-size: 18px; font-family: 微软雅黑, &quot;Microsoft YaHei&quot;;\">１.当您有足够的积分时，可以使用积分在商城中全额使用积分进行购物。</span></p><p><br/></p><p><span style=\"font-size: 18px; font-family: 微软雅黑, &quot;Microsoft YaHei&quot;;\">２.您也可以使用积分进行混合购物，例如：当一件商品价格为１００元时，你可以使用２０积分＋８０元人民币支付。</span></p><p><br/></p><p><span style=\"font-size: 18px; font-family: 微软雅黑, &quot;Microsoft YaHei&quot;;\">欢迎购物，祝您购物愉快！！！</span></p>', '1469892658', '支付方式');
INSERT INTO `db_single` VALUES ('24', '联系客服', '<p><strong><span style=\"font-size: 24px;\">联系客服</span></strong></p><p><span style=\"font-size: 20px;\"><br/></span></p><p><span style=\"font-size: 20px;\"><span style=\"color: rgb(34, 34, 34); font-family: &quot;Helvetica Neue&quot;, &quot;Hiragino Sans GB&quot;, &quot;Microsoft YaHei&quot;, 黑体, Arial, sans-serif; background-color: rgb(255, 255, 255);\">客服电话：021-52218886-8006</span><br style=\"color: rgb(34, 34, 34); font-family: &quot;Helvetica Neue&quot;, &quot;Hiragino Sans GB&quot;, &quot;Microsoft YaHei&quot;, 黑体, Arial, sans-serif; font-size: 14px; white-space: normal;\"/><span style=\"color: rgb(34, 34, 34); font-family: &quot;Helvetica Neue&quot;, &quot;Hiragino Sans GB&quot;, &quot;Microsoft YaHei&quot;, 黑体, Arial, sans-serif; background-color: rgb(255, 255, 255);\">客服电话：021-52218886-8008</span><br style=\"color: rgb(34, 34, 34); font-family: &quot;Helvetica Neue&quot;, &quot;Hiragino Sans GB&quot;, &quot;Microsoft YaHei&quot;, 黑体, Arial, sans-serif; font-size: 14px; white-space: normal;\"/><br style=\"color: rgb(34, 34, 34); font-family: &quot;Helvetica Neue&quot;, &quot;Hiragino Sans GB&quot;, &quot;Microsoft YaHei&quot;, 黑体, Arial, sans-serif; font-size: 14px; white-space: normal;\"/><span style=\"color: rgb(34, 34, 34); font-family: &quot;Helvetica Neue&quot;, &quot;Hiragino Sans GB&quot;, &quot;Microsoft YaHei&quot;, 黑体, Arial, sans-serif; background-color: rgb(255, 255, 255);\">办公时间：Mon - Fri : 9:00am - 6:00pm</span><br style=\"color: rgb(34, 34, 34); font-family: &quot;Helvetica Neue&quot;, &quot;Hiragino Sans GB&quot;, &quot;Microsoft YaHei&quot;, 黑体, Arial, sans-serif; font-size: 14px; white-space: normal;\"/><br/></span></p><p><span style=\"color: rgb(0, 0, 0); font-size: 20px;\"><span style=\"color: rgb(0, 0, 0); font-family: 宋体; letter-spacing: 0px; background-image: initial; background-position: initial; background-size: initial; background-repeat: initial; background-attachment: initial; background-origin: initial; background-clip: initial;\">商城客服QQ：</span><span style=\"color: rgb(0, 0, 0); font-family: Arial; letter-spacing: 0px; background-image: initial; background-position: initial; background-size: initial; background-repeat: initial; background-attachment: initial; background-origin: initial; background-clip: initial;\">3495964501</span></span></p><p><span style=\"color: rgb(0, 0, 0); font-size: 20px;\"><span style=\"color: rgb(0, 0, 0); font-family: 宋体; letter-spacing: 0px; background-image: initial; background-position: initial; background-size: initial; background-repeat: initial; background-attachment: initial; background-origin: initial; background-clip: initial;\"><br/></span></span></p><p><span style=\"color: rgb(0, 0, 0); font-size: 20px;\"><span style=\"color: rgb(0, 0, 0); font-family: 宋体; letter-spacing: 0px; background-image: initial; background-position: initial; background-size: initial; background-repeat: initial; background-attachment: initial; background-origin: initial; background-clip: initial;\">商城<span style=\"color: rgb(0, 0, 0); font-family: 宋体;\">客服QQ</span>：</span><span style=\"color: rgb(0, 0, 0); font-family: Arial; letter-spacing: 0px; background-image: initial; background-position: initial; background-size: initial; background-repeat: initial; background-attachment: initial; background-origin: initial; background-clip: initial;\">3187047846</span></span></p><p style=\"text-align: center;\"><span style=\"font-family:Arial, 宋体, Helvetica, sans-serif, Verdana\"><span style=\"font-size: 20px; background-color: rgb(255, 255, 255);\"></span></span><br/></p>', '1470303477', '客服中心');
INSERT INTO `db_single` VALUES ('25', '举报投拆', '<p style=\"white-space: normal;\"><span style=\"font-family: 宋体; font-size: 20px;\">如您有宝贵的建议和投诉，请拨打服务热线<span style=\"font-family: Arial, 宋体, Helvetica, sans-serif, Verdana; text-align: center;\">021-52218886-8006&nbsp;</span>，我们将尽快为您解决！</span></p><p style=\"white-space: normal;\"><br/></p>', '1470303549', '客服中心');
INSERT INTO `db_single` VALUES ('26', '服务中心', '<p style=\"margin-top: 0px; margin-bottom: 0px; padding: 0px; overflow: hidden; color: rgb(102, 102, 102); font-family: 微软雅黑; font-size: 13.3333px; white-space: normal; background-color: rgb(255, 255, 255);\"><span style=\"margin: 0px; padding: 0px; font-size: 20px;\">我们将竭诚为您服务，如有需要请随时联系服务热线：</span></p><p style=\"margin-top: 0px; margin-bottom: 0px; padding: 0px; overflow: hidden; color: rgb(102, 102, 102); font-family: 微软雅黑; font-size: 13.3333px; white-space: normal; background-color: rgb(255, 255, 255);\"><span style=\"margin: 0px; padding: 0px; font-size: 20px;\"><br/></span></p><p style=\"margin-top: 0px; margin-bottom: 0px; padding: 0px; overflow: hidden; color: rgb(102, 102, 102); font-family: 微软雅黑; font-size: 13.3333px; white-space: normal; background-color: rgb(255, 255, 255);\"><span style=\"margin: 0px; padding: 0px; font-size: 20px;\"><span helvetica=\"\" hiragino=\"\" sans=\"\" microsoft=\"\" background-color:=\"\" style=\"font-size: 20px; color: rgb(34, 34, 34);\">客服电话：021-52218886-8006</span><br helvetica=\"\" hiragino=\"\" sans=\"\" microsoft=\"\" font-size:=\"\" white-space:=\"\" style=\"font-size: 20px; white-space: normal; color: rgb(34, 34, 34);\"/><span helvetica=\"\" hiragino=\"\" sans=\"\" microsoft=\"\" background-color:=\"\" style=\"font-size: 20px; color: rgb(34, 34, 34);\">客服电话：021-52218886-8008</span><br helvetica=\"\" hiragino=\"\" sans=\"\" microsoft=\"\" font-size:=\"\" white-space:=\"\" style=\"font-size: 20px; white-space: normal; color: rgb(34, 34, 34);\"/><br helvetica=\"\" hiragino=\"\" sans=\"\" microsoft=\"\" font-size:=\"\" white-space:=\"\" style=\"font-size: 20px; white-space: normal; color: rgb(34, 34, 34);\"/><span helvetica=\"\" hiragino=\"\" sans=\"\" microsoft=\"\" background-color:=\"\" style=\"font-size: 20px; color: rgb(34, 34, 34);\">办公时间：Mon - Fri : 9:00am - 6:00pm</span></span></p><p style=\"margin-top: 0px; margin-bottom: 0px; padding: 0px; overflow: hidden; color: rgb(102, 102, 102); font-family: 微软雅黑; font-size: 13.3333px; white-space: normal; background-color: rgb(255, 255, 255);\"><br/></p><p style=\"margin-top: 0px; margin-bottom: 0px; padding: 0px; overflow: hidden; color: rgb(102, 102, 102); font-family: 微软雅黑; font-size: 13.3333px; white-space: normal; background-color: rgb(255, 255, 255); text-align: center;\"><span style=\"font-family:Arial, 宋体, Helvetica, sans-serif, Verdana;margin: 0px; padding: 0px;\"><span style=\"margin: 0px; padding: 0px; font-size: 20px;\"></span></span></p><p style=\"margin-top: 0px; margin-bottom: 0px; padding: 0px; overflow: hidden; color: rgb(102, 102, 102); font-family: 微软雅黑; font-size: 13.3333px; white-space: normal; background-color: rgb(255, 255, 255);\"><span style=\"margin: 0px; padding: 0px; color: rgb(0, 0, 0); font-size: 20px;\"><span style=\"margin: 0px; padding: 0px; font-family: 宋体; letter-spacing: 0px; background-image: initial; background-position: initial; background-size: initial; background-repeat: initial; background-attachment: initial; background-origin: initial; background-clip: initial;\"><br style=\"margin: 0px; padding: 0px;\"/></span></span></p><p style=\"margin-top: 0px; margin-bottom: 0px; padding: 0px; overflow: hidden; color: rgb(102, 102, 102); font-family: 微软雅黑; font-size: 13.3333px; white-space: normal; background-color: rgb(255, 255, 255);\"><span style=\"margin: 0px; padding: 0px; color: rgb(0, 0, 0); font-size: 20px;\"><span style=\"margin: 0px; padding: 0px; font-family: 宋体; letter-spacing: 0px; background-image: initial; background-position: initial; background-size: initial; background-repeat: initial; background-attachment: initial; background-origin: initial; background-clip: initial;\">商城客服QQ：</span><span style=\"margin: 0px; padding: 0px; font-family: Arial; letter-spacing: 0px; background-image: initial; background-position: initial; background-size: initial; background-repeat: initial; background-attachment: initial; background-origin: initial; background-clip: initial;\">3495964501</span></span></p><p style=\"margin-top: 0px; margin-bottom: 0px; padding: 0px; overflow: hidden; color: rgb(102, 102, 102); font-family: 微软雅黑; font-size: 13.3333px; white-space: normal; background-color: rgb(255, 255, 255);\"><span style=\"margin: 0px; padding: 0px; color: rgb(0, 0, 0); font-size: 20px;\"><span style=\"margin: 0px; padding: 0px; font-family: 宋体; letter-spacing: 0px; background-image: initial; background-position: initial; background-size: initial; background-repeat: initial; background-attachment: initial; background-origin: initial; background-clip: initial;\"><br style=\"margin: 0px; padding: 0px;\"/></span></span></p><p style=\"margin-top: 0px; margin-bottom: 0px; padding: 0px; overflow: hidden; color: rgb(102, 102, 102); font-family: 微软雅黑; font-size: 13.3333px; white-space: normal; background-color: rgb(255, 255, 255);\"><span style=\"margin: 0px; padding: 0px; color: rgb(0, 0, 0); font-size: 20px;\"><span style=\"margin: 0px; padding: 0px; font-family: 宋体; letter-spacing: 0px; background-image: initial; background-position: initial; background-size: initial; background-repeat: initial; background-attachment: initial; background-origin: initial; background-clip: initial;\">商城<span style=\"margin: 0px; padding: 0px;\">客服QQ</span>：</span><span style=\"margin: 0px; padding: 0px; font-family: Arial; letter-spacing: 0px; background-image: initial; background-position: initial; background-size: initial; background-repeat: initial; background-attachment: initial; background-origin: initial; background-clip: initial;\">3187047846</span></span></p><p><br/></p>', '1470303517', '客服中心');

-- ----------------------------
-- Table structure for `db_system_config`
-- ----------------------------
DROP TABLE IF EXISTS `db_system_config`;
CREATE TABLE `db_system_config` (
  `id` int(11) NOT NULL AUTO_INCREMENT,
  `config_value` varchar(300) DEFAULT NULL COMMENT '配置值',
  `class_id` int(11) DEFAULT NULL COMMENT '所属分类',
  `create_time` varchar(20) DEFAULT NULL,
  `update_time` varchar(20) DEFAULT NULL,
  PRIMARY KEY (`id`)
) ENGINE=InnoDB  DEFAULT CHARSET=utf8;

-- ----------------------------
-- Records of db_system_config
-- ----------------------------
-- ----------------------------
-- Table structure for `db_user`
-- ----------------------------
DROP TABLE IF EXISTS `db_user`;
CREATE TABLE `db_user` (
  `id` int(11) NOT NULL AUTO_INCREMENT,
  `mobile` varchar(11) DEFAULT NULL,
  `create_time` int(11) DEFAULT NULL,
  `status` tinyint(1) NOT NULL DEFAULT '1' COMMENT '账号状态   1正常   0禁用',
  `update_time` int(11) DEFAULT NULL,
  `openid` varchar(40) DEFAULT NULL,
  `huifei_sum` int(11) NOT NULL DEFAULT '0' COMMENT '会费金额',
  `password` varchar(40) DEFAULT NULL COMMENT '密码',
  `loginstatus` enum('0','1') DEFAULT '0',
  `uppastime` varchar(64) NOT NULL,
  `username` varchar(64) NOT NULL,
  `avater` varchar(600) NOT NULL,
  `birthday` date NOT NULL,
  `idcard` varchar(64) NOT NULL,
  `email` varchar(64) NOT NULL,
  `memberid` varchar(128) NOT NULL,
  `type` enum('1','2','3') NOT NULL DEFAULT '1' COMMENT '1普通  2会员 3合伙人',
  `nickname` varchar(30) DEFAULT NULL,
  `realname` varchar(20) DEFAULT NULL,
  `sex` varchar(4) DEFAULT NULL,
  `admin_id` int(8) unsigned DEFAULT NULL COMMENT '对应admin表中的id,游客的此字段为空',
  `account_balance` decimal(10,2) DEFAULT '0.00' COMMENT '账户余额',
  `integral` decimal(16,4) unsigned DEFAULT '0.0000' COMMENT '积分',
  `add_jf_currency` decimal(16,4) unsigned DEFAULT '0.0000' COMMENT 'B',
  `add_jf_limit` decimal(16,4) unsigned DEFAULT '0.0000' COMMENT 'A',
  PRIMARY KEY (`id`)
) ENGINE=InnoDB  DEFAULT CHARSET=utf8;

-- ----------------------------
-- Records of db_user
-- ----------------------------
INSERT INTO `db_user` VALUES ('10000000', '13000000000', '1462032000', '1', null, null, '0', '0192023a7bbd73250516f069df18b500', '0', '', '13000000000', '', '0000-00-00', '', '', '', '1', null, '默认收益账户', '男', '1', '0.00', '0.0000', '0.0000', '0.0000');
INSERT INTO `db_user` VALUES ('10000001', '18930155566', '1462032000', '1', null, null, '0', '0192023a7bbd73250516f069df18b500', '0', '', '18930155566', '', '0000-00-00', '', '', '', '1', null, '张锋', '男', '418', '0.00', '0.0000', '0.0000', '0.0000');
INSERT INTO `db_user` VALUES ('10000002', '18602109360', '1463932800', '1', null, null, '0', 'ad85bc1cb856259721580060e6c9fb08', '0', '', '18602109360', '', '0000-00-00', '', '', '', '1', null, '袁翠芳', '女', '419', '0.00', '0.0000', '0.0000', '0.0000');
INSERT INTO `db_user` VALUES ('10000003', '13916668423', '1464883200', '1', null, null, '0', 'b6a0a41d75ea74bdb97dcbff96655f9b', '0', '', '13916668423', '', '1976-02-15', '', '', '', '1', null, '吴卫华', '女', '420', '0.00', '6.0000', '6.0000', '0.0000');
INSERT INTO `db_user` VALUES ('10000004', '13788918390', '1463328000', '1', null, null, '0', '8896e980deb80f2f8d4e04872082822c', '0', '', '13788918390', '', '0000-00-00', '', '', '', '1', null, '蒋晓文', '男', '421', '0.00', '0.0000', '0.0000', '0.0000');
INSERT INTO `db_user` VALUES ('10000005', '13834909888', '1462896000', '1', null, null, '0', '359c0f8091c2012e63b25d3ad2bf2b12', '0', '', '靳凯', '', '0000-00-00', '', '', '', '1', null, '原新红', 'm', '422', '0.00', '0.0000', '0.0000', '0.0000');
INSERT INTO `db_user` VALUES ('10000006', '18901978881', '1462896000', '1', null, null, '0', '88f3bc0889c2559bf93766d7769b41cf', '0', '', '丁晓东', '', '1984-07-15', '', '', '', '1', null, '丁晓东', 'm', '423', '0.00', '0.0000', '0.0000', '0.0000');
INSERT INTO `db_user` VALUES ('10000007', '18621971527', '1463932800', '1', null, null, '0', '62948e50be727e59bf6e8d954bf18c26', '0', '', '18621971527', '', '0000-00-00', '', '', '', '1', null, '赵亮亮', '女', '424', '0.00', '0.0000', '0.0000', '0.0000');
INSERT INTO `db_user` VALUES ('10000008', '13601780707', '1462809600', '1', '1472442425', null, '0', '15dcdefe11e6f223728e85554c8df8c6', '0', '', '13601780707', '', '0000-00-00', '', '', '', '1', '', '毕可', '男', '425', '0.00', '14.0000', '14.0000', '0.0000');
INSERT INTO `db_user` VALUES ('10000009', '13807138465', '1464537600', '1', null, null, '0', 'f38dd1bee770a79eedb8717777fa9767', '0', '1471649200', '13807138465', '', '0000-00-00', '', '', '', '1', null, '方炎', '女', '426', '0.00', '0.0000', '0.0000', '0.0000');
INSERT INTO `db_user` VALUES ('10000010', '13554100797', '1463932800', '1', null, null, '0', '8dceab86f34951cd09c1d6a201b37ff8', '0', '', '13554100797', '', '0000-00-00', '', '', '', '1', null, '徐克非', '男', '427', '0.00', '0.0000', '0.0000', '0.0000');

-- ----------------------------
-- Table structure for `db_user_address`
-- ----------------------------
DROP TABLE IF EXISTS `db_user_address`;
CREATE TABLE `db_user_address` (
  `id` int(11) NOT NULL AUTO_INCREMENT,
  `realname` varchar(20) DEFAULT NULL,
  `mobile` varchar(11) DEFAULT NULL,
  `user_id` int(11) DEFAULT NULL,
  `create_time` int(11) DEFAULT NULL,
  `update_time` int(11) DEFAULT NULL,
  `prov` varchar(64) DEFAULT NULL COMMENT '省',
  `city` varchar(64) DEFAULT NULL COMMENT '市',
  `dist` varchar(64) DEFAULT NULL COMMENT '区，县',
  `address` varchar(100) DEFAULT NULL COMMENT '详细地址',
  `status` tinyint(4) NOT NULL DEFAULT '0' COMMENT '是否默认地址    默认 1   不默认 0',
  `zipcode` mediumint(9) DEFAULT NULL COMMENT '邮编',
  PRIMARY KEY (`id`),
  KEY `user_id` (`user_id`)
) ENGINE=InnoDB  DEFAULT CHARSET=utf8;

-- ----------------------------
-- Records of db_user_address
-- ----------------------------

-- ----------------------------
-- Table structure for `db_user_coupons`
-- ----------------------------
DROP TABLE IF EXISTS `db_user_coupons`;
CREATE TABLE `db_user_coupons` (
  `id` int(11) NOT NULL AUTO_INCREMENT,
  `mobile` varchar(11) DEFAULT NULL COMMENT '用户手机号',
  `begin_date` date DEFAULT NULL COMMENT '有效期开始日期',
  `end_date` date DEFAULT NULL COMMENT '有效期结束日期',
  `money_youhui` smallint(6) DEFAULT NULL COMMENT '优惠金额',
  `money_xianzhi` smallint(6) DEFAULT NULL COMMENT '使用条件',
  `create_time` int(11) DEFAULT NULL,
  `use_date` date DEFAULT NULL COMMENT '使用日期',
  `use_status` tinyint(1) NOT NULL DEFAULT '0' COMMENT '使用状态',
  `orders_id` int(11) DEFAULT NULL COMMENT '订单ID',
  PRIMARY KEY (`id`)
) ENGINE=InnoDB  DEFAULT CHARSET=utf8;

-- ----------------------------
-- Records of db_user_coupons
-- ----------------------------
INSERT INTO `db_user_coupons` VALUES ('9', null, null, null, null, null, '1468118798', null, '0', null);
INSERT INTO `db_user_coupons` VALUES ('12', '15920801926', '2016-07-11', '2016-07-17', '10', '50', '1468134596', null, '0', null);

-- ----------------------------
-- Table structure for `db_user_huifei`
-- ----------------------------
DROP TABLE IF EXISTS `db_user_huifei`;
CREATE TABLE `db_user_huifei` (
  `id` int(11) unsigned NOT NULL AUTO_INCREMENT,
  `user_id` int(11) DEFAULT NULL COMMENT '用户id',
  `hf_money` int(11) DEFAULT NULL COMMENT '会费金额',
  `orders_num` varchar(100) DEFAULT NULL COMMENT '订单号',
  `pay_status` tinyint(1) DEFAULT '0' COMMENT '支付状态 :0未支付 1：已支付',
  `pay_time` int(11) DEFAULT NULL COMMENT '支付时间',
  PRIMARY KEY (`id`)
) ENGINE=MyISAM AUTO_INCREMENT=1252 DEFAULT CHARSET=utf8;
-- ----------------------------
-- Table structure for `db_user_linkman`
-- ----------------------------
DROP TABLE IF EXISTS `db_user_linkman`;
CREATE TABLE `db_user_linkman` (
  `id` int(11) NOT NULL AUTO_INCREMENT,
  `realname` varchar(30) DEFAULT NULL COMMENT '真实姓名',
  `mobile` varchar(11) DEFAULT NULL COMMENT '联系人手机号',
  `update_time` int(11) DEFAULT NULL,
  `create_time` int(11) DEFAULT NULL COMMENT '证件类型',
  `idcard_type` varchar(10) DEFAULT NULL COMMENT '证件类型',
  `idcard_num` varchar(32) DEFAULT NULL COMMENT '证件号',
  `user_id` int(11) DEFAULT NULL,
  `sex` enum('w','m') DEFAULT NULL,
  `birthday` varchar(128) DEFAULT NULL,
  PRIMARY KEY (`id`)
) ENGINE=InnoDB AUTO_INCREMENT=12 DEFAULT CHARSET=utf8;

-- ----------------------------
-- Records of db_user_linkman
-- ----------------------------
INSERT INTO `db_user_linkman` VALUES ('8', '管大菊', '15961728214', null, null, null, null, '25', 'w', null);
INSERT INTO `db_user_linkman` VALUES ('9', '哈哈', '18715081482', null, null, null, null, '25', 'm', null);
INSERT INTO `db_user_linkman` VALUES ('10', '呵呵呵', '13654652566', null, null, null, '342401199209128582', '25', 'm', null);
INSERT INTO `db_user_linkman` VALUES ('11', '管管', '13634563211', null, null, null, '342401199209128584', '25', 'w', null);

-- ----------------------------
-- Table structure for `db_user_sms`
-- ----------------------------
DROP TABLE IF EXISTS `db_user_sms`;
CREATE TABLE `db_user_sms` (
  `id` int(11) NOT NULL AUTO_INCREMENT,
  `sms_code` int(7) DEFAULT NULL COMMENT '验证码',
  `create_time` int(11) DEFAULT NULL,
  `mobile` varchar(11) DEFAULT NULL COMMENT '发送的手机号',
  `send_result` text COMMENT '发送结果',
  PRIMARY KEY (`id`)
) ENGINE=InnoDB  DEFAULT CHARSET=utf8;

-- ----------------------------
-- Records of db_user_sms
-- ----------------------------

-- ----------------------------
-- Table structure for `vip_admin`
-- ----------------------------
DROP TABLE IF EXISTS `vip_admin`;
CREATE TABLE `vip_admin` (
  `id` smallint(5) unsigned NOT NULL AUTO_INCREMENT COMMENT '管理员ID',
  `account` varchar(32) DEFAULT NULL COMMENT '管理员账号',
  `password` varchar(36) DEFAULT NULL COMMENT '管理员密码',
  `login_time` int(11) DEFAULT NULL COMMENT '最后登录时间',
  `login_count` mediumint(8) NOT NULL COMMENT '登录次数',
  `status` tinyint(1) NOT NULL DEFAULT '1' COMMENT '账户状态，禁用为0   启用为1',
  `create_time` int(11) NOT NULL COMMENT '创建时间',
  PRIMARY KEY (`id`)
) ENGINE=InnoDB  DEFAULT CHARSET=utf8;

-- ----------------------------
-- Records of vip_admin
-- ----------------------------
INSERT INTO `vip_admin` VALUES ('1', 'admin', '0192023a7bbd73250516f069df18b500', '1477376351', '679', '1', '1462032000');

-- ----------------------------
-- Table structure for `vip_member`
-- ----------------------------
DROP TABLE IF EXISTS `vip_member`;
CREATE TABLE `vip_member` (
  `id` int(8) unsigned zerofill NOT NULL AUTO_INCREMENT COMMENT 'id',
  `grade_name` char(10) DEFAULT NULL COMMENT '会员等级名称',
  `user_id` int(10) unsigned DEFAULT NULL COMMENT '会员ID',
  `pid` int(11) DEFAULT NULL COMMENT '推荐人id',
  `path` text COMMENT '确认等级关系',
  `mobile` char(11) DEFAULT NULL COMMENT '手机号',
  `create_time` varchar(11) DEFAULT NULL COMMENT '创建时间',
  `status` smallint(1) DEFAULT '0' COMMENT '会员状态:1正常 0删除',
  `true_name` varchar(20) DEFAULT NULL COMMENT '真实姓名',
  `card_id` varchar(18) DEFAULT NULL COMMENT '身份证号码',
  `vip_end` varchar(10) DEFAULT '1451577600' COMMENT 'VIP到期时间',
  `bankid` varchar(25) DEFAULT NULL COMMENT '银行卡',
  `kaihuhang` varchar(25) DEFAULT NULL COMMENT '开户行',
  `addr` varchar(50) DEFAULT NULL COMMENT '联系地址',
  `zip_code` varchar(8) DEFAULT NULL COMMENT '邮编',
  `email` varchar(25) DEFAULT NULL COMMENT '邮箱',
  `sex` char(1) DEFAULT '1' COMMENT '性别(1:男 0:女)',
  `admin_id` int(11) DEFAULT NULL COMMENT 'admin表中对应的ID',
  PRIMARY KEY (`id`)
) ENGINE=InnoDB AUTO_INCREMENT=10001038 DEFAULT CHARSET=utf8;

-- ----------------------------
-- Records of vip_member
-- ----------------------------
INSERT INTO `vip_member` VALUES ('10000000', '合伙人', '10000000', '0', '10000000-', '13000000000', '1462032000', '1', '默认收益账户', '000000000000000000', '2145888000', '0000000000000000000', '工商银行', '上海省上海市闵行区', '000000', 'admin@zzumall.com', '1', '1');
INSERT INTO `vip_member` VALUES ('10000001', '合伙人', '10000001', '10000000', '10000000-10000001-', '18930155566', '1462032000', '1', '张锋', '310228197004275813', '1498495595', '6222001001109901786', '工商银行', '上海省上海市松江区 莘松路1288弄1270号1501室', '200000', '', '1', '418');
INSERT INTO `vip_member` VALUES ('10000002', '合伙人', '10000002', '10000001', '10000000-10000001-10000002-', '18602109360', '1463932800', '1', '袁翠芳', '310225196708270021', '1498495649', '6222081001006983278', '工商银行', '省市 上海省上海市浦东新区 惠南镇荡湾新村14-33-201', '', '', '0', '419');
INSERT INTO `vip_member` VALUES ('10000003', '合伙人', '10000003', '10000002', '10000000-10000001-10000002-10000003-', '13916668423', '1464883200', '1', '吴卫华', '310225197602150026', '1498495705', '9558801001170217878', '工商银行', '省市 上海省上海市浦东新区 惠南镇桃源一村8栋20号门102室', '', '', '0', '420');
INSERT INTO `vip_member` VALUES ('10000004', '合伙人', '10000004', '10000001', '10000000-10000001-10000004-', '13788918390', '1463328000', '1', '蒋晓文', '310228196610165011', '1498527784', '6225882124348779', '招商银行', '省市 上海省上海市闵行区 莲花路425弄63号102室', '', '', '1', '421');
INSERT INTO `vip_member` VALUES ('10000005', '合伙人', '10000005', '10000001', '10000000-10000001-10000005-', '13834909888', '1462896000', '1', '靳凯', '140522196809180047', '1498527917', '6212260200097252064', '工商银行', '省市 北京省北京市海淀区 上地东里六区11号楼4单元502室', '', '', '1', '422');
INSERT INTO `vip_member` VALUES ('10000006', '合伙人', '10000006', '10000001', '10000000-10000001-10000006-', '18901978881', '1462896000', '1', '丁晓东', '310228198407150614', '1498527948', '6228480038608641270', '农业银行', '省市 上海省上海市金山区 张堰镇甪里村14组5032号', '201514', '125382226@qq.com', '1', '423');
INSERT INTO `vip_member` VALUES ('10000007', '合伙人', '10000007', '10000001', '10000000-10000001-10000007-', '18621971527', '1463932800', '1', '赵亮亮', '230822198308015729', '1498527980', '6226091211396605', '招商银行', '省市 上海省上海市浦东新区 锦绣路3088弄117号802室', '', '', '0', '424');
INSERT INTO `vip_member` VALUES ('10000008', '合伙人', '10000008', '10000001', '10000000-10000001-10000008-', '13601780707', '1462809600', '1', '毕可', '310108197506272013', '1498528014', '6225160101422382', '浦发银行', '省市 上海省上海市松江区 莘松路1288弄106号301室', '', '', '1', '425');
INSERT INTO `vip_member` VALUES ('10000009', '合伙人', '10000009', '10000001', '10000000-10000001-10000009-', '13807138465', '1464537600', '1', '方炎', '420104197408123620', '1498528048', '6212263202000299221', '工商银行', '省市 湖北省武汉市江汉区 常青一路157号红旗公寓物管处', '', '', '0', '426');
INSERT INTO `vip_member` VALUES ('10000010', '合伙人', '10000010', '10000001', '10000000-10000001-10000010-', '13554100797', '1463932800', '1', '徐克非', '420102195810180656', '1498528150', '6226090270025063', '招商银行', '省市 上海省上海市闵行区 绍虹路99号虹桥天地5号楼10层', '', '', '1', '427');



